image,ball_found,confidence,x1,y1,x2,y2,review_recommended,skipped_non_gameplay
Header/h1/Header_h1_f000000_t0.000.jpg,False,0.0,,,,,False,False
Header/h1/Header_h1_f000006_t0.100.jpg,False,0.0,,,,,False,False
Header/h1/Header_h1_f000012_t0.200.jpg,False,0.0,,,,,False,False
Header/h1/Header_h1_f000018_t0.300.jpg,False,0.0,,,,,False,False
Header/h1/Header_h1_f000024_t0.400.jpg,False,0.0,,,,,False,False
Header/h1/Header_h1_f000030_t0.500.jpg,False,0.0,,,,,False,False
Header/h1/Header_h1_f000036_t0.600.jpg,False,0.0,,,,,False,False
Header/h1/Header_h1_f000042_t0.700.jpg,True,0.4166,926.3,16.9,966.4,55.7,False,False
Header/h1/Header_h1_f000048_t0.800.jpg,True,0.2948,932.1,33.8,971.6,72.2,False,False
Header/h1/Header_h1_f000054_t0.900.jpg,False,0.2392,941.2,51.7,979.0,90.4,True,False
Header/h1/Header_h1_f000060_t1.000.jpg,True,0.5435,951.3,66.7,991.0,107.5,False,False
Header/h1/Header_h1_f000066_t1.100.jpg,False,0.2285,963.2,81.8,1003.8,123.4,True,False
Header/h1/Header_h1_f000072_t1.200.jpg,True,0.3009,976.0,92.5,1019.0,130.7,False,False
Header/h1/Header_h1_f000078_t1.300.jpg,True,0.4294,990.0,99.5,1031.6,142.1,False,False
Header/h1/Header_h1_f000084_t1.400.jpg,True,0.2558,1002.3,105.4,1046.3,146.3,False,False
Header/h1/Header_h1_f000090_t1.500.jpg,False,0.2068,1013.4,110.2,1058.2,153.5,True,False
Header/h1/Header_h1_f000096_t1.600.jpg,True,0.364,1023.3,116.0,1069.0,159.7,False,False
Header/h1/Header_h1_f000102_t1.700.jpg,False,0.0,,,,,False,False
Header/h1/Header_h1_f000108_t1.800.jpg,True,0.4914,1036.8,134.7,1082.6,179.9,False,False
Header/h1/Header_h1_f000114_t1.900.jpg,True,0.3233,1039.1,148.2,1084.8,192.8,False,False
Header/h1/Header_h1_f000120_t2.000.jpg,True,0.3865,1040.1,162.7,1085.4,206.9,False,False
Header/h1/Header_h1_f000126_t2.100.jpg,False,0.1326,1039.1,180.8,1085.1,227.6,True,False
Header/h1/Header_h1_f000132_t2.200.jpg,False,0.1724,1036.6,202.3,1082.5,248.4,True,False
Header/h1/Header_h1_f000138_t2.300.jpg,False,0.0,,,,,False,False
Header/h1/Header_h1_f000144_t2.400.jpg,False,0.0,,,,,False,False
Header/h1/Header_h1_f000150_t2.500.jpg,False,0.0,,,,,False,False
Header/h1/Header_h1_f000156_t2.600.jpg,True,0.7501,1025.1,319.2,1077.8,374.1,False,False
Header/h1/Header_h1_f000162_t2.700.jpg,False,0.0,,,,,False,False
Header/h1/Header_h1_f000168_t2.800.jpg,False,0.0,,,,,False,False
Header/h1/Header_h1_f000174_t2.900.jpg,False,0.0,,,,,False,False
Header/h1/Header_h1_f000180_t3.000.jpg,False,0.0,,,,,False,False
Header/h1/Header_h1_f000186_t3.100.jpg,False,0.0,,,,,False,False
Header/h1/Header_h1_f000192_t3.200.jpg,False,0.0,,,,,False,False
Header/h1/Header_h1_f000198_t3.300.jpg,False,0.0,,,,,False,False
Header/h1/Header_h1_f000204_t3.400.jpg,False,0.2234,946.3,576.5,1011.8,641.4,True,False
Header/h1/Header_h1_f000210_t3.500.jpg,False,0.2489,939.5,617.9,1006.6,688.4,True,False
Header/h1/Header_h1_f000216_t3.600.jpg,True,0.521,927.6,669.5,996.0,740.3,False,False
Header/h1/Header_h1_f000222_t3.700.jpg,True,0.6361,916.0,720.9,987.4,797.8,False,False
Header/h1/Header_h1_f000228_t3.800.jpg,False,0.0,,,,,False,False
Header/h1/Header_h1_f000234_t3.900.jpg,False,0.0,,,,,False,False
Header/h1/Header_h1_f000240_t4.000.jpg,False,0.0,,,,,False,False
Header/h1/Header_h1_f000246_t4.100.jpg,True,0.8253,1209.9,922.2,1302.8,1006.2,False,False
Header/h1/Header_h1_f000252_t4.200.jpg,True,0.8562,1337.1,967.9,1435.5,1053.3,False,False
Header/h1/Header_h1_f000258_t4.300.jpg,True,0.7962,1463.4,1011.4,1558.0,1080.0,False,False
Header/h1/Header_h1_f000264_t4.400.jpg,False,0.0,,,,,False,False
Header/h1/Header_h1_f000270_t4.500.jpg,False,0.2472,1675.4,1041.3,1759.9,1080.0,True,False
Header/h1/Header_h1_f000276_t4.600.jpg,True,0.8775,1731.1,937.2,1822.0,1027.9,False,False
Header/h1/Header_h1_f000282_t4.700.jpg,True,0.8742,1777.7,833.3,1870.2,927.9,False,False
Header/h1/Header_h1_f000288_t4.800.jpg,True,0.7982,1815.7,732.9,1897.1,827.9,False,False
Header/h1/Header_h1_f000294_t4.900.jpg,False,0.0,,,,,False,False
Header/h10/Header_h10_f000000_t0.000.jpg,True,0.9081,694.2,788.1,792.1,880.8,False,False
Header/h10/Header_h10_f000006_t0.100.jpg,True,0.8936,732.3,787.3,830.4,883.7,False,False
Header/h10/Header_h10_f000012_t0.200.jpg,True,0.9106,752.2,791.1,849.0,886.2,False,False
Header/h10/Header_h10_f000018_t0.300.jpg,True,0.8848,761.8,785.1,859.1,879.7,False,False
Header/h10/Header_h10_f000024_t0.400.jpg,True,0.8578,787.4,781.9,874.7,861.5,False,False
Header/h10/Header_h10_f000030_t0.500.jpg,False,0.0,,,,,False,False
Header/h10/Header_h10_f000036_t0.600.jpg,True,0.5536,708.8,568.9,780.6,683.6,False,False
Header/h10/Header_h10_f000042_t0.700.jpg,False,0.0,,,,,False,False
Header/h10/Header_h10_f000048_t0.800.jpg,False,0.0,,,,,False,False
Header/h10/Header_h10_f000054_t0.900.jpg,False,0.0,,,,,False,False
Header/h10/Header_h10_f000060_t1.000.jpg,False,0.0,,,,,False,False
Header/h10/Header_h10_f000066_t1.100.jpg,False,0.0,,,,,False,False
Header/h10/Header_h10_f000072_t1.200.jpg,False,0.0,,,,,False,False
Header/h10/Header_h10_f000078_t1.300.jpg,False,0.0,,,,,False,False
Header/h10/Header_h10_f000084_t1.400.jpg,False,0.0,,,,,False,False
Header/h10/Header_h10_f000090_t1.500.jpg,False,0.0,,,,,False,False
Header/h10/Header_h10_f000096_t1.600.jpg,False,0.0,,,,,False,False
Header/h10/Header_h10_f000102_t1.700.jpg,False,0.0,,,,,False,False
Header/h10/Header_h10_f000108_t1.800.jpg,False,0.0,,,,,False,False
Header/h10/Header_h10_f000114_t1.900.jpg,False,0.0,,,,,False,False
Header/h10/Header_h10_f000120_t2.000.jpg,False,0.0,,,,,False,False
Header/h10/Header_h10_f000126_t2.100.jpg,False,0.0,,,,,False,False
Header/h10/Header_h10_f000132_t2.200.jpg,False,0.0,,,,,False,False
Header/h10/Header_h10_f000138_t2.300.jpg,False,0.0,,,,,False,False
Header/h10/Header_h10_f000144_t2.400.jpg,True,0.3115,1797.4,264.4,1828.3,290.6,False,False
Header/h10/Header_h10_f000150_t2.500.jpg,False,0.0,,,,,False,False
Header/h10/Header_h10_f000156_t2.600.jpg,False,0.0,,,,,False,False
Header/h10/Header_h10_f000162_t2.700.jpg,False,0.0,,,,,False,False
Header/h10/Header_h10_f000168_t2.800.jpg,False,0.1988,700.0,199.2,735.2,256.0,True,False
Header/h10/Header_h10_f000174_t2.900.jpg,True,0.3741,664.3,190.3,699.7,235.0,False,False
Header/h10/Header_h10_f000180_t3.000.jpg,True,0.3182,1722.1,216.6,1754.1,243.7,False,False
Header/h10/Header_h10_f000186_t3.100.jpg,False,0.0,,,,,False,False
Header/h10/Header_h10_f000192_t3.200.jpg,False,0.1973,1319.4,192.8,1349.1,221.9,True,False
Header/h10/Header_h10_f000198_t3.300.jpg,False,0.2443,1138.5,274.7,1160.5,295.7,True,False
Header/h10/Header_h10_f000204_t3.400.jpg,False,0.2047,1107.6,229.9,1129.2,251.1,True,False
Header/h10/Header_h10_f000210_t3.500.jpg,False,0.1908,523.7,155.2,556.5,182.8,True,False
Header/h10/Header_h10_f000216_t3.600.jpg,False,0.134,525.7,147.6,559.5,179.8,True,False
Header/h10/Header_h10_f000222_t3.700.jpg,True,0.3961,524.0,137.2,559.5,167.7,False,False
Header/h10/Header_h10_f000228_t3.800.jpg,False,0.0,,,,,False,False
Header/h10/Header_h10_f000234_t3.900.jpg,False,0.0,,,,,False,False
Header/h10/Header_h10_f000240_t4.000.jpg,False,0.1963,499.6,118.6,534.8,151.0,True,False
Header/h10/Header_h10_f000246_t4.100.jpg,False,0.1605,495.6,110.7,533.0,145.9,True,False
Header/h10/Header_h10_f000252_t4.200.jpg,False,0.1985,492.7,109.3,530.0,143.4,True,False
Header/h10/Header_h10_f000258_t4.300.jpg,False,0.1089,491.2,104.6,529.7,142.4,True,False
Header/h10/Header_h10_f000264_t4.400.jpg,False,0.1209,1327.4,586.5,1343.9,609.9,True,False
Header/h10/Header_h10_f000270_t4.500.jpg,False,0.0,,,,,False,False
Header/h10/Header_h10_f000276_t4.600.jpg,False,0.0,,,,,False,False
Header/h10/Header_h10_f000282_t4.700.jpg,False,0.1196,499.6,98.9,539.3,129.7,True,False
Header/h10/Header_h10_f000288_t4.800.jpg,False,0.0,,,,,False,False
Header/h10/Header_h10_f000294_t4.900.jpg,False,0.2036,503.5,98.3,541.3,129.6,True,False
Header/h10/Header_h10_f000300_t5.000.jpg,False,0.2289,792.4,387.4,814.7,413.7,True,False
Header/h100/Header_h100_f000000_t0.000.jpg,True,0.8993,1067.0,898.3,1190.8,1009.5,False,False
Header/h100/Header_h100_f000006_t0.100.jpg,True,0.9174,1107.5,896.0,1231.3,1006.1,False,False
Header/h100/Header_h100_f000012_t0.200.jpg,True,0.9136,1133.3,897.9,1254.1,1007.8,False,False
Header/h100/Header_h100_f000018_t0.300.jpg,True,0.7833,1137.0,880.7,1261.9,1007.5,False,False
Header/h100/Header_h100_f000024_t0.400.jpg,True,0.9135,1150.1,895.8,1272.9,1006.4,False,False
Header/h100/Header_h100_f000030_t0.500.jpg,True,0.8484,1185.4,897.1,1307.4,1005.7,False,False
Header/h100/Header_h100_f000036_t0.600.jpg,False,0.0,,,,,False,False
Header/h100/Header_h100_f000042_t0.700.jpg,True,0.3317,824.5,872.2,863.1,903.7,False,False
Header/h100/Header_h100_f000048_t0.800.jpg,False,0.0,,,,,False,False
Header/h100/Header_h100_f000054_t0.900.jpg,False,0.0,,,,,False,False
Header/h100/Header_h100_f000060_t1.000.jpg,False,0.0,,,,,False,False
Header/h100/Header_h100_f000066_t1.100.jpg,False,0.0,,,,,False,False
Header/h100/Header_h100_f000072_t1.200.jpg,False,0.0,,,,,False,False
Header/h100/Header_h100_f000078_t1.300.jpg,False,0.0,,,,,False,False
Header/h100/Header_h100_f000084_t1.400.jpg,False,0.0,,,,,False,False
Header/h100/Header_h100_f000090_t1.500.jpg,False,0.0,,,,,False,False
Header/h100/Header_h100_f000096_t1.600.jpg,False,0.0,,,,,False,False
Header/h100/Header_h100_f000102_t1.700.jpg,False,0.0,,,,,False,False
Header/h100/Header_h100_f000108_t1.800.jpg,False,0.0,,,,,False,False
Header/h100/Header_h100_f000114_t1.900.jpg,False,0.0,,,,,False,False
Header/h100/Header_h100_f000120_t2.000.jpg,False,0.0,,,,,False,False
Header/h100/Header_h100_f000126_t2.100.jpg,False,0.0,,,,,False,False
Header/h100/Header_h100_f000132_t2.200.jpg,False,0.0,,,,,False,False
Header/h100/Header_h100_f000138_t2.300.jpg,False,0.0,,,,,False,False
Header/h100/Header_h100_f000144_t2.400.jpg,False,0.0,,,,,False,False
Header/h100/Header_h100_f000150_t2.500.jpg,False,0.0,,,,,False,False
Header/h100/Header_h100_f000156_t2.600.jpg,False,0.0,,,,,False,False
Header/h100/Header_h100_f000162_t2.700.jpg,False,0.0,,,,,False,False
Header/h100/Header_h100_f000168_t2.800.jpg,False,0.0,,,,,False,False
Header/h100/Header_h100_f000174_t2.900.jpg,False,0.0,,,,,False,False
Header/h100/Header_h100_f000180_t3.000.jpg,False,0.0,,,,,False,False
Header/h100/Header_h100_f000186_t3.100.jpg,False,0.0,,,,,False,False
Header/h100/Header_h100_f000192_t3.200.jpg,False,0.0,,,,,False,False
Header/h100/Header_h100_f000198_t3.300.jpg,False,0.0,,,,,False,False
Header/h100/Header_h100_f000204_t3.400.jpg,False,0.0,,,,,False,False
Header/h100/Header_h100_f000210_t3.500.jpg,False,0.0,,,,,False,False
Header/h100/Header_h100_f000216_t3.600.jpg,False,0.0,,,,,False,False
Header/h100/Header_h100_f000222_t3.700.jpg,False,0.0,,,,,False,False
Header/h100/Header_h100_f000228_t3.800.jpg,False,0.0,,,,,False,False
Header/h100/Header_h100_f000234_t3.900.jpg,False,0.0,,,,,False,False
Header/h100/Header_h100_f000240_t4.000.jpg,False,0.0,,,,,False,False
Header/h100/Header_h100_f000246_t4.100.jpg,False,0.0,,,,,False,False
Header/h100/Header_h100_f000252_t4.200.jpg,False,0.1376,988.3,403.3,1002.3,415.7,True,False
Header/h100/Header_h100_f000258_t4.300.jpg,False,0.0,,,,,False,False
Header/h100/Header_h100_f000264_t4.400.jpg,False,0.0,,,,,False,False
Header/h100/Header_h100_f000270_t4.500.jpg,False,0.0,,,,,False,False
Header/h100/Header_h100_f000276_t4.600.jpg,False,0.0,,,,,False,False
Header/h100/Header_h100_f000282_t4.700.jpg,False,0.0,,,,,False,False
Header/h100/Header_h100_f000288_t4.800.jpg,False,0.0,,,,,False,False
Header/h100/Header_h100_f000294_t4.900.jpg,False,0.0,,,,,False,False
Header/h100/Header_h100_f000300_t5.000.jpg,False,0.0,,,,,False,False
Header/h100/Header_h100_f000306_t5.100.jpg,False,0.0,,,,,False,False
Header/h100/Header_h100_f000312_t5.200.jpg,False,0.0,,,,,False,False
Header/h100/Header_h100_f000318_t5.300.jpg,False,0.0,,,,,False,False
Header/h100/Header_h100_f000324_t5.400.jpg,False,0.0,,,,,False,False
Header/h100/Header_h100_f000330_t5.500.jpg,False,0.0,,,,,False,False
Header/h100/Header_h100_f000336_t5.600.jpg,False,0.0,,,,,False,False
Header/h100/Header_h100_f000342_t5.700.jpg,False,0.0,,,,,False,False
Header/h100/Header_h100_f000348_t5.800.jpg,False,0.0,,,,,False,False
Header/h100/Header_h100_f000354_t5.900.jpg,False,0.0,,,,,False,False
Header/h100/Header_h100_f000360_t6.000.jpg,False,0.0,,,,,False,False
Header/h101/Header_h101_f000000_t0.000.jpg,False,0.0,,,,,False,True
Header/h101/Header_h101_f000006_t0.100.jpg,False,0.0,,,,,False,True
Header/h101/Header_h101_f000012_t0.200.jpg,False,0.0,,,,,False,True
Header/h101/Header_h101_f000018_t0.300.jpg,False,0.0,,,,,False,True
Header/h101/Header_h101_f000024_t0.400.jpg,False,0.0,,,,,False,True
Header/h101/Header_h101_f000030_t0.500.jpg,False,0.0,,,,,False,True
Header/h101/Header_h101_f000036_t0.600.jpg,False,0.0,,,,,False,False
Header/h101/Header_h101_f000042_t0.700.jpg,False,0.0,,,,,False,False
Header/h101/Header_h101_f000048_t0.800.jpg,False,0.0,,,,,False,False
Header/h101/Header_h101_f000054_t0.900.jpg,False,0.0,,,,,False,False
Header/h101/Header_h101_f000060_t1.000.jpg,False,0.0,,,,,False,False
Header/h101/Header_h101_f000066_t1.100.jpg,False,0.0,,,,,False,False
Header/h101/Header_h101_f000072_t1.200.jpg,False,0.0,,,,,False,False
Header/h101/Header_h101_f000078_t1.300.jpg,False,0.0,,,,,False,False
Header/h101/Header_h101_f000084_t1.400.jpg,False,0.0,,,,,False,False
Header/h101/Header_h101_f000090_t1.500.jpg,False,0.0,,,,,False,False
Header/h101/Header_h101_f000096_t1.600.jpg,False,0.2462,1046.2,188.4,1075.8,215.1,True,False
Header/h101/Header_h101_f000102_t1.700.jpg,False,0.0,,,,,False,False
Header/h101/Header_h101_f000108_t1.800.jpg,False,0.0,,,,,False,False
Header/h101/Header_h101_f000114_t1.900.jpg,False,0.0,,,,,False,False
Header/h101/Header_h101_f000120_t2.000.jpg,False,0.0,,,,,False,False
Header/h101/Header_h101_f000126_t2.100.jpg,False,0.0,,,,,False,False
Header/h101/Header_h101_f000132_t2.200.jpg,False,0.0,,,,,False,False
Header/h101/Header_h101_f000138_t2.300.jpg,False,0.0,,,,,False,False
Header/h101/Header_h101_f000144_t2.400.jpg,True,0.3373,1413.9,657.6,1441.4,686.8,False,False
Header/h101/Header_h101_f000150_t2.500.jpg,False,0.0,,,,,False,False
Header/h101/Header_h101_f000156_t2.600.jpg,False,0.0,,,,,False,False
Header/h101/Header_h101_f000162_t2.700.jpg,False,0.0,,,,,False,False
Header/h101/Header_h101_f000168_t2.800.jpg,False,0.0,,,,,False,False
Header/h101/Header_h101_f000174_t2.900.jpg,False,0.0,,,,,False,False
Header/h101/Header_h101_f000180_t3.000.jpg,False,0.0,,,,,False,False
Header/h101/Header_h101_f000186_t3.100.jpg,False,0.0,,,,,False,False
Header/h101/Header_h101_f000192_t3.200.jpg,False,0.0,,,,,False,False
Header/h101/Header_h101_f000198_t3.300.jpg,False,0.0,,,,,False,False
Header/h101/Header_h101_f000204_t3.400.jpg,False,0.0,,,,,False,False
Header/h101/Header_h101_f000210_t3.500.jpg,False,0.0,,,,,False,False
Header/h101/Header_h101_f000216_t3.600.jpg,False,0.0,,,,,False,False
Header/h101/Header_h101_f000222_t3.700.jpg,False,0.0,,,,,False,False
Header/h101/Header_h101_f000228_t3.800.jpg,False,0.0,,,,,False,False
Header/h101/Header_h101_f000234_t3.900.jpg,False,0.0,,,,,False,False
Header/h101/Header_h101_f000240_t4.000.jpg,False,0.0,,,,,False,False
Header/h102/Header_h102_f000000_t0.000.jpg,False,0.1543,870.0,72.3,1001.7,168.5,True,False
Header/h102/Header_h102_f000006_t0.100.jpg,True,0.2598,871.2,53.8,1008.0,142.6,False,False
Header/h102/Header_h102_f000012_t0.200.jpg,True,0.5908,844.1,35.7,1005.2,186.4,False,False
Header/h102/Header_h102_f000018_t0.300.jpg,False,0.0,,,,,False,False
Header/h102/Header_h102_f000024_t0.400.jpg,False,0.0,,,,,False,False
Header/h102/Header_h102_f000030_t0.500.jpg,False,0.0,,,,,False,False
Header/h102/Header_h102_f000036_t0.600.jpg,False,0.0,,,,,False,False
Header/h102/Header_h102_f000042_t0.700.jpg,False,0.0,,,,,False,False
Header/h102/Header_h102_f000048_t0.800.jpg,False,0.0,,,,,False,False
Header/h102/Header_h102_f000054_t0.900.jpg,False,0.0,,,,,False,False
Header/h102/Header_h102_f000060_t1.000.jpg,False,0.0,,,,,False,False
Header/h102/Header_h102_f000066_t1.100.jpg,False,0.0,,,,,False,False
Header/h102/Header_h102_f000072_t1.200.jpg,False,0.0,,,,,False,False
Header/h102/Header_h102_f000078_t1.300.jpg,False,0.0,,,,,False,False
Header/h102/Header_h102_f000084_t1.400.jpg,False,0.0,,,,,False,False
Header/h102/Header_h102_f000090_t1.500.jpg,False,0.0,,,,,False,False
Header/h102/Header_h102_f000096_t1.600.jpg,False,0.0,,,,,False,False
Header/h102/Header_h102_f000102_t1.700.jpg,False,0.0,,,,,False,False
Header/h102/Header_h102_f000108_t1.800.jpg,False,0.0,,,,,False,False
Header/h102/Header_h102_f000114_t1.900.jpg,False,0.0,,,,,False,False
Header/h102/Header_h102_f000120_t2.000.jpg,False,0.0,,,,,False,False
Header/h102/Header_h102_f000126_t2.100.jpg,False,0.0,,,,,False,False
Header/h102/Header_h102_f000132_t2.200.jpg,False,0.0,,,,,False,False
Header/h102/Header_h102_f000138_t2.300.jpg,False,0.1849,1358.3,551.6,1377.1,565.6,True,False
Header/h102/Header_h102_f000144_t2.400.jpg,False,0.0,,,,,False,False
Header/h102/Header_h102_f000150_t2.500.jpg,True,0.3325,1482.7,566.3,1504.8,580.2,False,False
Header/h102/Header_h102_f000156_t2.600.jpg,False,0.0,,,,,False,False
Header/h102/Header_h102_f000162_t2.700.jpg,False,0.2262,1874.4,439.4,1898.5,460.6,True,False
Header/h102/Header_h102_f000168_t2.800.jpg,False,0.1583,1829.0,434.1,1853.1,457.9,True,False
Header/h102/Header_h102_f000174_t2.900.jpg,False,0.0,,,,,False,False
Header/h102/Header_h102_f000180_t3.000.jpg,False,0.0,,,,,False,False
Header/h102/Header_h102_f000186_t3.100.jpg,False,0.0,,,,,False,False
Header/h102/Header_h102_f000192_t3.200.jpg,False,0.0,,,,,False,False
Header/h102/Header_h102_f000198_t3.300.jpg,True,0.2554,1606.4,618.0,1625.8,634.9,False,False
Header/h102/Header_h102_f000204_t3.400.jpg,False,0.0,,,,,False,False
Header/h102/Header_h102_f000210_t3.500.jpg,False,0.0,,,,,False,False
Header/h102/Header_h102_f000216_t3.600.jpg,False,0.0,,,,,False,False
Header/h102/Header_h102_f000222_t3.700.jpg,False,0.0,,,,,False,False
Header/h102/Header_h102_f000228_t3.800.jpg,False,0.0,,,,,False,False
Header/h102/Header_h102_f000234_t3.900.jpg,False,0.0,,,,,False,False
Header/h102/Header_h102_f000240_t4.000.jpg,False,0.0,,,,,False,False
Header/h103/Header_h103_f000000_t0.000.jpg,False,0.0,,,,,False,False
Header/h103/Header_h103_f000006_t0.100.jpg,False,0.0,,,,,False,False
Header/h103/Header_h103_f000012_t0.200.jpg,False,0.0,,,,,False,False
Header/h103/Header_h103_f000018_t0.300.jpg,False,0.0,,,,,False,False
Header/h103/Header_h103_f000024_t0.400.jpg,False,0.0,,,,,False,False
Header/h103/Header_h103_f000030_t0.500.jpg,False,0.0,,,,,False,False
Header/h103/Header_h103_f000036_t0.600.jpg,False,0.0,,,,,False,False
Header/h103/Header_h103_f000042_t0.700.jpg,False,0.0,,,,,False,False
Header/h103/Header_h103_f000048_t0.800.jpg,False,0.0,,,,,False,False
Header/h103/Header_h103_f000054_t0.900.jpg,False,0.0,,,,,False,False
Header/h103/Header_h103_f000060_t1.000.jpg,False,0.1393,865.7,350.8,881.6,371.3,True,False
Header/h103/Header_h103_f000066_t1.100.jpg,False,0.1477,886.0,349.4,902.2,369.9,True,False
Header/h103/Header_h103_f000072_t1.200.jpg,False,0.173,910.6,345.9,926.7,366.8,True,False
Header/h103/Header_h103_f000078_t1.300.jpg,False,0.0,,,,,False,False
Header/h103/Header_h103_f000084_t1.400.jpg,False,0.0,,,,,False,False
Header/h103/Header_h103_f000090_t1.500.jpg,False,0.2088,1006.9,326.5,1025.0,346.8,True,False
Header/h103/Header_h103_f000096_t1.600.jpg,False,0.0,,,,,False,False
Header/h103/Header_h103_f000102_t1.700.jpg,False,0.0,,,,,False,False
Header/h103/Header_h103_f000108_t1.800.jpg,False,0.0,,,,,False,False
Header/h103/Header_h103_f000114_t1.900.jpg,False,0.1716,1635.1,426.3,1659.9,449.9,True,False
Header/h103/Header_h103_f000120_t2.000.jpg,False,0.0,,,,,False,False
Header/h103/Header_h103_f000126_t2.100.jpg,False,0.1005,1262.3,262.1,1284.4,287.2,True,False
Header/h103/Header_h103_f000132_t2.200.jpg,False,0.2304,1302.1,249.6,1325.6,274.5,True,False
Header/h103/Header_h103_f000138_t2.300.jpg,True,0.5267,734.3,553.7,754.8,567.4,False,False
Header/h103/Header_h103_f000144_t2.400.jpg,False,0.0,,,,,False,False
Header/h103/Header_h103_f000150_t2.500.jpg,False,0.1705,1893.0,257.2,1919.2,285.8,True,False
Header/h103/Header_h103_f000156_t2.600.jpg,False,0.0,,,,,False,False
Header/h103/Header_h103_f000162_t2.700.jpg,False,0.0,,,,,False,False
Header/h103/Header_h103_f000168_t2.800.jpg,False,0.0,,,,,False,False
Header/h103/Header_h103_f000174_t2.900.jpg,False,0.0,,,,,False,False
Header/h103/Header_h103_f000180_t3.000.jpg,False,0.0,,,,,False,False
Header/h103/Header_h103_f000186_t3.100.jpg,False,0.0,,,,,False,False
Header/h103/Header_h103_f000192_t3.200.jpg,False,0.0,,,,,False,False
Header/h103/Header_h103_f000198_t3.300.jpg,False,0.0,,,,,False,False
Header/h103/Header_h103_f000204_t3.400.jpg,False,0.0,,,,,False,False
Header/h103/Header_h103_f000210_t3.500.jpg,False,0.0,,,,,False,False
Header/h103/Header_h103_f000216_t3.600.jpg,False,0.0,,,,,False,False
Header/h103/Header_h103_f000222_t3.700.jpg,False,0.0,,,,,False,False
Header/h103/Header_h103_f000228_t3.800.jpg,False,0.0,,,,,False,False
Header/h103/Header_h103_f000234_t3.900.jpg,False,0.0,,,,,False,False
Header/h103/Header_h103_f000240_t4.000.jpg,False,0.0,,,,,False,False
Header/h103/Header_h103_f000246_t4.100.jpg,False,0.0,,,,,False,False
Header/h103/Header_h103_f000252_t4.200.jpg,False,0.0,,,,,False,False
Header/h103/Header_h103_f000258_t4.300.jpg,False,0.0,,,,,False,False
Header/h103/Header_h103_f000264_t4.400.jpg,False,0.0,,,,,False,False
Header/h103/Header_h103_f000270_t4.500.jpg,False,0.0,,,,,False,False
Header/h103/Header_h103_f000276_t4.600.jpg,False,0.1224,445.2,553.0,462.3,570.4,True,False
Header/h103/Header_h103_f000282_t4.700.jpg,False,0.0,,,,,False,False
Header/h103/Header_h103_f000288_t4.800.jpg,False,0.0,,,,,False,True
Header/h103/Header_h103_f000294_t4.900.jpg,False,0.0,,,,,False,True
Header/h103/Header_h103_f000300_t5.000.jpg,False,0.0,,,,,False,True
Header/h104/Header_h104_f000000_t0.000.jpg,False,0.0,,,,,False,True
Header/h104/Header_h104_f000006_t0.100.jpg,False,0.0,,,,,False,True
Header/h104/Header_h104_f000012_t0.200.jpg,False,0.0,,,,,False,True
Header/h104/Header_h104_f000018_t0.300.jpg,False,0.0,,,,,False,True
Header/h104/Header_h104_f000024_t0.400.jpg,False,0.0,,,,,False,True
Header/h104/Header_h104_f000030_t0.500.jpg,False,0.0,,,,,False,True
Header/h104/Header_h104_f000036_t0.600.jpg,False,0.0,,,,,False,True
Header/h104/Header_h104_f000042_t0.700.jpg,False,0.0,,,,,False,True
Header/h104/Header_h104_f000048_t0.800.jpg,False,0.0,,,,,False,True
Header/h104/Header_h104_f000054_t0.900.jpg,False,0.0,,,,,False,True
Header/h104/Header_h104_f000060_t1.000.jpg,False,0.0,,,,,False,True
Header/h104/Header_h104_f000066_t1.100.jpg,False,0.0,,,,,False,True
Header/h104/Header_h104_f000072_t1.200.jpg,False,0.0,,,,,False,False
Header/h104/Header_h104_f000078_t1.300.jpg,False,0.0,,,,,False,False
Header/h104/Header_h104_f000084_t1.400.jpg,False,0.0,,,,,False,False
Header/h104/Header_h104_f000090_t1.500.jpg,False,0.0,,,,,False,False
Header/h104/Header_h104_f000096_t1.600.jpg,False,0.0,,,,,False,False
Header/h104/Header_h104_f000102_t1.700.jpg,False,0.0,,,,,False,False
Header/h104/Header_h104_f000108_t1.800.jpg,False,0.0,,,,,False,False
Header/h104/Header_h104_f000114_t1.900.jpg,False,0.0,,,,,False,False
Header/h104/Header_h104_f000120_t2.000.jpg,False,0.2001,555.5,421.5,576.0,433.1,True,False
Header/h104/Header_h104_f000126_t2.100.jpg,True,0.3743,533.4,424.9,548.8,438.4,False,False
Header/h104/Header_h104_f000132_t2.200.jpg,False,0.2485,514.0,425.6,529.2,441.1,True,False
Header/h104/Header_h104_f000138_t2.300.jpg,False,0.0,,,,,False,False
Header/h104/Header_h104_f000144_t2.400.jpg,True,0.2759,483.1,431.1,498.4,444.4,False,False
Header/h104/Header_h104_f000150_t2.500.jpg,False,0.0,,,,,False,False
Header/h104/Header_h104_f000156_t2.600.jpg,False,0.0,,,,,False,False
Header/h104/Header_h104_f000162_t2.700.jpg,False,0.0,,,,,False,False
Header/h104/Header_h104_f000168_t2.800.jpg,False,0.0,,,,,False,False
Header/h104/Header_h104_f000174_t2.900.jpg,False,0.0,,,,,False,False
Header/h104/Header_h104_f000180_t3.000.jpg,False,0.0,,,,,False,False
Header/h104/Header_h104_f000186_t3.100.jpg,False,0.0,,,,,False,False
Header/h104/Header_h104_f000192_t3.200.jpg,False,0.0,,,,,False,False
Header/h104/Header_h104_f000198_t3.300.jpg,False,0.0,,,,,False,False
Header/h104/Header_h104_f000204_t3.400.jpg,False,0.0,,,,,False,False
Header/h104/Header_h104_f000210_t3.500.jpg,False,0.0,,,,,False,False
Header/h104/Header_h104_f000216_t3.600.jpg,False,0.0,,,,,False,False
Header/h104/Header_h104_f000222_t3.700.jpg,False,0.0,,,,,False,False
Header/h104/Header_h104_f000228_t3.800.jpg,False,0.0,,,,,False,False
Header/h104/Header_h104_f000234_t3.900.jpg,False,0.0,,,,,False,False
Header/h104/Header_h104_f000240_t4.000.jpg,False,0.0,,,,,False,False
Header/h104/Header_h104_f000246_t4.100.jpg,False,0.0,,,,,False,False
Header/h104/Header_h104_f000252_t4.200.jpg,False,0.0,,,,,False,False
Header/h104/Header_h104_f000258_t4.300.jpg,False,0.0,,,,,False,False
Header/h104/Header_h104_f000264_t4.400.jpg,False,0.0,,,,,False,False
Header/h104/Header_h104_f000270_t4.500.jpg,False,0.0,,,,,False,False
Header/h104/Header_h104_f000276_t4.600.jpg,False,0.0,,,,,False,False
Header/h104/Header_h104_f000282_t4.700.jpg,True,0.3319,1249.0,403.2,1270.4,423.3,False,False
Header/h104/Header_h104_f000288_t4.800.jpg,False,0.2452,1286.6,453.5,1309.0,475.4,True,False
Header/h104/Header_h104_f000294_t4.900.jpg,False,0.0,,,,,False,False
Header/h104/Header_h104_f000300_t5.000.jpg,False,0.1226,1317.2,525.6,1341.7,545.2,True,False
Header/h104/Header_h104_f000306_t5.100.jpg,False,0.0,,,,,False,False
Header/h104/Header_h104_f000312_t5.200.jpg,True,0.5559,1197.0,472.2,1220.4,488.8,False,False
Header/h104/Header_h104_f000318_t5.300.jpg,False,0.0,,,,,False,False
Header/h104/Header_h104_f000324_t5.400.jpg,True,0.3492,1104.7,454.0,1126.6,469.7,False,False
Header/h104/Header_h104_f000330_t5.500.jpg,True,0.3239,1069.8,457.4,1090.6,473.0,False,False
Header/h104/Header_h104_f000336_t5.600.jpg,True,0.4512,1035.6,470.0,1054.8,487.4,False,False
Header/h104/Header_h104_f000342_t5.700.jpg,True,0.5627,999.9,489.4,1022.5,506.8,False,False
Header/h104/Header_h104_f000348_t5.800.jpg,True,0.4014,968.4,513.4,988.8,531.0,False,False
Header/h104/Header_h104_f000354_t5.900.jpg,False,0.0,,,,,False,False
Header/h104/Header_h104_f000360_t6.000.jpg,False,0.0,,,,,False,False
Header/h104/Header_h104_f000366_t6.100.jpg,False,0.0,,,,,False,False
Header/h104/Header_h104_f000372_t6.200.jpg,False,0.0,,,,,False,False
Header/h104/Header_h104_f000378_t6.300.jpg,False,0.0,,,,,False,False
Header/h104/Header_h104_f000384_t6.400.jpg,False,0.0,,,,,False,False
Header/h104/Header_h104_f000390_t6.500.jpg,True,0.2843,1125.9,462.3,1147.9,475.0,False,False
Header/h104/Header_h104_f000396_t6.600.jpg,True,0.3506,1066.6,459.8,1088.1,474.9,False,False
Header/h104/Header_h104_f000402_t6.700.jpg,True,0.382,1012.1,464.6,1033.3,479.7,False,False
Header/h104/Header_h104_f000408_t6.800.jpg,True,0.4002,965.6,476.9,985.9,493.9,False,False
Header/h104/Header_h104_f000414_t6.900.jpg,False,0.0,,,,,False,False
Header/h104/Header_h104_f000420_t7.000.jpg,False,0.0,,,,,False,False
Header/h105/Header_h105_f000000_t0.000.jpg,False,0.0,,,,,False,False
Header/h105/Header_h105_f000006_t0.100.jpg,False,0.0,,,,,False,False
Header/h105/Header_h105_f000012_t0.200.jpg,False,0.0,,,,,False,False
Header/h105/Header_h105_f000018_t0.300.jpg,False,0.0,,,,,False,False
Header/h105/Header_h105_f000024_t0.400.jpg,False,0.0,,,,,False,False
Header/h105/Header_h105_f000030_t0.500.jpg,False,0.0,,,,,False,False
Header/h105/Header_h105_f000036_t0.600.jpg,False,0.0,,,,,False,False
Header/h105/Header_h105_f000042_t0.700.jpg,False,0.0,,,,,False,False
Header/h105/Header_h105_f000048_t0.800.jpg,False,0.0,,,,,False,False
Header/h105/Header_h105_f000054_t0.900.jpg,False,0.0,,,,,False,False
Header/h105/Header_h105_f000060_t1.000.jpg,False,0.0,,,,,False,False
Header/h105/Header_h105_f000066_t1.100.jpg,False,0.0,,,,,False,False
Header/h105/Header_h105_f000072_t1.200.jpg,False,0.0,,,,,False,False
Header/h105/Header_h105_f000078_t1.300.jpg,False,0.0,,,,,False,False
Header/h105/Header_h105_f000084_t1.400.jpg,False,0.0,,,,,False,False
Header/h105/Header_h105_f000090_t1.500.jpg,False,0.0,,,,,False,False
Header/h105/Header_h105_f000096_t1.600.jpg,False,0.0,,,,,False,False
Header/h105/Header_h105_f000102_t1.700.jpg,False,0.0,,,,,False,False
Header/h105/Header_h105_f000108_t1.800.jpg,False,0.0,,,,,False,False
Header/h105/Header_h105_f000114_t1.900.jpg,False,0.0,,,,,False,False
Header/h105/Header_h105_f000120_t2.000.jpg,False,0.0,,,,,False,False
Header/h105/Header_h105_f000126_t2.100.jpg,False,0.0,,,,,False,False
Header/h105/Header_h105_f000132_t2.200.jpg,False,0.0,,,,,False,False
Header/h105/Header_h105_f000138_t2.300.jpg,False,0.0,,,,,False,False
Header/h105/Header_h105_f000144_t2.400.jpg,False,0.0,,,,,False,False
Header/h105/Header_h105_f000150_t2.500.jpg,False,0.0,,,,,False,False
Header/h105/Header_h105_f000156_t2.600.jpg,False,0.0,,,,,False,False
Header/h105/Header_h105_f000162_t2.700.jpg,False,0.0,,,,,False,False
Header/h105/Header_h105_f000168_t2.800.jpg,False,0.0,,,,,False,False
Header/h105/Header_h105_f000174_t2.900.jpg,False,0.0,,,,,False,False
Header/h105/Header_h105_f000180_t3.000.jpg,False,0.0,,,,,False,False
Header/h105/Header_h105_f000186_t3.100.jpg,False,0.0,,,,,False,False
Header/h105/Header_h105_f000192_t3.200.jpg,False,0.0,,,,,False,False
Header/h105/Header_h105_f000198_t3.300.jpg,False,0.0,,,,,False,False
Header/h105/Header_h105_f000204_t3.400.jpg,False,0.0,,,,,False,False
Header/h105/Header_h105_f000210_t3.500.jpg,False,0.0,,,,,False,False
Header/h105/Header_h105_f000216_t3.600.jpg,False,0.0,,,,,False,False
Header/h105/Header_h105_f000222_t3.700.jpg,False,0.1556,1203.4,546.8,1223.7,567.8,True,False
Header/h105/Header_h105_f000228_t3.800.jpg,False,0.0,,,,,False,False
Header/h105/Header_h105_f000234_t3.900.jpg,False,0.0,,,,,False,False
Header/h105/Header_h105_f000240_t4.000.jpg,False,0.0,,,,,False,False
Header/h105/Header_h105_f000246_t4.100.jpg,False,0.0,,,,,False,False
Header/h105/Header_h105_f000252_t4.200.jpg,False,0.0,,,,,False,False
Header/h105/Header_h105_f000258_t4.300.jpg,False,0.0,,,,,False,False
Header/h105/Header_h105_f000264_t4.400.jpg,False,0.0,,,,,False,False
Header/h105/Header_h105_f000270_t4.500.jpg,False,0.0,,,,,False,False
Header/h105/Header_h105_f000276_t4.600.jpg,False,0.0,,,,,False,False
Header/h105/Header_h105_f000282_t4.700.jpg,False,0.0,,,,,False,False
Header/h105/Header_h105_f000288_t4.800.jpg,False,0.0,,,,,False,False
Header/h105/Header_h105_f000294_t4.900.jpg,False,0.0,,,,,False,False
Header/h106/Header_h106_f000000_t0.000.jpg,True,0.565,759.6,695.4,810.0,740.1,False,False
Header/h106/Header_h106_f000006_t0.100.jpg,True,0.5561,703.9,696.1,757.0,738.0,False,False
Header/h106/Header_h106_f000012_t0.200.jpg,False,0.0,,,,,False,False
Header/h106/Header_h106_f000018_t0.300.jpg,False,0.0,,,,,False,False
Header/h106/Header_h106_f000024_t0.400.jpg,False,0.0,,,,,False,False
Header/h106/Header_h106_f000030_t0.500.jpg,False,0.0,,,,,False,False
Header/h106/Header_h106_f000036_t0.600.jpg,True,0.4228,1074.2,584.9,1101.6,615.2,False,False
Header/h106/Header_h106_f000042_t0.700.jpg,True,0.5028,1108.3,547.0,1139.5,581.1,False,False
Header/h106/Header_h106_f000048_t0.800.jpg,False,0.14,597.8,562.8,660.8,622.6,True,False
Header/h106/Header_h106_f000054_t0.900.jpg,False,0.1441,1183.0,491.7,1213.7,520.2,True,False
Header/h106/Header_h106_f000060_t1.000.jpg,False,0.172,1022.1,686.9,1063.0,717.8,True,False
Header/h106/Header_h106_f000066_t1.100.jpg,False,0.1072,1509.0,542.9,1531.9,561.6,True,False
Header/h106/Header_h106_f000072_t1.200.jpg,False,0.0,,,,,False,False
Header/h106/Header_h106_f000078_t1.300.jpg,False,0.0,,,,,False,False
Header/h106/Header_h106_f000084_t1.400.jpg,False,0.0,,,,,False,False
Header/h106/Header_h106_f000090_t1.500.jpg,False,0.0,,,,,False,False
Header/h106/Header_h106_f000096_t1.600.jpg,False,0.0,,,,,False,False
Header/h106/Header_h106_f000102_t1.700.jpg,False,0.0,,,,,False,False
Header/h106/Header_h106_f000108_t1.800.jpg,False,0.2456,1409.7,329.5,1434.8,350.0,True,False
Header/h106/Header_h106_f000114_t1.900.jpg,False,0.0,,,,,False,False
Header/h106/Header_h106_f000120_t2.000.jpg,False,0.0,,,,,False,False
Header/h106/Header_h106_f000126_t2.100.jpg,True,0.2508,1347.5,351.3,1375.3,374.4,False,False
Header/h106/Header_h106_f000132_t2.200.jpg,False,0.1344,1323.8,363.0,1353.1,386.6,True,False
Header/h106/Header_h106_f000138_t2.300.jpg,False,0.1467,881.8,730.9,929.1,760.2,True,False
Header/h106/Header_h106_f000144_t2.400.jpg,False,0.0,,,,,False,False
Header/h106/Header_h106_f000150_t2.500.jpg,False,0.1145,1232.0,413.7,1264.4,442.2,True,False
Header/h106/Header_h106_f000156_t2.600.jpg,False,0.0,,,,,False,False
Header/h106/Header_h106_f000162_t2.700.jpg,False,0.0,,,,,False,False
Header/h106/Header_h106_f000168_t2.800.jpg,False,0.0,,,,,False,False
Header/h106/Header_h106_f000174_t2.900.jpg,True,0.6344,1377.5,399.3,1436.1,445.9,False,False
Header/h106/Header_h106_f000180_t3.000.jpg,False,0.2454,1468.5,384.0,1535.6,428.8,True,False
Header/h106/Header_h106_f000186_t3.100.jpg,True,0.4785,1570.6,361.5,1656.5,412.1,False,False
Header/h106/Header_h106_f000192_t3.200.jpg,True,0.71,1697.0,336.4,1808.9,399.7,False,False
Header/h106/Header_h106_f000198_t3.300.jpg,True,0.7665,1859.5,312.2,1919.3,389.5,False,False
Header/h106/Header_h106_f000204_t3.400.jpg,False,0.1467,1484.8,471.7,1510.2,497.4,True,False
Header/h106/Header_h106_f000210_t3.500.jpg,False,0.0,,,,,False,False
Header/h106/Header_h106_f000216_t3.600.jpg,False,0.0,,,,,False,False
Header/h106/Header_h106_f000222_t3.700.jpg,False,0.0,,,,,False,False
Header/h106/Header_h106_f000228_t3.800.jpg,False,0.0,,,,,False,False
Header/h106/Header_h106_f000234_t3.900.jpg,False,0.0,,,,,False,False
Header/h106/Header_h106_f000240_t4.000.jpg,False,0.0,,,,,False,False
Header/h106/Header_h106_f000246_t4.100.jpg,False,0.0,,,,,False,False
Header/h106/Header_h106_f000252_t4.200.jpg,False,0.0,,,,,False,False
Header/h106/Header_h106_f000258_t4.300.jpg,False,0.2473,719.7,237.6,830.0,299.2,True,False
Header/h106/Header_h106_f000264_t4.400.jpg,False,0.2271,599.2,212.3,716.9,278.2,True,False
Header/h106/Header_h106_f000270_t4.500.jpg,False,0.0,,,,,False,False
Header/h106/Header_h106_f000276_t4.600.jpg,False,0.0,,,,,False,False
Header/h106/Header_h106_f000282_t4.700.jpg,False,0.0,,,,,False,False
Header/h106/Header_h106_f000288_t4.800.jpg,False,0.0,,,,,False,False
Header/h106/Header_h106_f000294_t4.900.jpg,False,0.0,,,,,False,False
Header/h106/Header_h106_f000300_t5.000.jpg,False,0.0,,,,,False,False
Header/h11/Header_h11_f000000_t0.000.jpg,True,0.8859,336.5,858.1,419.5,939.2,False,False
Header/h11/Header_h11_f000006_t0.100.jpg,True,0.8906,336.6,857.4,419.2,938.2,False,False
Header/h11/Header_h11_f000012_t0.200.jpg,True,0.8872,336.3,857.5,418.9,938.9,False,False
Header/h11/Header_h11_f000018_t0.300.jpg,True,0.883,337.3,857.2,418.9,937.7,False,False
Header/h11/Header_h11_f000024_t0.400.jpg,True,0.8816,337.0,857.1,418.9,938.7,False,False
Header/h11/Header_h11_f000030_t0.500.jpg,True,0.8868,339.9,853.6,421.1,935.2,False,False
Header/h11/Header_h11_f000036_t0.600.jpg,True,0.8808,348.4,852.2,430.0,932.0,False,False
Header/h11/Header_h11_f000042_t0.700.jpg,True,0.8737,359.2,852.7,442.0,931.2,False,False
Header/h11/Header_h11_f000048_t0.800.jpg,True,0.8749,368.1,851.8,451.2,929.6,False,False
Header/h11/Header_h11_f000054_t0.900.jpg,True,0.8799,379.6,848.6,463.6,926.8,False,False
Header/h11/Header_h11_f000060_t1.000.jpg,False,0.0,,,,,False,False
Header/h11/Header_h11_f000066_t1.100.jpg,False,0.0,,,,,False,False
Header/h11/Header_h11_f000072_t1.200.jpg,False,0.0,,,,,False,False
Header/h11/Header_h11_f000078_t1.300.jpg,False,0.0,,,,,False,False
Header/h11/Header_h11_f000084_t1.400.jpg,False,0.0,,,,,False,False
Header/h11/Header_h11_f000090_t1.500.jpg,False,0.0,,,,,False,False
Header/h11/Header_h11_f000096_t1.600.jpg,False,0.0,,,,,False,False
Header/h11/Header_h11_f000102_t1.700.jpg,False,0.0,,,,,False,False
Header/h11/Header_h11_f000108_t1.800.jpg,False,0.0,,,,,False,False
Header/h11/Header_h11_f000114_t1.900.jpg,False,0.0,,,,,False,False
Header/h11/Header_h11_f000120_t2.000.jpg,False,0.0,,,,,False,False
Header/h11/Header_h11_f000126_t2.100.jpg,False,0.0,,,,,False,False
Header/h11/Header_h11_f000132_t2.200.jpg,False,0.0,,,,,False,False
Header/h11/Header_h11_f000138_t2.300.jpg,False,0.0,,,,,False,False
Header/h11/Header_h11_f000144_t2.400.jpg,False,0.0,,,,,False,False
Header/h11/Header_h11_f000150_t2.500.jpg,False,0.0,,,,,False,False
Header/h11/Header_h11_f000156_t2.600.jpg,False,0.0,,,,,False,False
Header/h11/Header_h11_f000162_t2.700.jpg,False,0.0,,,,,False,False
Header/h11/Header_h11_f000168_t2.800.jpg,False,0.0,,,,,False,False
Header/h11/Header_h11_f000174_t2.900.jpg,False,0.1452,1468.8,657.1,1486.6,672.8,True,False
Header/h11/Header_h11_f000180_t3.000.jpg,False,0.0,,,,,False,False
Header/h11/Header_h11_f000186_t3.100.jpg,False,0.0,,,,,False,False
Header/h11/Header_h11_f000192_t3.200.jpg,False,0.0,,,,,False,False
Header/h11/Header_h11_f000198_t3.300.jpg,False,0.0,,,,,False,False
Header/h11/Header_h11_f000204_t3.400.jpg,False,0.1333,460.7,668.4,480.0,682.6,True,False
Header/h11/Header_h11_f000210_t3.500.jpg,False,0.0,,,,,False,False
Header/h11/Header_h11_f000216_t3.600.jpg,False,0.0,,,,,False,False
Header/h11/Header_h11_f000222_t3.700.jpg,False,0.0,,,,,False,False
Header/h11/Header_h11_f000228_t3.800.jpg,False,0.0,,,,,False,False
Header/h11/Header_h11_f000234_t3.900.jpg,False,0.0,,,,,False,False
Header/h11/Header_h11_f000240_t4.000.jpg,False,0.0,,,,,False,False
Header/h11/Header_h11_f000246_t4.100.jpg,False,0.0,,,,,False,False
Header/h11/Header_h11_f000252_t4.200.jpg,False,0.0,,,,,False,False
Header/h11/Header_h11_f000258_t4.300.jpg,False,0.0,,,,,False,False
Header/h11/Header_h11_f000264_t4.400.jpg,False,0.0,,,,,False,False
Header/h11/Header_h11_f000270_t4.500.jpg,False,0.1622,561.1,641.0,576.7,653.3,True,False
Header/h11/Header_h11_f000276_t4.600.jpg,False,0.184,560.2,641.6,577.5,654.3,True,False
Header/h11/Header_h11_f000282_t4.700.jpg,False,0.1542,559.9,641.7,577.6,655.1,True,False
Header/h11/Header_h11_f000288_t4.800.jpg,False,0.0,,,,,False,False
Header/h11/Header_h11_f000294_t4.900.jpg,True,0.3639,557.9,643.5,575.9,655.5,False,False
Header/h12/Header_h12_f000000_t0.000.jpg,False,0.1235,1102.8,1030.9,1120.6,1044.5,True,False
Header/h12/Header_h12_f000006_t0.100.jpg,False,0.0,,,,,False,False
Header/h12/Header_h12_f000012_t0.200.jpg,False,0.0,,,,,False,False
Header/h12/Header_h12_f000018_t0.300.jpg,False,0.0,,,,,False,False
Header/h12/Header_h12_f000024_t0.400.jpg,False,0.0,,,,,False,False
Header/h12/Header_h12_f000030_t0.500.jpg,False,0.0,,,,,False,False
Header/h12/Header_h12_f000036_t0.600.jpg,False,0.0,,,,,False,False
Header/h12/Header_h12_f000042_t0.700.jpg,False,0.0,,,,,False,False
Header/h12/Header_h12_f000048_t0.800.jpg,False,0.0,,,,,False,False
Header/h12/Header_h12_f000054_t0.900.jpg,False,0.0,,,,,False,False
Header/h12/Header_h12_f000060_t1.000.jpg,True,0.3062,1124.2,829.2,1141.9,848.9,False,False
Header/h12/Header_h12_f000066_t1.100.jpg,True,0.4903,1127.9,826.4,1146.5,846.6,False,False
Header/h12/Header_h12_f000072_t1.200.jpg,True,0.3571,1131.0,822.1,1150.4,843.1,False,False
Header/h12/Header_h12_f000078_t1.300.jpg,False,0.1613,1136.1,820.3,1154.8,841.6,True,False
Header/h12/Header_h12_f000084_t1.400.jpg,False,0.1464,1076.8,1040.0,1093.6,1053.0,True,False
Header/h12/Header_h12_f000090_t1.500.jpg,False,0.1703,1075.1,1039.9,1092.3,1052.6,True,False
Header/h12/Header_h12_f000096_t1.600.jpg,True,0.4375,1150.7,812.4,1171.2,834.0,False,False
Header/h12/Header_h12_f000102_t1.700.jpg,True,0.3036,1156.5,810.3,1175.8,828.4,False,False
Header/h12/Header_h12_f000108_t1.800.jpg,True,0.479,1161.8,807.8,1183.1,828.4,False,False
Header/h12/Header_h12_f000114_t1.900.jpg,True,0.2503,1070.9,1039.5,1087.8,1053.2,False,False
Header/h12/Header_h12_f000120_t2.000.jpg,True,0.29,1069.5,1039.5,1087.6,1054.0,False,False
Header/h12/Header_h12_f000126_t2.100.jpg,False,0.2027,1068.9,1040.1,1087.3,1054.0,True,False
Header/h12/Header_h12_f000132_t2.200.jpg,False,0.2348,1068.9,1041.0,1087.8,1055.0,True,False
Header/h12/Header_h12_f000138_t2.300.jpg,False,0.2177,1070.0,1042.6,1087.6,1056.9,True,False
Header/h12/Header_h12_f000144_t2.400.jpg,False,0.0,,,,,False,False
Header/h12/Header_h12_f000150_t2.500.jpg,True,0.2736,1101.2,566.8,1120.3,586.5,False,False
Header/h12/Header_h12_f000156_t2.600.jpg,False,0.1975,1076.4,514.6,1091.3,529.1,True,False
Header/h12/Header_h12_f000162_t2.700.jpg,False,0.0,,,,,False,False
Header/h12/Header_h12_f000168_t2.800.jpg,False,0.1463,296.0,345.8,321.2,381.4,True,False
Header/h12/Header_h12_f000174_t2.900.jpg,False,0.0,,,,,False,False
Header/h12/Header_h12_f000180_t3.000.jpg,False,0.0,,,,,False,False
Header/h12/Header_h12_f000186_t3.100.jpg,False,0.0,,,,,False,False
Header/h12/Header_h12_f000192_t3.200.jpg,False,0.0,,,,,False,False
Header/h12/Header_h12_f000198_t3.300.jpg,False,0.0,,,,,False,False
Header/h12/Header_h12_f000204_t3.400.jpg,False,0.0,,,,,False,False
Header/h12/Header_h12_f000210_t3.500.jpg,False,0.0,,,,,False,False
Header/h12/Header_h12_f000216_t3.600.jpg,False,0.0,,,,,False,False
Header/h12/Header_h12_f000222_t3.700.jpg,False,0.0,,,,,False,False
Header/h12/Header_h12_f000228_t3.800.jpg,False,0.0,,,,,False,False
Header/h12/Header_h12_f000234_t3.900.jpg,False,0.0,,,,,False,False
Header/h12/Header_h12_f000240_t4.000.jpg,False,0.0,,,,,False,False
Header/h12/Header_h12_f000246_t4.100.jpg,False,0.0,,,,,False,False
Header/h12/Header_h12_f000252_t4.200.jpg,False,0.1138,1067.7,314.6,1091.6,333.0,True,False
Header/h12/Header_h12_f000258_t4.300.jpg,False,0.0,,,,,False,False
Header/h12/Header_h12_f000264_t4.400.jpg,False,0.2165,1823.0,488.4,1919.1,643.9,True,False
Header/h12/Header_h12_f000270_t4.500.jpg,False,0.0,,,,,False,False
Header/h12/Header_h12_f000276_t4.600.jpg,False,0.0,,,,,False,False
Header/h12/Header_h12_f000282_t4.700.jpg,False,0.0,,,,,False,False
Header/h12/Header_h12_f000288_t4.800.jpg,False,0.0,,,,,False,False
Header/h12/Header_h12_f000294_t4.900.jpg,False,0.0,,,,,False,False
Header/h13/Header_h13_f000000_t0.000.jpg,False,0.0,,,,,False,False
Header/h13/Header_h13_f000006_t0.100.jpg,False,0.1472,730.1,862.9,883.9,908.6,True,False
Header/h13/Header_h13_f000012_t0.200.jpg,False,0.0,,,,,False,False
Header/h13/Header_h13_f000018_t0.300.jpg,False,0.0,,,,,False,False
Header/h13/Header_h13_f000024_t0.400.jpg,False,0.0,,,,,False,False
Header/h13/Header_h13_f000030_t0.500.jpg,False,0.0,,,,,False,False
Header/h13/Header_h13_f000036_t0.600.jpg,False,0.0,,,,,False,False
Header/h13/Header_h13_f000042_t0.700.jpg,False,0.0,,,,,False,False
Header/h13/Header_h13_f000048_t0.800.jpg,False,0.0,,,,,False,False
Header/h13/Header_h13_f000054_t0.900.jpg,False,0.0,,,,,False,False
Header/h13/Header_h13_f000060_t1.000.jpg,False,0.0,,,,,False,False
Header/h13/Header_h13_f000066_t1.100.jpg,False,0.0,,,,,False,False
Header/h13/Header_h13_f000072_t1.200.jpg,False,0.0,,,,,False,False
Header/h13/Header_h13_f000078_t1.300.jpg,True,0.2874,543.5,416.6,560.9,431.7,False,False
Header/h13/Header_h13_f000084_t1.400.jpg,False,0.0,,,,,False,False
Header/h13/Header_h13_f000090_t1.500.jpg,False,0.0,,,,,False,False
Header/h13/Header_h13_f000096_t1.600.jpg,False,0.0,,,,,False,False
Header/h13/Header_h13_f000102_t1.700.jpg,False,0.0,,,,,False,False
Header/h13/Header_h13_f000108_t1.800.jpg,False,0.0,,,,,False,False
Header/h13/Header_h13_f000114_t1.900.jpg,False,0.0,,,,,False,False
Header/h13/Header_h13_f000120_t2.000.jpg,False,0.0,,,,,False,False
Header/h13/Header_h13_f000126_t2.100.jpg,False,0.0,,,,,False,False
Header/h13/Header_h13_f000132_t2.200.jpg,False,0.0,,,,,False,False
Header/h13/Header_h13_f000138_t2.300.jpg,False,0.0,,,,,False,False
Header/h13/Header_h13_f000144_t2.400.jpg,False,0.0,,,,,False,False
Header/h13/Header_h13_f000150_t2.500.jpg,False,0.0,,,,,False,False
Header/h13/Header_h13_f000156_t2.600.jpg,False,0.0,,,,,False,False
Header/h13/Header_h13_f000162_t2.700.jpg,False,0.0,,,,,False,False
Header/h13/Header_h13_f000168_t2.800.jpg,False,0.0,,,,,False,False
Header/h13/Header_h13_f000174_t2.900.jpg,False,0.1652,838.6,333.1,854.1,349.6,True,False
Header/h13/Header_h13_f000180_t3.000.jpg,False,0.0,,,,,False,False
Header/h13/Header_h13_f000186_t3.100.jpg,False,0.1408,1869.9,344.4,1899.8,366.5,True,False
Header/h13/Header_h13_f000192_t3.200.jpg,True,0.3855,841.1,329.6,855.4,345.2,False,False
Header/h13/Header_h13_f000198_t3.300.jpg,True,0.3379,1791.9,343.9,1822.6,366.2,False,False
Header/h13/Header_h13_f000204_t3.400.jpg,True,0.426,1749.4,343.6,1780.9,366.7,False,False
Header/h13/Header_h13_f000210_t3.500.jpg,False,0.1797,837.0,379.0,854.2,397.4,True,False
Header/h13/Header_h13_f000216_t3.600.jpg,True,0.4596,833.1,410.0,851.0,427.6,False,False
Header/h13/Header_h13_f000222_t3.700.jpg,False,0.2242,1625.1,341.5,1656.2,364.0,True,False
Header/h13/Header_h13_f000228_t3.800.jpg,False,0.2042,1582.8,340.9,1614.1,364.4,True,False
Header/h13/Header_h13_f000234_t3.900.jpg,False,0.0,,,,,False,False
Header/h13/Header_h13_f000240_t4.000.jpg,False,0.0,,,,,False,False
Header/h13/Header_h13_f000246_t4.100.jpg,False,0.1851,1454.5,340.6,1487.3,363.6,True,False
Header/h13/Header_h13_f000252_t4.200.jpg,False,0.0,,,,,False,False
Header/h13/Header_h13_f000258_t4.300.jpg,True,0.4882,1063.2,476.0,1085.6,494.5,False,False
Header/h13/Header_h13_f000264_t4.400.jpg,False,0.2082,1288.6,340.9,1320.6,364.2,True,False
Header/h13/Header_h13_f000270_t4.500.jpg,False,0.0,,,,,False,False
Header/h13/Header_h13_f000276_t4.600.jpg,True,0.337,1172.8,339.6,1205.5,362.3,False,False
Header/h13/Header_h13_f000282_t4.700.jpg,True,0.3247,1124.0,339.9,1155.6,362.5,False,False
Header/h13/Header_h13_f000288_t4.800.jpg,False,0.1549,1084.9,339.5,1116.7,366.3,True,False
Header/h13/Header_h13_f000294_t4.900.jpg,False,0.2121,1059.7,340.0,1091.3,365.5,True,False
Header/h13/Header_h13_f000300_t5.000.jpg,True,0.5302,1050.8,340.7,1080.6,362.9,False,False
Header/h14/Header_h14_f000000_t0.000.jpg,False,0.0,,,,,False,False
Header/h14/Header_h14_f000006_t0.100.jpg,False,0.0,,,,,False,False
Header/h14/Header_h14_f000012_t0.200.jpg,False,0.0,,,,,False,False
Header/h14/Header_h14_f000018_t0.300.jpg,False,0.0,,,,,False,False
Header/h14/Header_h14_f000024_t0.400.jpg,False,0.0,,,,,False,False
Header/h14/Header_h14_f000030_t0.500.jpg,False,0.0,,,,,False,False
Header/h14/Header_h14_f000036_t0.600.jpg,False,0.0,,,,,False,False
Header/h14/Header_h14_f000042_t0.700.jpg,False,0.0,,,,,False,False
Header/h14/Header_h14_f000048_t0.800.jpg,False,0.0,,,,,False,False
Header/h14/Header_h14_f000054_t0.900.jpg,False,0.0,,,,,False,False
Header/h14/Header_h14_f000060_t1.000.jpg,False,0.0,,,,,False,False
Header/h14/Header_h14_f000066_t1.100.jpg,False,0.0,,,,,False,False
Header/h14/Header_h14_f000072_t1.200.jpg,False,0.0,,,,,False,False
Header/h14/Header_h14_f000078_t1.300.jpg,False,0.0,,,,,False,False
Header/h14/Header_h14_f000084_t1.400.jpg,False,0.0,,,,,False,False
Header/h14/Header_h14_f000090_t1.500.jpg,False,0.0,,,,,False,False
Header/h14/Header_h14_f000096_t1.600.jpg,False,0.0,,,,,False,False
Header/h14/Header_h14_f000102_t1.700.jpg,False,0.0,,,,,False,False
Header/h14/Header_h14_f000108_t1.800.jpg,False,0.0,,,,,False,False
Header/h14/Header_h14_f000114_t1.900.jpg,False,0.0,,,,,False,False
Header/h14/Header_h14_f000120_t2.000.jpg,False,0.0,,,,,False,False
Header/h14/Header_h14_f000126_t2.100.jpg,False,0.0,,,,,False,False
Header/h14/Header_h14_f000132_t2.200.jpg,False,0.0,,,,,False,False
Header/h14/Header_h14_f000138_t2.300.jpg,False,0.0,,,,,False,False
Header/h14/Header_h14_f000144_t2.400.jpg,False,0.0,,,,,False,False
Header/h14/Header_h14_f000150_t2.500.jpg,False,0.0,,,,,False,False
Header/h14/Header_h14_f000156_t2.600.jpg,False,0.0,,,,,False,False
Header/h14/Header_h14_f000162_t2.700.jpg,False,0.0,,,,,False,False
Header/h14/Header_h14_f000168_t2.800.jpg,False,0.0,,,,,False,False
Header/h14/Header_h14_f000174_t2.900.jpg,False,0.0,,,,,False,False
Header/h14/Header_h14_f000180_t3.000.jpg,False,0.0,,,,,False,False
Header/h14/Header_h14_f000186_t3.100.jpg,False,0.0,,,,,False,False
Header/h14/Header_h14_f000192_t3.200.jpg,False,0.2218,1122.3,416.4,1136.7,432.1,True,False
Header/h14/Header_h14_f000198_t3.300.jpg,False,0.2239,1114.0,365.6,1129.1,382.5,True,False
Header/h14/Header_h14_f000204_t3.400.jpg,False,0.0,,,,,False,False
Header/h14/Header_h14_f000210_t3.500.jpg,False,0.0,,,,,False,False
Header/h14/Header_h14_f000216_t3.600.jpg,False,0.0,,,,,False,False
Header/h14/Header_h14_f000222_t3.700.jpg,False,0.1367,274.3,299.2,304.1,336.4,True,False
Header/h14/Header_h14_f000228_t3.800.jpg,False,0.0,,,,,False,False
Header/h14/Header_h14_f000234_t3.900.jpg,False,0.0,,,,,False,False
Header/h14/Header_h14_f000240_t4.000.jpg,False,0.0,,,,,False,False
Header/h14/Header_h14_f000246_t4.100.jpg,False,0.0,,,,,False,False
Header/h14/Header_h14_f000252_t4.200.jpg,False,0.0,,,,,False,False
Header/h14/Header_h14_f000258_t4.300.jpg,False,0.1266,1.6,314.4,27.0,348.6,True,False
Header/h14/Header_h14_f000264_t4.400.jpg,False,0.1838,1.9,320.0,22.5,347.8,True,False
Header/h14/Header_h14_f000270_t4.500.jpg,False,0.0,,,,,False,False
Header/h14/Header_h14_f000276_t4.600.jpg,False,0.0,,,,,False,False
Header/h14/Header_h14_f000282_t4.700.jpg,False,0.0,,,,,False,False
Header/h14/Header_h14_f000288_t4.800.jpg,False,0.0,,,,,False,False
Header/h14/Header_h14_f000294_t4.900.jpg,False,0.1476,1009.5,382.4,1022.6,398.7,True,False
Header/h14/Header_h14_f000300_t5.000.jpg,False,0.0,,,,,False,False
Header/h15/Header_h15_f000000_t0.000.jpg,True,0.7453,1449.0,749.7,1528.1,826.3,False,False
Header/h15/Header_h15_f000006_t0.100.jpg,True,0.7638,1446.9,749.4,1526.7,825.3,False,False
Header/h15/Header_h15_f000012_t0.200.jpg,True,0.7478,1445.2,747.1,1525.3,824.6,False,False
Header/h15/Header_h15_f000018_t0.300.jpg,True,0.7556,1445.5,746.8,1526.5,822.7,False,False
Header/h15/Header_h15_f000024_t0.400.jpg,True,0.7851,1448.6,746.8,1527.2,822.4,False,False
Header/h15/Header_h15_f000030_t0.500.jpg,True,0.8569,1452.3,745.5,1529.7,822.1,False,False
Header/h15/Header_h15_f000036_t0.600.jpg,True,0.8626,1454.2,743.3,1531.1,820.8,False,False
Header/h15/Header_h15_f000042_t0.700.jpg,True,0.8717,1454.5,743.4,1531.1,819.4,False,False
Header/h15/Header_h15_f000048_t0.800.jpg,True,0.8734,1453.9,743.6,1531.4,819.3,False,False
Header/h15/Header_h15_f000054_t0.900.jpg,True,0.8772,1453.2,743.7,1531.4,819.2,False,False
Header/h15/Header_h15_f000060_t1.000.jpg,True,0.8721,1451.5,743.1,1529.7,819.0,False,False
Header/h15/Header_h15_f000066_t1.100.jpg,True,0.8281,1448.1,743.2,1527.7,819.1,False,False
Header/h15/Header_h15_f000072_t1.200.jpg,True,0.6694,1442.7,742.1,1520.0,819.2,False,False
Header/h15/Header_h15_f000078_t1.300.jpg,True,0.8328,1430.8,741.6,1508.1,818.4,False,False
Header/h15/Header_h15_f000084_t1.400.jpg,True,0.8035,1409.6,741.2,1485.3,818.4,False,False
Header/h15/Header_h15_f000090_t1.500.jpg,False,0.0,,,,,False,False
Header/h15/Header_h15_f000096_t1.600.jpg,False,0.0,,,,,False,False
Header/h15/Header_h15_f000102_t1.700.jpg,False,0.0,,,,,False,False
Header/h15/Header_h15_f000108_t1.800.jpg,False,0.0,,,,,False,False
Header/h15/Header_h15_f000114_t1.900.jpg,False,0.0,,,,,False,False
Header/h15/Header_h15_f000120_t2.000.jpg,False,0.0,,,,,False,False
Header/h15/Header_h15_f000126_t2.100.jpg,False,0.0,,,,,False,False
Header/h15/Header_h15_f000132_t2.200.jpg,False,0.0,,,,,False,False
Header/h15/Header_h15_f000138_t2.300.jpg,False,0.0,,,,,False,False
Header/h15/Header_h15_f000144_t2.400.jpg,False,0.0,,,,,False,False
Header/h15/Header_h15_f000150_t2.500.jpg,False,0.0,,,,,False,False
Header/h15/Header_h15_f000156_t2.600.jpg,False,0.0,,,,,False,False
Header/h15/Header_h15_f000162_t2.700.jpg,False,0.0,,,,,False,False
Header/h15/Header_h15_f000168_t2.800.jpg,False,0.0,,,,,False,False
Header/h15/Header_h15_f000174_t2.900.jpg,False,0.0,,,,,False,False
Header/h15/Header_h15_f000180_t3.000.jpg,False,0.0,,,,,False,False
Header/h15/Header_h15_f000186_t3.100.jpg,False,0.0,,,,,False,False
Header/h15/Header_h15_f000192_t3.200.jpg,False,0.0,,,,,False,False
Header/h15/Header_h15_f000198_t3.300.jpg,False,0.0,,,,,False,False
Header/h15/Header_h15_f000204_t3.400.jpg,False,0.0,,,,,False,False
Header/h15/Header_h15_f000210_t3.500.jpg,False,0.0,,,,,False,False
Header/h15/Header_h15_f000216_t3.600.jpg,False,0.0,,,,,False,False
Header/h15/Header_h15_f000222_t3.700.jpg,False,0.0,,,,,False,False
Header/h15/Header_h15_f000228_t3.800.jpg,False,0.0,,,,,False,False
Header/h15/Header_h15_f000234_t3.900.jpg,False,0.0,,,,,False,False
Header/h15/Header_h15_f000240_t4.000.jpg,False,0.0,,,,,False,False
Header/h15/Header_h15_f000246_t4.100.jpg,False,0.0,,,,,False,False
Header/h15/Header_h15_f000252_t4.200.jpg,False,0.0,,,,,False,False
Header/h15/Header_h15_f000258_t4.300.jpg,False,0.0,,,,,False,False
Header/h15/Header_h15_f000264_t4.400.jpg,False,0.0,,,,,False,False
Header/h15/Header_h15_f000270_t4.500.jpg,False,0.0,,,,,False,False
Header/h15/Header_h15_f000276_t4.600.jpg,False,0.0,,,,,False,False
Header/h15/Header_h15_f000282_t4.700.jpg,False,0.0,,,,,False,False
Header/h15/Header_h15_f000288_t4.800.jpg,False,0.0,,,,,False,False
Header/h15/Header_h15_f000294_t4.900.jpg,False,0.0,,,,,False,False
Header/h15/Header_h15_f000300_t5.000.jpg,False,0.0,,,,,False,False
Header/h16/Header_h16_f000000_t0.000.jpg,False,0.0,,,,,False,False
Header/h16/Header_h16_f000006_t0.100.jpg,False,0.0,,,,,False,False
Header/h16/Header_h16_f000012_t0.200.jpg,False,0.0,,,,,False,False
Header/h16/Header_h16_f000018_t0.300.jpg,False,0.0,,,,,False,False
Header/h16/Header_h16_f000024_t0.400.jpg,False,0.0,,,,,False,False
Header/h16/Header_h16_f000030_t0.500.jpg,False,0.0,,,,,False,False
Header/h16/Header_h16_f000036_t0.600.jpg,False,0.0,,,,,False,False
Header/h16/Header_h16_f000042_t0.700.jpg,False,0.0,,,,,False,False
Header/h16/Header_h16_f000048_t0.800.jpg,False,0.0,,,,,False,False
Header/h16/Header_h16_f000054_t0.900.jpg,False,0.0,,,,,False,False
Header/h16/Header_h16_f000060_t1.000.jpg,False,0.0,,,,,False,False
Header/h16/Header_h16_f000066_t1.100.jpg,False,0.0,,,,,False,False
Header/h16/Header_h16_f000072_t1.200.jpg,False,0.0,,,,,False,False
Header/h16/Header_h16_f000078_t1.300.jpg,False,0.0,,,,,False,False
Header/h16/Header_h16_f000084_t1.400.jpg,False,0.0,,,,,False,False
Header/h16/Header_h16_f000090_t1.500.jpg,False,0.0,,,,,False,False
Header/h16/Header_h16_f000096_t1.600.jpg,True,0.2784,440.6,622.7,457.4,636.8,False,False
Header/h16/Header_h16_f000102_t1.700.jpg,False,0.0,,,,,False,False
Header/h16/Header_h16_f000108_t1.800.jpg,False,0.0,,,,,False,False
Header/h16/Header_h16_f000114_t1.900.jpg,False,0.0,,,,,False,False
Header/h16/Header_h16_f000120_t2.000.jpg,False,0.0,,,,,False,False
Header/h16/Header_h16_f000126_t2.100.jpg,False,0.0,,,,,False,False
Header/h16/Header_h16_f000132_t2.200.jpg,False,0.0,,,,,False,False
Header/h16/Header_h16_f000138_t2.300.jpg,False,0.0,,,,,False,False
Header/h16/Header_h16_f000144_t2.400.jpg,True,0.3719,152.5,756.4,164.9,778.2,False,False
Header/h16/Header_h16_f000150_t2.500.jpg,False,0.0,,,,,False,False
Header/h16/Header_h16_f000156_t2.600.jpg,False,0.0,,,,,False,False
Header/h16/Header_h16_f000162_t2.700.jpg,True,0.4813,921.0,546.0,936.7,560.6,False,False
Header/h16/Header_h16_f000168_t2.800.jpg,True,0.2829,969.8,550.1,983.2,562.4,False,False
Header/h16/Header_h16_f000174_t2.900.jpg,False,0.0,,,,,False,False
Header/h16/Header_h16_f000180_t3.000.jpg,True,0.4224,1034.5,568.2,1050.4,582.5,False,False
Header/h16/Header_h16_f000186_t3.100.jpg,False,0.0,,,,,False,False
Header/h16/Header_h16_f000192_t3.200.jpg,False,0.0,,,,,False,False
Header/h16/Header_h16_f000198_t3.300.jpg,True,0.3711,155.6,652.5,177.5,671.2,False,False
Header/h16/Header_h16_f000204_t3.400.jpg,False,0.0,,,,,False,False
Header/h16/Header_h16_f000210_t3.500.jpg,False,0.0,,,,,False,False
Header/h16/Header_h16_f000216_t3.600.jpg,True,0.2547,973.1,508.2,992.7,526.7,False,False
Header/h16/Header_h16_f000222_t3.700.jpg,True,0.351,5.6,241.1,40.5,270.7,False,False
Header/h16/Header_h16_f000228_t3.800.jpg,True,0.4048,709.4,304.9,738.8,334.5,False,False
Header/h16/Header_h16_f000234_t3.900.jpg,False,0.0,,,,,False,False
Header/h16/Header_h16_f000240_t4.000.jpg,False,0.0,,,,,False,False
Header/h16/Header_h16_f000246_t4.100.jpg,False,0.213,642.8,256.7,674.8,290.8,True,False
Header/h16/Header_h16_f000252_t4.200.jpg,False,0.1114,1585.2,438.1,1607.6,462.9,True,False
Header/h16/Header_h16_f000258_t4.300.jpg,True,0.2957,1131.8,582.5,1154.9,613.3,False,False
Header/h16/Header_h16_f000264_t4.400.jpg,False,0.0,,,,,False,False
Header/h16/Header_h16_f000270_t4.500.jpg,False,0.0,,,,,False,False
Header/h16/Header_h16_f000276_t4.600.jpg,False,0.0,,,,,False,False
Header/h16/Header_h16_f000282_t4.700.jpg,False,0.1072,984.5,446.5,1007.5,469.8,True,False
Header/h16/Header_h16_f000288_t4.800.jpg,False,0.1558,918.2,434.1,945.2,457.9,True,False
Header/h16/Header_h16_f000294_t4.900.jpg,False,0.0,,,,,False,False
Header/h16/Header_h16_f000300_t5.000.jpg,False,0.1311,965.3,453.1,986.5,477.5,True,False
Header/h17/Header_h17_f000000_t0.000.jpg,True,0.8716,294.7,813.0,386.0,894.7,False,False
Header/h17/Header_h17_f000006_t0.100.jpg,True,0.8712,409.2,795.8,495.1,874.8,False,False
Header/h17/Header_h17_f000012_t0.200.jpg,True,0.8028,518.0,778.5,602.4,857.4,False,False
Header/h17/Header_h17_f000018_t0.300.jpg,True,0.7875,616.9,766.9,701.7,844.7,False,False
Header/h17/Header_h17_f000024_t0.400.jpg,True,0.7996,718.7,758.4,801.0,835.2,False,False
Header/h17/Header_h17_f000030_t0.500.jpg,True,0.6025,814.4,754.5,894.6,831.0,False,False
Header/h17/Header_h17_f000036_t0.600.jpg,True,0.6702,911.2,755.5,998.9,836.0,False,False
Header/h17/Header_h17_f000042_t0.700.jpg,True,0.62,1029.8,759.5,1110.9,841.0,False,False
Header/h17/Header_h17_f000048_t0.800.jpg,False,0.0,,,,,False,False
Header/h17/Header_h17_f000054_t0.900.jpg,False,0.0,,,,,False,False
Header/h17/Header_h17_f000060_t1.000.jpg,False,0.0,,,,,False,False
Header/h17/Header_h17_f000066_t1.100.jpg,False,0.0,,,,,False,False
Header/h17/Header_h17_f000072_t1.200.jpg,False,0.0,,,,,False,False
Header/h17/Header_h17_f000078_t1.300.jpg,False,0.0,,,,,False,False
Header/h17/Header_h17_f000084_t1.400.jpg,False,0.0,,,,,False,False
Header/h17/Header_h17_f000090_t1.500.jpg,False,0.0,,,,,False,False
Header/h17/Header_h17_f000096_t1.600.jpg,False,0.0,,,,,False,False
Header/h17/Header_h17_f000102_t1.700.jpg,False,0.0,,,,,False,False
Header/h17/Header_h17_f000108_t1.800.jpg,False,0.0,,,,,False,False
Header/h17/Header_h17_f000114_t1.900.jpg,False,0.0,,,,,False,False
Header/h17/Header_h17_f000120_t2.000.jpg,False,0.0,,,,,False,False
Header/h17/Header_h17_f000126_t2.100.jpg,False,0.0,,,,,False,False
Header/h17/Header_h17_f000132_t2.200.jpg,False,0.0,,,,,False,False
Header/h17/Header_h17_f000138_t2.300.jpg,False,0.0,,,,,False,False
Header/h17/Header_h17_f000144_t2.400.jpg,False,0.0,,,,,False,False
Header/h17/Header_h17_f000150_t2.500.jpg,False,0.0,,,,,False,False
Header/h17/Header_h17_f000156_t2.600.jpg,False,0.0,,,,,False,False
Header/h17/Header_h17_f000162_t2.700.jpg,False,0.0,,,,,False,False
Header/h17/Header_h17_f000168_t2.800.jpg,False,0.0,,,,,False,False
Header/h17/Header_h17_f000174_t2.900.jpg,False,0.2311,912.1,498.1,926.2,510.6,True,False
Header/h17/Header_h17_f000180_t3.000.jpg,False,0.0,,,,,False,False
Header/h17/Header_h17_f000186_t3.100.jpg,False,0.0,,,,,False,False
Header/h17/Header_h17_f000192_t3.200.jpg,False,0.0,,,,,False,False
Header/h17/Header_h17_f000198_t3.300.jpg,False,0.0,,,,,False,False
Header/h17/Header_h17_f000204_t3.400.jpg,False,0.0,,,,,False,False
Header/h17/Header_h17_f000210_t3.500.jpg,False,0.0,,,,,False,False
Header/h17/Header_h17_f000216_t3.600.jpg,False,0.0,,,,,False,False
Header/h17/Header_h17_f000222_t3.700.jpg,False,0.0,,,,,False,False
Header/h17/Header_h17_f000228_t3.800.jpg,False,0.0,,,,,False,False
Header/h17/Header_h17_f000234_t3.900.jpg,False,0.0,,,,,False,False
Header/h17/Header_h17_f000240_t4.000.jpg,False,0.0,,,,,False,False
Header/h17/Header_h17_f000246_t4.100.jpg,False,0.0,,,,,False,False
Header/h17/Header_h17_f000252_t4.200.jpg,False,0.0,,,,,False,False
Header/h17/Header_h17_f000258_t4.300.jpg,False,0.0,,,,,False,False
Header/h17/Header_h17_f000264_t4.400.jpg,False,0.0,,,,,False,False
Header/h17/Header_h17_f000270_t4.500.jpg,False,0.0,,,,,False,False
Header/h17/Header_h17_f000276_t4.600.jpg,False,0.0,,,,,False,False
Header/h17/Header_h17_f000282_t4.700.jpg,False,0.0,,,,,False,False
Header/h17/Header_h17_f000288_t4.800.jpg,False,0.0,,,,,False,False
Header/h17/Header_h17_f000294_t4.900.jpg,False,0.0,,,,,False,False
Header/h18/Header_h18_f000000_t0.000.jpg,True,0.8969,405.0,796.9,511.1,893.5,False,False
Header/h18/Header_h18_f000006_t0.100.jpg,True,0.8865,457.1,796.9,563.6,893.1,False,False
Header/h18/Header_h18_f000012_t0.200.jpg,True,0.8783,582.5,794.6,693.4,890.1,False,False
Header/h18/Header_h18_f000018_t0.300.jpg,True,0.8812,653.6,793.4,764.4,888.0,False,False
Header/h18/Header_h18_f000024_t0.400.jpg,True,0.8876,791.7,783.9,901.1,879.1,False,False
Header/h18/Header_h18_f000030_t0.500.jpg,True,0.8868,892.4,774.4,999.0,867.1,False,False
Header/h18/Header_h18_f000036_t0.600.jpg,False,0.0,,,,,False,False
Header/h18/Header_h18_f000042_t0.700.jpg,False,0.0,,,,,False,False
Header/h18/Header_h18_f000048_t0.800.jpg,False,0.0,,,,,False,False
Header/h18/Header_h18_f000054_t0.900.jpg,False,0.0,,,,,False,False
Header/h18/Header_h18_f000060_t1.000.jpg,False,0.0,,,,,False,False
Header/h18/Header_h18_f000066_t1.100.jpg,False,0.0,,,,,False,False
Header/h18/Header_h18_f000072_t1.200.jpg,False,0.0,,,,,False,False
Header/h18/Header_h18_f000078_t1.300.jpg,False,0.0,,,,,False,False
Header/h18/Header_h18_f000084_t1.400.jpg,False,0.0,,,,,False,False
Header/h18/Header_h18_f000090_t1.500.jpg,False,0.0,,,,,False,False
Header/h18/Header_h18_f000096_t1.600.jpg,False,0.0,,,,,False,False
Header/h18/Header_h18_f000102_t1.700.jpg,False,0.0,,,,,False,False
Header/h18/Header_h18_f000108_t1.800.jpg,False,0.0,,,,,False,False
Header/h18/Header_h18_f000114_t1.900.jpg,False,0.0,,,,,False,False
Header/h18/Header_h18_f000120_t2.000.jpg,False,0.0,,,,,False,False
Header/h18/Header_h18_f000126_t2.100.jpg,False,0.0,,,,,False,False
Header/h18/Header_h18_f000132_t2.200.jpg,False,0.0,,,,,False,False
Header/h18/Header_h18_f000138_t2.300.jpg,False,0.0,,,,,False,False
Header/h18/Header_h18_f000144_t2.400.jpg,False,0.0,,,,,False,False
Header/h18/Header_h18_f000150_t2.500.jpg,False,0.146,0.1,658.3,17.3,682.5,True,False
Header/h18/Header_h18_f000156_t2.600.jpg,False,0.1219,1008.8,569.1,1023.7,588.4,True,False
Header/h18/Header_h18_f000162_t2.700.jpg,False,0.1601,966.3,542.6,985.2,559.1,True,False
Header/h18/Header_h18_f000168_t2.800.jpg,False,0.0,,,,,False,False
Header/h18/Header_h18_f000174_t2.900.jpg,False,0.0,,,,,False,False
Header/h18/Header_h18_f000180_t3.000.jpg,False,0.0,,,,,False,False
Header/h18/Header_h18_f000186_t3.100.jpg,False,0.0,,,,,False,False
Header/h18/Header_h18_f000192_t3.200.jpg,False,0.0,,,,,False,False
Header/h18/Header_h18_f000198_t3.300.jpg,False,0.0,,,,,False,False
Header/h18/Header_h18_f000204_t3.400.jpg,False,0.0,,,,,False,False
Header/h18/Header_h18_f000210_t3.500.jpg,False,0.0,,,,,False,False
Header/h18/Header_h18_f000216_t3.600.jpg,False,0.0,,,,,False,False
Header/h18/Header_h18_f000222_t3.700.jpg,False,0.1677,0.1,675.4,26.8,712.1,True,False
Header/h18/Header_h18_f000228_t3.800.jpg,False,0.0,,,,,False,False
Header/h18/Header_h18_f000234_t3.900.jpg,False,0.0,,,,,False,False
Header/h19/Header_h19_f000000_t0.000.jpg,False,0.0,,,,,False,False
Header/h19/Header_h19_f000006_t0.100.jpg,False,0.0,,,,,False,False
Header/h19/Header_h19_f000012_t0.200.jpg,False,0.0,,,,,False,False
Header/h19/Header_h19_f000018_t0.300.jpg,False,0.0,,,,,False,False
Header/h19/Header_h19_f000024_t0.400.jpg,False,0.0,,,,,False,False
Header/h19/Header_h19_f000030_t0.500.jpg,False,0.11,1505.8,417.6,1523.4,431.4,True,False
Header/h19/Header_h19_f000036_t0.600.jpg,False,0.0,,,,,False,False
Header/h19/Header_h19_f000042_t0.700.jpg,False,0.0,,,,,False,False
Header/h19/Header_h19_f000048_t0.800.jpg,False,0.0,,,,,False,False
Header/h19/Header_h19_f000054_t0.900.jpg,False,0.0,,,,,False,False
Header/h19/Header_h19_f000060_t1.000.jpg,False,0.0,,,,,False,False
Header/h19/Header_h19_f000066_t1.100.jpg,False,0.0,,,,,False,False
Header/h19/Header_h19_f000072_t1.200.jpg,False,0.0,,,,,False,False
Header/h19/Header_h19_f000078_t1.300.jpg,False,0.0,,,,,False,False
Header/h19/Header_h19_f000084_t1.400.jpg,False,0.0,,,,,False,False
Header/h19/Header_h19_f000090_t1.500.jpg,False,0.0,,,,,False,False
Header/h19/Header_h19_f000096_t1.600.jpg,False,0.0,,,,,False,False
Header/h19/Header_h19_f000102_t1.700.jpg,False,0.0,,,,,False,False
Header/h19/Header_h19_f000108_t1.800.jpg,False,0.0,,,,,False,False
Header/h19/Header_h19_f000114_t1.900.jpg,False,0.0,,,,,False,False
Header/h19/Header_h19_f000120_t2.000.jpg,False,0.1038,1706.7,330.5,1725.7,349.8,True,False
Header/h19/Header_h19_f000126_t2.100.jpg,False,0.0,,,,,False,False
Header/h19/Header_h19_f000132_t2.200.jpg,False,0.0,,,,,False,False
Header/h19/Header_h19_f000138_t2.300.jpg,False,0.0,,,,,False,False
Header/h19/Header_h19_f000144_t2.400.jpg,False,0.0,,,,,False,False
Header/h19/Header_h19_f000150_t2.500.jpg,False,0.0,,,,,False,False
Header/h19/Header_h19_f000156_t2.600.jpg,False,0.0,,,,,False,False
Header/h19/Header_h19_f000162_t2.700.jpg,False,0.0,,,,,False,False
Header/h19/Header_h19_f000168_t2.800.jpg,False,0.0,,,,,False,False
Header/h19/Header_h19_f000174_t2.900.jpg,False,0.0,,,,,False,False
Header/h19/Header_h19_f000180_t3.000.jpg,False,0.0,,,,,False,False
Header/h19/Header_h19_f000186_t3.100.jpg,False,0.0,,,,,False,False
Header/h19/Header_h19_f000192_t3.200.jpg,False,0.0,,,,,False,False
Header/h19/Header_h19_f000198_t3.300.jpg,False,0.0,,,,,False,False
Header/h19/Header_h19_f000204_t3.400.jpg,False,0.0,,,,,False,False
Header/h19/Header_h19_f000210_t3.500.jpg,False,0.0,,,,,False,False
Header/h19/Header_h19_f000216_t3.600.jpg,False,0.0,,,,,False,False
Header/h19/Header_h19_f000222_t3.700.jpg,False,0.0,,,,,False,False
Header/h19/Header_h19_f000228_t3.800.jpg,False,0.0,,,,,False,False
Header/h19/Header_h19_f000234_t3.900.jpg,False,0.0,,,,,False,False
Header/h19/Header_h19_f000240_t4.000.jpg,False,0.0,,,,,False,False
Header/h19/Header_h19_f000246_t4.100.jpg,False,0.0,,,,,False,False
Header/h19/Header_h19_f000252_t4.200.jpg,False,0.0,,,,,False,False
Header/h19/Header_h19_f000258_t4.300.jpg,False,0.0,,,,,False,False
Header/h19/Header_h19_f000264_t4.400.jpg,False,0.0,,,,,False,False
Header/h19/Header_h19_f000270_t4.500.jpg,False,0.0,,,,,False,False
Header/h19/Header_h19_f000276_t4.600.jpg,False,0.0,,,,,False,False
Header/h19/Header_h19_f000282_t4.700.jpg,False,0.0,,,,,False,False
Header/h19/Header_h19_f000288_t4.800.jpg,False,0.0,,,,,False,False
Header/h19/Header_h19_f000294_t4.900.jpg,False,0.0,,,,,False,False
Header/h2/Header_h2_f000000_t0.000.jpg,False,0.0,,,,,False,False
Header/h2/Header_h2_f000006_t0.100.jpg,False,0.0,,,,,False,False
Header/h2/Header_h2_f000012_t0.200.jpg,False,0.0,,,,,False,False
Header/h2/Header_h2_f000018_t0.300.jpg,False,0.0,,,,,False,False
Header/h2/Header_h2_f000024_t0.400.jpg,False,0.0,,,,,False,False
Header/h2/Header_h2_f000030_t0.500.jpg,True,0.3982,965.4,498.9,979.1,511.1,False,False
Header/h2/Header_h2_f000036_t0.600.jpg,False,0.0,,,,,False,False
Header/h2/Header_h2_f000042_t0.700.jpg,False,0.0,,,,,False,False
Header/h2/Header_h2_f000048_t0.800.jpg,False,0.0,,,,,False,False
Header/h2/Header_h2_f000054_t0.900.jpg,False,0.0,,,,,False,False
Header/h2/Header_h2_f000060_t1.000.jpg,False,0.2058,1119.4,458.5,1131.7,470.3,True,False
Header/h2/Header_h2_f000066_t1.100.jpg,False,0.0,,,,,False,False
Header/h2/Header_h2_f000072_t1.200.jpg,False,0.0,,,,,False,False
Header/h2/Header_h2_f000078_t1.300.jpg,False,0.0,,,,,False,False
Header/h2/Header_h2_f000084_t1.400.jpg,False,0.0,,,,,False,False
Header/h2/Header_h2_f000090_t1.500.jpg,True,0.457,1133.5,497.0,1146.2,508.7,False,False
Header/h2/Header_h2_f000096_t1.600.jpg,True,0.4017,1125.3,514.5,1138.9,526.0,False,False
Header/h2/Header_h2_f000102_t1.700.jpg,False,0.0,,,,,False,False
Header/h2/Header_h2_f000108_t1.800.jpg,True,0.3828,1074.7,503.7,1088.6,518.4,False,False
Header/h2/Header_h2_f000114_t1.900.jpg,False,0.0,,,,,False,False
Header/h2/Header_h2_f000120_t2.000.jpg,True,0.349,992.5,454.2,1004.9,466.2,False,False
Header/h2/Header_h2_f000126_t2.100.jpg,False,0.0,,,,,False,False
Header/h2/Header_h2_f000132_t2.200.jpg,False,0.0,,,,,False,False
Header/h2/Header_h2_f000138_t2.300.jpg,False,0.0,,,,,False,False
Header/h2/Header_h2_f000144_t2.400.jpg,False,0.0,,,,,False,False
Header/h2/Header_h2_f000150_t2.500.jpg,False,0.0,,,,,False,False
Header/h2/Header_h2_f000156_t2.600.jpg,False,0.0,,,,,False,False
Header/h2/Header_h2_f000162_t2.700.jpg,False,0.0,,,,,False,False
Header/h2/Header_h2_f000168_t2.800.jpg,False,0.0,,,,,False,False
Header/h2/Header_h2_f000174_t2.900.jpg,False,0.0,,,,,False,False
Header/h2/Header_h2_f000180_t3.000.jpg,False,0.0,,,,,False,False
Header/h2/Header_h2_f000186_t3.100.jpg,False,0.0,,,,,False,False
Header/h2/Header_h2_f000192_t3.200.jpg,False,0.0,,,,,False,False
Header/h2/Header_h2_f000198_t3.300.jpg,False,0.0,,,,,False,False
Header/h2/Header_h2_f000204_t3.400.jpg,False,0.1152,914.9,598.0,929.5,613.0,True,False
Header/h2/Header_h2_f000210_t3.500.jpg,False,0.0,,,,,False,False
Header/h2/Header_h2_f000216_t3.600.jpg,True,0.4236,932.3,596.3,949.1,611.3,False,False
Header/h2/Header_h2_f000222_t3.700.jpg,False,0.0,,,,,False,False
Header/h2/Header_h2_f000228_t3.800.jpg,False,0.0,,,,,False,False
Header/h2/Header_h2_f000234_t3.900.jpg,False,0.1341,635.0,609.4,656.7,638.5,True,False
Header/h2/Header_h2_f000240_t4.000.jpg,True,0.2569,991.4,609.8,1006.8,628.1,False,False
Header/h20/Header_h20_f000000_t0.000.jpg,True,0.326,475.6,805.6,494.5,824.5,False,False
Header/h20/Header_h20_f000006_t0.100.jpg,False,0.147,473.1,805.7,493.4,824.2,True,False
Header/h20/Header_h20_f000012_t0.200.jpg,False,0.0,,,,,False,False
Header/h20/Header_h20_f000018_t0.300.jpg,False,0.0,,,,,False,False
Header/h20/Header_h20_f000024_t0.400.jpg,False,0.0,,,,,False,False
Header/h20/Header_h20_f000030_t0.500.jpg,False,0.0,,,,,False,False
Header/h20/Header_h20_f000036_t0.600.jpg,False,0.0,,,,,False,False
Header/h20/Header_h20_f000042_t0.700.jpg,False,0.0,,,,,False,False
Header/h20/Header_h20_f000048_t0.800.jpg,False,0.0,,,,,False,False
Header/h20/Header_h20_f000054_t0.900.jpg,False,0.0,,,,,False,False
Header/h20/Header_h20_f000060_t1.000.jpg,False,0.0,,,,,False,False
Header/h20/Header_h20_f000066_t1.100.jpg,False,0.0,,,,,False,False
Header/h20/Header_h20_f000072_t1.200.jpg,False,0.0,,,,,False,False
Header/h20/Header_h20_f000078_t1.300.jpg,False,0.0,,,,,False,False
Header/h20/Header_h20_f000084_t1.400.jpg,False,0.0,,,,,False,False
Header/h20/Header_h20_f000090_t1.500.jpg,False,0.0,,,,,False,False
Header/h20/Header_h20_f000096_t1.600.jpg,False,0.0,,,,,False,False
Header/h20/Header_h20_f000102_t1.700.jpg,False,0.0,,,,,False,False
Header/h20/Header_h20_f000108_t1.800.jpg,False,0.0,,,,,False,False
Header/h20/Header_h20_f000114_t1.900.jpg,False,0.0,,,,,False,False
Header/h20/Header_h20_f000120_t2.000.jpg,False,0.0,,,,,False,False
Header/h20/Header_h20_f000126_t2.100.jpg,False,0.0,,,,,False,False
Header/h20/Header_h20_f000132_t2.200.jpg,False,0.0,,,,,False,False
Header/h20/Header_h20_f000138_t2.300.jpg,False,0.0,,,,,False,False
Header/h20/Header_h20_f000144_t2.400.jpg,False,0.0,,,,,False,False
Header/h20/Header_h20_f000150_t2.500.jpg,False,0.0,,,,,False,False
Header/h20/Header_h20_f000156_t2.600.jpg,False,0.0,,,,,False,False
Header/h20/Header_h20_f000162_t2.700.jpg,False,0.0,,,,,False,False
Header/h20/Header_h20_f000168_t2.800.jpg,False,0.0,,,,,False,False
Header/h20/Header_h20_f000174_t2.900.jpg,False,0.0,,,,,False,False
Header/h20/Header_h20_f000180_t3.000.jpg,False,0.0,,,,,False,False
Header/h20/Header_h20_f000186_t3.100.jpg,False,0.0,,,,,False,False
Header/h20/Header_h20_f000192_t3.200.jpg,False,0.0,,,,,False,False
Header/h20/Header_h20_f000198_t3.300.jpg,False,0.0,,,,,False,False
Header/h20/Header_h20_f000204_t3.400.jpg,False,0.0,,,,,False,False
Header/h20/Header_h20_f000210_t3.500.jpg,False,0.0,,,,,False,False
Header/h20/Header_h20_f000216_t3.600.jpg,False,0.0,,,,,False,False
Header/h20/Header_h20_f000222_t3.700.jpg,False,0.0,,,,,False,False
Header/h20/Header_h20_f000228_t3.800.jpg,False,0.0,,,,,False,False
Header/h20/Header_h20_f000234_t3.900.jpg,False,0.0,,,,,False,False
Header/h20/Header_h20_f000240_t4.000.jpg,False,0.0,,,,,False,False
Header/h20/Header_h20_f000246_t4.100.jpg,False,0.0,,,,,False,False
Header/h20/Header_h20_f000252_t4.200.jpg,False,0.0,,,,,False,False
Header/h20/Header_h20_f000258_t4.300.jpg,False,0.0,,,,,False,False
Header/h20/Header_h20_f000264_t4.400.jpg,False,0.0,,,,,False,False
Header/h20/Header_h20_f000270_t4.500.jpg,False,0.0,,,,,False,False
Header/h20/Header_h20_f000276_t4.600.jpg,False,0.0,,,,,False,False
Header/h20/Header_h20_f000282_t4.700.jpg,False,0.0,,,,,False,False
Header/h20/Header_h20_f000288_t4.800.jpg,False,0.0,,,,,False,False
Header/h20/Header_h20_f000294_t4.900.jpg,False,0.0,,,,,False,False
Header/h21/Header_h21_f000000_t0.000.jpg,False,0.0,,,,,False,False
Header/h21/Header_h21_f000006_t0.100.jpg,False,0.0,,,,,False,False
Header/h21/Header_h21_f000012_t0.200.jpg,False,0.0,,,,,False,False
Header/h21/Header_h21_f000018_t0.300.jpg,False,0.0,,,,,False,False
Header/h21/Header_h21_f000024_t0.400.jpg,False,0.0,,,,,False,False
Header/h21/Header_h21_f000030_t0.500.jpg,False,0.0,,,,,False,False
Header/h21/Header_h21_f000036_t0.600.jpg,False,0.0,,,,,False,False
Header/h21/Header_h21_f000042_t0.700.jpg,False,0.0,,,,,False,False
Header/h21/Header_h21_f000048_t0.800.jpg,False,0.0,,,,,False,False
Header/h21/Header_h21_f000054_t0.900.jpg,False,0.0,,,,,False,False
Header/h21/Header_h21_f000060_t1.000.jpg,False,0.0,,,,,False,False
Header/h21/Header_h21_f000066_t1.100.jpg,False,0.0,,,,,False,False
Header/h21/Header_h21_f000072_t1.200.jpg,False,0.0,,,,,False,False
Header/h21/Header_h21_f000078_t1.300.jpg,False,0.0,,,,,False,False
Header/h21/Header_h21_f000084_t1.400.jpg,False,0.0,,,,,False,False
Header/h21/Header_h21_f000090_t1.500.jpg,False,0.0,,,,,False,False
Header/h21/Header_h21_f000096_t1.600.jpg,False,0.0,,,,,False,False
Header/h21/Header_h21_f000102_t1.700.jpg,False,0.0,,,,,False,False
Header/h21/Header_h21_f000108_t1.800.jpg,False,0.0,,,,,False,False
Header/h21/Header_h21_f000114_t1.900.jpg,False,0.0,,,,,False,False
Header/h21/Header_h21_f000120_t2.000.jpg,False,0.0,,,,,False,False
Header/h21/Header_h21_f000126_t2.100.jpg,False,0.0,,,,,False,False
Header/h21/Header_h21_f000132_t2.200.jpg,False,0.0,,,,,False,False
Header/h21/Header_h21_f000138_t2.300.jpg,False,0.0,,,,,False,False
Header/h21/Header_h21_f000144_t2.400.jpg,False,0.1095,1760.0,280.2,1787.0,311.9,True,False
Header/h21/Header_h21_f000150_t2.500.jpg,False,0.0,,,,,False,False
Header/h21/Header_h21_f000156_t2.600.jpg,False,0.0,,,,,False,False
Header/h21/Header_h21_f000162_t2.700.jpg,False,0.0,,,,,False,False
Header/h21/Header_h21_f000168_t2.800.jpg,False,0.0,,,,,False,False
Header/h21/Header_h21_f000174_t2.900.jpg,False,0.1072,1056.6,310.4,1069.1,325.5,True,False
Header/h21/Header_h21_f000180_t3.000.jpg,False,0.0,,,,,False,False
Header/h21/Header_h21_f000186_t3.100.jpg,False,0.0,,,,,False,False
Header/h21/Header_h21_f000192_t3.200.jpg,False,0.1689,1102.0,397.5,1117.0,413.0,True,False
Header/h21/Header_h21_f000198_t3.300.jpg,True,0.4009,1796.4,305.0,1828.6,328.0,False,False
Header/h21/Header_h21_f000204_t3.400.jpg,True,0.29,1746.9,299.9,1781.1,324.6,False,False
Header/h21/Header_h21_f000210_t3.500.jpg,False,0.203,1708.6,297.0,1739.4,325.3,True,False
Header/h21/Header_h21_f000216_t3.600.jpg,False,0.2333,1655.8,295.9,1686.6,321.7,True,False
Header/h21/Header_h21_f000222_t3.700.jpg,False,0.0,,,,,False,False
Header/h21/Header_h21_f000228_t3.800.jpg,False,0.1138,1567.9,293.1,1599.5,321.6,True,False
Header/h21/Header_h21_f000234_t3.900.jpg,False,0.194,1535.3,293.2,1563.5,320.2,True,False
Header/h21/Header_h21_f000240_t4.000.jpg,True,0.4226,1534.3,546.1,1552.7,562.5,False,False
Header/h21/Header_h21_f000246_t4.100.jpg,True,0.5585,1585.6,561.8,1603.5,581.7,False,False
Header/h21/Header_h21_f000252_t4.200.jpg,True,0.4083,1704.4,306.1,1730.2,331.7,False,False
Header/h21/Header_h21_f000258_t4.300.jpg,False,0.0,,,,,False,False
Header/h21/Header_h21_f000264_t4.400.jpg,False,0.2323,1418.3,284.5,1447.0,307.5,True,False
Header/h21/Header_h21_f000270_t4.500.jpg,False,0.0,,,,,False,False
Header/h21/Header_h21_f000276_t4.600.jpg,False,0.0,,,,,False,False
Header/h21/Header_h21_f000282_t4.700.jpg,False,0.0,,,,,False,False
Header/h21/Header_h21_f000288_t4.800.jpg,False,0.0,,,,,False,False
Header/h21/Header_h21_f000294_t4.900.jpg,False,0.0,,,,,False,False
Header/h22/Header_h22_f000000_t0.000.jpg,True,0.2776,755.6,861.2,788.9,898.7,False,False
Header/h22/Header_h22_f000006_t0.100.jpg,False,0.0,,,,,False,False
Header/h22/Header_h22_f000012_t0.200.jpg,False,0.0,,,,,False,False
Header/h22/Header_h22_f000018_t0.300.jpg,False,0.0,,,,,False,False
Header/h22/Header_h22_f000024_t0.400.jpg,False,0.0,,,,,False,False
Header/h22/Header_h22_f000030_t0.500.jpg,False,0.0,,,,,False,False
Header/h22/Header_h22_f000036_t0.600.jpg,False,0.0,,,,,False,False
Header/h22/Header_h22_f000042_t0.700.jpg,False,0.0,,,,,False,False
Header/h22/Header_h22_f000048_t0.800.jpg,False,0.0,,,,,False,False
Header/h22/Header_h22_f000054_t0.900.jpg,False,0.0,,,,,False,False
Header/h22/Header_h22_f000060_t1.000.jpg,False,0.0,,,,,False,False
Header/h22/Header_h22_f000066_t1.100.jpg,False,0.0,,,,,False,False
Header/h22/Header_h22_f000072_t1.200.jpg,False,0.0,,,,,False,False
Header/h22/Header_h22_f000078_t1.300.jpg,False,0.0,,,,,False,False
Header/h22/Header_h22_f000084_t1.400.jpg,False,0.0,,,,,False,False
Header/h22/Header_h22_f000090_t1.500.jpg,False,0.0,,,,,False,False
Header/h22/Header_h22_f000096_t1.600.jpg,False,0.0,,,,,False,False
Header/h22/Header_h22_f000102_t1.700.jpg,False,0.0,,,,,False,False
Header/h22/Header_h22_f000108_t1.800.jpg,False,0.0,,,,,False,False
Header/h22/Header_h22_f000114_t1.900.jpg,False,0.0,,,,,False,False
Header/h22/Header_h22_f000120_t2.000.jpg,False,0.0,,,,,False,False
Header/h22/Header_h22_f000126_t2.100.jpg,False,0.0,,,,,False,False
Header/h22/Header_h22_f000132_t2.200.jpg,False,0.0,,,,,False,False
Header/h22/Header_h22_f000138_t2.300.jpg,False,0.0,,,,,False,False
Header/h22/Header_h22_f000144_t2.400.jpg,False,0.0,,,,,False,False
Header/h22/Header_h22_f000150_t2.500.jpg,False,0.0,,,,,False,False
Header/h22/Header_h22_f000156_t2.600.jpg,False,0.0,,,,,False,False
Header/h22/Header_h22_f000162_t2.700.jpg,False,0.0,,,,,False,False
Header/h22/Header_h22_f000168_t2.800.jpg,True,0.2656,0.1,665.9,27.9,734.8,False,False
Header/h22/Header_h22_f000174_t2.900.jpg,False,0.0,,,,,False,False
Header/h22/Header_h22_f000180_t3.000.jpg,False,0.0,,,,,False,False
Header/h22/Header_h22_f000186_t3.100.jpg,False,0.0,,,,,False,False
Header/h22/Header_h22_f000192_t3.200.jpg,False,0.0,,,,,False,False
Header/h22/Header_h22_f000198_t3.300.jpg,False,0.0,,,,,False,False
Header/h22/Header_h22_f000204_t3.400.jpg,True,0.253,1264.4,703.3,1286.8,734.9,False,False
Header/h22/Header_h22_f000210_t3.500.jpg,True,0.4551,1310.9,701.6,1338.7,731.7,False,False
Header/h22/Header_h22_f000216_t3.600.jpg,False,0.0,,,,,False,False
Header/h22/Header_h22_f000222_t3.700.jpg,False,0.0,,,,,False,False
Header/h22/Header_h22_f000228_t3.800.jpg,False,0.0,,,,,False,False
Header/h22/Header_h22_f000234_t3.900.jpg,False,0.0,,,,,False,False
Header/h22/Header_h22_f000240_t4.000.jpg,False,0.0,,,,,False,False
Header/h22/Header_h22_f000246_t4.100.jpg,False,0.0,,,,,False,False
Header/h22/Header_h22_f000252_t4.200.jpg,False,0.0,,,,,False,False
Header/h22/Header_h22_f000258_t4.300.jpg,True,0.313,950.2,596.7,1001.4,649.8,False,False
Header/h22/Header_h22_f000264_t4.400.jpg,False,0.1154,914.5,433.6,934.4,470.0,True,False
Header/h22/Header_h22_f000270_t4.500.jpg,False,0.1793,864.4,362.3,897.4,385.6,True,False
Header/h22/Header_h22_f000276_t4.600.jpg,False,0.1434,812.6,575.1,861.8,623.2,True,False
Header/h22/Header_h22_f000282_t4.700.jpg,False,0.0,,,,,False,False
Header/h22/Header_h22_f000288_t4.800.jpg,False,0.0,,,,,False,False
Header/h22/Header_h22_f000294_t4.900.jpg,False,0.0,,,,,False,False
Header/h22/Header_h22_f000300_t5.000.jpg,False,0.1105,1716.6,511.4,1762.1,547.2,True,False
Header/h23/Header_h23_f000000_t0.000.jpg,True,0.2671,1099.5,714.5,1210.7,823.1,False,False
Header/h23/Header_h23_f000006_t0.100.jpg,False,0.1036,1060.6,708.1,1199.4,819.7,True,False
Header/h23/Header_h23_f000012_t0.200.jpg,True,0.6431,1407.1,704.7,1424.2,721.3,False,False
Header/h23/Header_h23_f000018_t0.300.jpg,True,0.6828,1405.5,704.1,1422.2,719.9,False,False
Header/h23/Header_h23_f000024_t0.400.jpg,False,0.0,,,,,False,False
Header/h23/Header_h23_f000030_t0.500.jpg,False,0.0,,,,,False,False
Header/h23/Header_h23_f000036_t0.600.jpg,False,0.1689,1280.3,645.0,1311.3,668.9,True,False
Header/h23/Header_h23_f000042_t0.700.jpg,False,0.0,,,,,False,False
Header/h23/Header_h23_f000048_t0.800.jpg,False,0.0,,,,,False,False
Header/h23/Header_h23_f000054_t0.900.jpg,False,0.0,,,,,False,False
Header/h23/Header_h23_f000060_t1.000.jpg,False,0.0,,,,,False,False
Header/h23/Header_h23_f000066_t1.100.jpg,False,0.0,,,,,False,False
Header/h23/Header_h23_f000072_t1.200.jpg,False,0.0,,,,,False,False
Header/h23/Header_h23_f000078_t1.300.jpg,False,0.1675,861.1,417.7,877.9,435.0,True,False
Header/h23/Header_h23_f000084_t1.400.jpg,True,0.3925,864.2,405.1,877.7,418.5,False,False
Header/h23/Header_h23_f000090_t1.500.jpg,False,0.0,,,,,False,False
Header/h23/Header_h23_f000096_t1.600.jpg,False,0.0,,,,,False,False
Header/h23/Header_h23_f000102_t1.700.jpg,False,0.0,,,,,False,False
Header/h23/Header_h23_f000108_t1.800.jpg,False,0.0,,,,,False,False
Header/h23/Header_h23_f000114_t1.900.jpg,False,0.0,,,,,False,False
Header/h23/Header_h23_f000120_t2.000.jpg,False,0.0,,,,,False,False
Header/h23/Header_h23_f000126_t2.100.jpg,True,0.341,965.2,375.6,977.7,387.3,False,False
Header/h23/Header_h23_f000132_t2.200.jpg,False,0.0,,,,,False,False
Header/h23/Header_h23_f000138_t2.300.jpg,False,0.1077,1483.1,856.5,1501.4,874.4,True,False
Header/h23/Header_h23_f000144_t2.400.jpg,False,0.0,,,,,False,False
Header/h23/Header_h23_f000150_t2.500.jpg,False,0.0,,,,,False,False
Header/h23/Header_h23_f000156_t2.600.jpg,False,0.0,,,,,False,False
Header/h23/Header_h23_f000162_t2.700.jpg,False,0.0,,,,,False,False
Header/h23/Header_h23_f000168_t2.800.jpg,False,0.0,,,,,False,False
Header/h23/Header_h23_f000174_t2.900.jpg,True,0.5198,975.4,457.4,990.5,471.1,False,False
Header/h23/Header_h23_f000180_t3.000.jpg,False,0.1995,943.4,488.7,960.4,505.6,True,False
Header/h23/Header_h23_f000186_t3.100.jpg,True,0.2869,928.1,513.9,945.1,528.9,False,False
Header/h23/Header_h23_f000192_t3.200.jpg,True,0.271,911.1,550.6,928.0,569.8,False,False
Header/h23/Header_h23_f000198_t3.300.jpg,False,0.1538,900.8,578.1,915.6,597.9,True,False
Header/h23/Header_h23_f000204_t3.400.jpg,False,0.1285,1596.7,362.1,1617.4,383.3,True,False
Header/h23/Header_h23_f000210_t3.500.jpg,False,0.1454,939.8,568.2,956.6,583.3,True,False
Header/h23/Header_h23_f000216_t3.600.jpg,False,0.1347,1646.2,344.5,1671.5,368.7,True,False
Header/h23/Header_h23_f000222_t3.700.jpg,True,0.387,974.3,552.6,992.2,570.5,False,False
Header/h23/Header_h23_f000228_t3.800.jpg,False,0.1984,541.9,122.8,564.1,150.8,True,False
Header/h23/Header_h23_f000234_t3.900.jpg,False,0.0,,,,,False,False
Header/h23/Header_h23_f000240_t4.000.jpg,True,0.2711,1000.7,584.5,1020.2,602.9,False,False
Header/h23/Header_h23_f000246_t4.100.jpg,False,0.1022,1679.4,313.6,1699.6,344.6,True,False
Header/h23/Header_h23_f000252_t4.200.jpg,False,0.0,,,,,False,False
Header/h23/Header_h23_f000258_t4.300.jpg,False,0.0,,,,,False,False
Header/h23/Header_h23_f000264_t4.400.jpg,False,0.0,,,,,False,False
Header/h23/Header_h23_f000270_t4.500.jpg,False,0.1668,1892.0,215.1,1918.3,243.2,True,False
Header/h23/Header_h23_f000276_t4.600.jpg,False,0.0,,,,,False,False
Header/h23/Header_h23_f000282_t4.700.jpg,False,0.0,,,,,False,False
Header/h23/Header_h23_f000288_t4.800.jpg,False,0.0,,,,,False,False
Header/h23/Header_h23_f000294_t4.900.jpg,False,0.0,,,,,False,False
Header/h23/Header_h23_f000300_t5.000.jpg,False,0.0,,,,,False,False
Header/h24/Header_h24_f000000_t0.000.jpg,True,0.4452,174.6,692.0,264.0,771.2,False,False
Header/h24/Header_h24_f000006_t0.100.jpg,True,0.3202,151.0,618.9,236.0,685.0,False,False
Header/h24/Header_h24_f000012_t0.200.jpg,True,0.3758,113.7,557.4,200.3,623.9,False,False
Header/h24/Header_h24_f000018_t0.300.jpg,True,0.635,89.9,535.6,177.1,603.9,False,False
Header/h24/Header_h24_f000024_t0.400.jpg,False,0.0,,,,,False,False
Header/h24/Header_h24_f000030_t0.500.jpg,False,0.0,,,,,False,False
Header/h24/Header_h24_f000036_t0.600.jpg,False,0.0,,,,,False,False
Header/h24/Header_h24_f000042_t0.700.jpg,False,0.0,,,,,False,False
Header/h24/Header_h24_f000048_t0.800.jpg,False,0.0,,,,,False,False
Header/h24/Header_h24_f000054_t0.900.jpg,False,0.0,,,,,False,False
Header/h24/Header_h24_f000060_t1.000.jpg,False,0.0,,,,,False,False
Header/h24/Header_h24_f000066_t1.100.jpg,False,0.0,,,,,False,False
Header/h24/Header_h24_f000072_t1.200.jpg,False,0.0,,,,,False,False
Header/h24/Header_h24_f000078_t1.300.jpg,False,0.0,,,,,False,False
Header/h24/Header_h24_f000084_t1.400.jpg,False,0.0,,,,,False,False
Header/h24/Header_h24_f000090_t1.500.jpg,False,0.0,,,,,False,False
Header/h24/Header_h24_f000096_t1.600.jpg,False,0.0,,,,,False,False
Header/h24/Header_h24_f000102_t1.700.jpg,False,0.0,,,,,False,False
Header/h24/Header_h24_f000108_t1.800.jpg,False,0.0,,,,,False,False
Header/h24/Header_h24_f000114_t1.900.jpg,True,0.2684,1103.1,400.7,1117.8,417.7,False,False
Header/h24/Header_h24_f000120_t2.000.jpg,True,0.3787,1109.8,447.6,1123.7,466.3,False,False
Header/h24/Header_h24_f000126_t2.100.jpg,False,0.0,,,,,False,False
Header/h24/Header_h24_f000132_t2.200.jpg,False,0.1183,1062.9,494.9,1083.0,509.8,True,False
Header/h24/Header_h24_f000138_t2.300.jpg,False,0.0,,,,,False,False
Header/h24/Header_h24_f000144_t2.400.jpg,False,0.0,,,,,False,False
Header/h24/Header_h24_f000150_t2.500.jpg,False,0.0,,,,,False,False
Header/h24/Header_h24_f000156_t2.600.jpg,False,0.0,,,,,False,False
Header/h24/Header_h24_f000162_t2.700.jpg,False,0.0,,,,,False,False
Header/h24/Header_h24_f000168_t2.800.jpg,False,0.1488,861.7,684.4,878.1,700.7,True,False
Header/h24/Header_h24_f000174_t2.900.jpg,False,0.0,,,,,False,False
Header/h24/Header_h24_f000180_t3.000.jpg,False,0.0,,,,,False,False
Header/h24/Header_h24_f000186_t3.100.jpg,False,0.0,,,,,False,False
Header/h24/Header_h24_f000192_t3.200.jpg,False,0.0,,,,,False,False
Header/h24/Header_h24_f000198_t3.300.jpg,False,0.0,,,,,False,False
Header/h24/Header_h24_f000204_t3.400.jpg,False,0.0,,,,,False,False
Header/h24/Header_h24_f000210_t3.500.jpg,False,0.0,,,,,False,False
Header/h24/Header_h24_f000216_t3.600.jpg,False,0.0,,,,,False,False
Header/h24/Header_h24_f000222_t3.700.jpg,False,0.0,,,,,False,False
Header/h24/Header_h24_f000228_t3.800.jpg,False,0.2248,514.5,211.0,547.7,239.8,True,False
Header/h24/Header_h24_f000234_t3.900.jpg,False,0.1804,722.0,727.8,743.6,751.2,True,False
Header/h24/Header_h24_f000240_t4.000.jpg,False,0.0,,,,,False,False
Header/h25/Header_h25_f000000_t0.000.jpg,False,0.1363,1675.5,425.4,1707.4,452.8,True,False
Header/h25/Header_h25_f000006_t0.100.jpg,False,0.0,,,,,False,False
Header/h25/Header_h25_f000012_t0.200.jpg,False,0.0,,,,,False,False
Header/h25/Header_h25_f000018_t0.300.jpg,False,0.2359,1251.6,888.0,1274.9,906.7,True,False
Header/h25/Header_h25_f000024_t0.400.jpg,False,0.1373,1250.1,888.4,1275.3,907.4,True,False
Header/h25/Header_h25_f000030_t0.500.jpg,False,0.0,,,,,False,False
Header/h25/Header_h25_f000036_t0.600.jpg,False,0.1271,1249.4,888.8,1273.7,906.8,True,False
Header/h25/Header_h25_f000042_t0.700.jpg,True,0.3392,869.5,522.9,886.8,548.5,False,False
Header/h25/Header_h25_f000048_t0.800.jpg,False,0.0,,,,,False,False
Header/h25/Header_h25_f000054_t0.900.jpg,False,0.0,,,,,False,False
Header/h25/Header_h25_f000060_t1.000.jpg,False,0.0,,,,,False,False
Header/h25/Header_h25_f000066_t1.100.jpg,True,0.3206,1042.0,541.9,1056.8,559.7,False,False
Header/h25/Header_h25_f000072_t1.200.jpg,False,0.2319,1013.8,493.0,1029.6,507.9,True,False
Header/h25/Header_h25_f000078_t1.300.jpg,False,0.0,,,,,False,False
Header/h25/Header_h25_f000084_t1.400.jpg,False,0.0,,,,,False,False
Header/h25/Header_h25_f000090_t1.500.jpg,False,0.0,,,,,False,False
Header/h25/Header_h25_f000096_t1.600.jpg,False,0.0,,,,,False,False
Header/h25/Header_h25_f000102_t1.700.jpg,False,0.0,,,,,False,False
Header/h25/Header_h25_f000108_t1.800.jpg,False,0.0,,,,,False,False
Header/h25/Header_h25_f000114_t1.900.jpg,False,0.0,,,,,False,False
Header/h25/Header_h25_f000120_t2.000.jpg,False,0.0,,,,,False,False
Header/h25/Header_h25_f000126_t2.100.jpg,False,0.1977,954.5,657.2,978.5,677.5,True,False
Header/h25/Header_h25_f000132_t2.200.jpg,False,0.0,,,,,False,False
Header/h25/Header_h25_f000138_t2.300.jpg,False,0.0,,,,,False,False
Header/h25/Header_h25_f000144_t2.400.jpg,False,0.0,,,,,False,False
Header/h25/Header_h25_f000150_t2.500.jpg,False,0.0,,,,,False,False
Header/h25/Header_h25_f000156_t2.600.jpg,False,0.1153,151.2,235.7,188.4,260.9,True,False
Header/h25/Header_h25_f000162_t2.700.jpg,True,0.5048,1319.8,449.0,1345.3,469.6,False,False
Header/h25/Header_h25_f000168_t2.800.jpg,True,0.4312,51.1,212.1,85.3,238.9,False,False
Header/h25/Header_h25_f000174_t2.900.jpg,False,0.1356,1302.2,437.2,1330.9,459.5,True,False
Header/h25/Header_h25_f000180_t3.000.jpg,False,0.1975,1290.8,435.0,1320.5,458.9,True,False
Header/h25/Header_h25_f000186_t3.100.jpg,True,0.4888,0.0,161.8,37.3,196.2,False,False
Header/h25/Header_h25_f000192_t3.200.jpg,True,0.308,1282.6,420.6,1313.1,444.7,False,False
Header/h25/Header_h25_f000198_t3.300.jpg,False,0.1634,1282.6,417.1,1313.4,445.2,True,False
Header/h25/Header_h25_f000204_t3.400.jpg,False,0.0,,,,,False,False
Header/h25/Header_h25_f000210_t3.500.jpg,False,0.0,,,,,False,False
Header/h25/Header_h25_f000216_t3.600.jpg,False,0.0,,,,,False,False
Header/h25/Header_h25_f000222_t3.700.jpg,False,0.0,,,,,False,False
Header/h25/Header_h25_f000228_t3.800.jpg,False,0.1016,1275.6,406.7,1306.7,430.0,True,False
Header/h25/Header_h25_f000234_t3.900.jpg,False,0.0,,,,,False,False
Header/h25/Header_h25_f000240_t4.000.jpg,False,0.1337,1275.4,405.9,1310.0,429.5,True,False
Header/h25/Header_h25_f000246_t4.100.jpg,True,0.2736,1278.5,405.6,1309.3,428.9,False,False
Header/h25/Header_h25_f000252_t4.200.jpg,True,0.484,307.4,393.2,329.7,413.9,False,False
Header/h25/Header_h25_f000258_t4.300.jpg,True,0.5928,273.7,426.4,296.9,448.6,False,False
Header/h25/Header_h25_f000264_t4.400.jpg,True,0.3999,1284.3,402.0,1315.1,425.7,False,False
Header/h25/Header_h25_f000270_t4.500.jpg,True,0.4194,1286.9,401.4,1316.7,425.0,False,False
Header/h25/Header_h25_f000276_t4.600.jpg,True,0.6651,207.4,366.9,226.1,384.6,False,False
Header/h25/Header_h25_f000282_t4.700.jpg,True,0.5335,1294.9,399.5,1324.3,421.8,False,False
Header/h25/Header_h25_f000288_t4.800.jpg,True,0.3552,1299.9,397.3,1325.8,418.9,False,False
Header/h25/Header_h25_f000294_t4.900.jpg,False,0.0,,,,,False,False
Header/h25/Header_h25_f000300_t5.000.jpg,False,0.0,,,,,False,False
Header/h26/Header_h26_f000000_t0.000.jpg,False,0.174,1393.0,523.9,1405.2,535.6,True,False
Header/h26/Header_h26_f000006_t0.100.jpg,False,0.0,,,,,False,False
Header/h26/Header_h26_f000012_t0.200.jpg,False,0.0,,,,,False,False
Header/h26/Header_h26_f000018_t0.300.jpg,False,0.0,,,,,False,False
Header/h26/Header_h26_f000024_t0.400.jpg,False,0.0,,,,,False,False
Header/h26/Header_h26_f000030_t0.500.jpg,False,0.0,,,,,False,False
Header/h26/Header_h26_f000036_t0.600.jpg,False,0.0,,,,,False,False
Header/h26/Header_h26_f000042_t0.700.jpg,False,0.0,,,,,False,False
Header/h26/Header_h26_f000048_t0.800.jpg,False,0.0,,,,,False,False
Header/h26/Header_h26_f000054_t0.900.jpg,False,0.0,,,,,False,False
Header/h26/Header_h26_f000060_t1.000.jpg,False,0.0,,,,,False,False
Header/h26/Header_h26_f000066_t1.100.jpg,False,0.0,,,,,False,False
Header/h26/Header_h26_f000072_t1.200.jpg,False,0.0,,,,,False,False
Header/h26/Header_h26_f000078_t1.300.jpg,False,0.0,,,,,False,False
Header/h26/Header_h26_f000084_t1.400.jpg,False,0.0,,,,,False,False
Header/h26/Header_h26_f000090_t1.500.jpg,False,0.0,,,,,False,False
Header/h26/Header_h26_f000096_t1.600.jpg,False,0.0,,,,,False,False
Header/h26/Header_h26_f000102_t1.700.jpg,False,0.0,,,,,False,False
Header/h26/Header_h26_f000108_t1.800.jpg,False,0.0,,,,,False,False
Header/h26/Header_h26_f000114_t1.900.jpg,False,0.0,,,,,False,False
Header/h26/Header_h26_f000120_t2.000.jpg,False,0.0,,,,,False,False
Header/h26/Header_h26_f000126_t2.100.jpg,False,0.1043,1582.9,391.3,1607.5,417.4,True,False
Header/h26/Header_h26_f000132_t2.200.jpg,False,0.0,,,,,False,False
Header/h26/Header_h26_f000138_t2.300.jpg,False,0.0,,,,,False,False
Header/h26/Header_h26_f000144_t2.400.jpg,False,0.1609,1769.8,377.1,1799.2,403.1,True,False
Header/h26/Header_h26_f000150_t2.500.jpg,False,0.0,,,,,False,False
Header/h26/Header_h26_f000156_t2.600.jpg,False,0.0,,,,,False,False
Header/h26/Header_h26_f000162_t2.700.jpg,True,0.3037,834.3,506.2,847.9,522.3,False,False
Header/h26/Header_h26_f000168_t2.800.jpg,True,0.3374,842.9,492.0,861.5,509.5,False,False
Header/h26/Header_h26_f000174_t2.900.jpg,False,0.0,,,,,False,False
Header/h26/Header_h26_f000180_t3.000.jpg,False,0.0,,,,,False,False
Header/h26/Header_h26_f000186_t3.100.jpg,False,0.1061,496.8,656.3,518.7,668.2,True,False
Header/h26/Header_h26_f000192_t3.200.jpg,False,0.0,,,,,False,False
Header/h26/Header_h26_f000198_t3.300.jpg,False,0.0,,,,,False,False
Header/h26/Header_h26_f000204_t3.400.jpg,False,0.0,,,,,False,False
Header/h26/Header_h26_f000210_t3.500.jpg,False,0.0,,,,,False,False
Header/h26/Header_h26_f000216_t3.600.jpg,False,0.0,,,,,False,False
Header/h26/Header_h26_f000222_t3.700.jpg,False,0.0,,,,,False,False
Header/h26/Header_h26_f000228_t3.800.jpg,False,0.0,,,,,False,False
Header/h26/Header_h26_f000234_t3.900.jpg,False,0.0,,,,,False,False
Header/h26/Header_h26_f000240_t4.000.jpg,False,0.0,,,,,False,False
Header/h26/Header_h26_f000246_t4.100.jpg,True,0.3451,648.9,598.2,669.8,619.3,False,False
Header/h26/Header_h26_f000252_t4.200.jpg,True,0.4092,633.3,606.3,653.2,628.4,False,False
Header/h26/Header_h26_f000258_t4.300.jpg,True,0.5925,620.7,614.7,642.4,635.2,False,False
Header/h26/Header_h26_f000264_t4.400.jpg,True,0.5843,607.5,621.4,629.6,646.0,False,False
Header/h26/Header_h26_f000270_t4.500.jpg,True,0.3937,601.6,629.4,622.2,655.4,False,False
Header/h26/Header_h26_f000276_t4.600.jpg,True,0.5951,592.4,634.9,615.9,659.7,False,False
Header/h26/Header_h26_f000282_t4.700.jpg,True,0.316,805.0,692.4,891.0,773.3,False,False
Header/h26/Header_h26_f000288_t4.800.jpg,False,0.0,,,,,False,False
Header/h26/Header_h26_f000294_t4.900.jpg,False,0.0,,,,,False,False
Header/h26/Header_h26_f000300_t5.000.jpg,False,0.0,,,,,False,False
Header/h26/Header_h26_f000306_t5.100.jpg,False,0.0,,,,,False,False
Header/h26/Header_h26_f000312_t5.200.jpg,False,0.0,,,,,False,False
Header/h26/Header_h26_f000318_t5.300.jpg,False,0.0,,,,,False,False
Header/h26/Header_h26_f000324_t5.400.jpg,False,0.0,,,,,False,False
Header/h26/Header_h26_f000330_t5.500.jpg,True,0.5365,1323.6,1040.1,1461.2,1080.0,False,False
Header/h26/Header_h26_f000336_t5.600.jpg,False,0.0,,,,,False,False
Header/h26/Header_h26_f000342_t5.700.jpg,False,0.0,,,,,False,False
Header/h26/Header_h26_f000348_t5.800.jpg,False,0.0,,,,,False,False
Header/h26/Header_h26_f000354_t5.900.jpg,False,0.1349,1097.3,585.9,1190.5,700.1,True,False
Header/h26/Header_h26_f000360_t6.000.jpg,False,0.0,,,,,False,False
Header/h27/Header_h27_f000000_t0.000.jpg,True,0.2884,944.6,718.6,961.9,737.2,False,False
Header/h27/Header_h27_f000006_t0.100.jpg,False,0.0,,,,,False,False
Header/h27/Header_h27_f000012_t0.200.jpg,False,0.0,,,,,False,False
Header/h27/Header_h27_f000018_t0.300.jpg,True,0.3557,818.2,734.5,843.0,753.8,False,False
Header/h27/Header_h27_f000024_t0.400.jpg,True,0.5362,767.2,739.1,788.9,761.3,False,False
Header/h27/Header_h27_f000030_t0.500.jpg,False,0.244,1649.9,177.8,1675.0,204.3,True,False
Header/h27/Header_h27_f000036_t0.600.jpg,True,0.4232,679.6,752.8,702.3,772.9,False,False
Header/h27/Header_h27_f000042_t0.700.jpg,True,0.5532,1147.7,476.2,1167.7,495.5,False,False
Header/h27/Header_h27_f000048_t0.800.jpg,True,0.4582,621.8,764.9,644.7,786.0,False,False
Header/h27/Header_h27_f000054_t0.900.jpg,True,0.4154,603.5,770.0,624.8,793.7,False,False
Header/h27/Header_h27_f000060_t1.000.jpg,True,0.5534,591.4,778.2,615.1,802.1,False,False
Header/h27/Header_h27_f000066_t1.100.jpg,True,0.5682,586.8,786.8,609.1,810.5,False,False
Header/h27/Header_h27_f000072_t1.200.jpg,True,0.6935,586.6,793.2,608.6,816.4,False,False
Header/h27/Header_h27_f000078_t1.300.jpg,True,0.6812,588.0,801.0,608.8,822.6,False,False
Header/h27/Header_h27_f000084_t1.400.jpg,True,0.7185,584.2,804.5,606.7,827.8,False,False
Header/h27/Header_h27_f000090_t1.500.jpg,True,0.7433,577.0,808.7,599.8,831.5,False,False
Header/h27/Header_h27_f000096_t1.600.jpg,True,0.2654,566.5,809.1,588.9,832.4,False,False
Header/h27/Header_h27_f000102_t1.700.jpg,True,0.6347,551.1,812.5,571.9,833.3,False,False
Header/h27/Header_h27_f000108_t1.800.jpg,False,0.0,,,,,False,False
Header/h27/Header_h27_f000114_t1.900.jpg,True,0.4591,1320.2,541.9,1334.4,560.9,False,False
Header/h27/Header_h27_f000120_t2.000.jpg,False,0.0,,,,,False,False
Header/h27/Header_h27_f000126_t2.100.jpg,False,0.0,,,,,False,False
Header/h27/Header_h27_f000132_t2.200.jpg,True,0.6234,869.5,522.6,890.8,541.9,False,False
Header/h27/Header_h27_f000138_t2.300.jpg,True,0.2586,921.0,479.3,938.1,493.6,False,False
Header/h27/Header_h27_f000144_t2.400.jpg,False,0.1962,1536.5,494.5,1550.6,508.5,True,False
Header/h27/Header_h27_f000150_t2.500.jpg,False,0.0,,,,,False,False
Header/h27/Header_h27_f000156_t2.600.jpg,True,0.4871,958.9,399.2,973.0,413.4,False,False
Header/h27/Header_h27_f000162_t2.700.jpg,False,0.0,,,,,False,False
Header/h27/Header_h27_f000168_t2.800.jpg,True,0.4233,961.9,379.2,976.0,394.1,False,False
Header/h27/Header_h27_f000174_t2.900.jpg,True,0.3175,281.1,838.1,303.5,855.0,False,False
Header/h27/Header_h27_f000180_t3.000.jpg,True,0.2779,987.5,381.8,1002.4,396.2,False,False
Header/h27/Header_h27_f000186_t3.100.jpg,True,0.6057,134.2,874.6,161.7,895.6,False,False
Header/h27/Header_h27_f000192_t3.200.jpg,True,0.2875,1019.1,401.5,1033.3,413.8,False,False
Header/h27/Header_h27_f000198_t3.300.jpg,False,0.0,,,,,False,False
Header/h27/Header_h27_f000204_t3.400.jpg,False,0.0,,,,,False,False
Header/h27/Header_h27_f000210_t3.500.jpg,False,0.0,,,,,False,False
Header/h27/Header_h27_f000216_t3.600.jpg,False,0.0,,,,,False,False
Header/h27/Header_h27_f000222_t3.700.jpg,False,0.0,,,,,False,False
Header/h27/Header_h27_f000228_t3.800.jpg,False,0.0,,,,,False,False
Header/h27/Header_h27_f000234_t3.900.jpg,True,0.3371,885.3,584.5,908.0,606.7,False,False
Header/h27/Header_h27_f000240_t4.000.jpg,False,0.0,,,,,False,False
Header/h27/Header_h27_f000246_t4.100.jpg,True,0.2812,828.6,700.4,847.4,727.5,False,False
Header/h27/Header_h27_f000252_t4.200.jpg,False,0.0,,,,,False,False
Header/h27/Header_h27_f000258_t4.300.jpg,False,0.0,,,,,False,False
Header/h27/Header_h27_f000264_t4.400.jpg,False,0.0,,,,,False,False
Header/h27/Header_h27_f000270_t4.500.jpg,False,0.0,,,,,False,False
Header/h27/Header_h27_f000276_t4.600.jpg,False,0.0,,,,,False,False
Header/h27/Header_h27_f000282_t4.700.jpg,False,0.0,,,,,False,False
Header/h27/Header_h27_f000288_t4.800.jpg,False,0.0,,,,,False,False
Header/h27/Header_h27_f000294_t4.900.jpg,False,0.0,,,,,False,False
Header/h27/Header_h27_f000300_t5.000.jpg,False,0.0,,,,,False,False
Header/h28/Header_h28_f000000_t0.000.jpg,True,0.306,1260.7,598.3,1283.3,620.6,False,False
Header/h28/Header_h28_f000006_t0.100.jpg,True,0.3516,1341.0,657.6,1376.5,686.4,False,False
Header/h28/Header_h28_f000012_t0.200.jpg,False,0.1688,1150.3,404.9,1214.1,469.0,True,False
Header/h28/Header_h28_f000018_t0.300.jpg,False,0.2463,1120.0,346.7,1188.6,412.3,True,False
Header/h28/Header_h28_f000024_t0.400.jpg,False,0.1811,1088.2,296.0,1156.0,360.6,True,False
Header/h28/Header_h28_f000030_t0.500.jpg,True,0.4831,1056.8,252.0,1123.1,317.2,False,False
Header/h28/Header_h28_f000036_t0.600.jpg,True,0.5948,1021.3,207.0,1090.6,272.2,False,False
Header/h28/Header_h28_f000042_t0.700.jpg,True,0.4851,986.1,161.2,1052.5,228.2,False,False
Header/h28/Header_h28_f000048_t0.800.jpg,True,0.776,949.2,130.4,1014.2,195.2,False,False
Header/h28/Header_h28_f000054_t0.900.jpg,True,0.6369,920.4,106.5,987.6,173.8,False,False
Header/h28/Header_h28_f000060_t1.000.jpg,False,0.0,,,,,False,False
Header/h28/Header_h28_f000066_t1.100.jpg,True,0.2926,900.6,97.3,962.5,160.9,False,False
Header/h28/Header_h28_f000072_t1.200.jpg,True,0.5134,903.4,108.2,965.5,170.1,False,False
Header/h28/Header_h28_f000078_t1.300.jpg,True,0.5712,912.8,121.3,972.0,182.5,False,False
Header/h28/Header_h28_f000084_t1.400.jpg,True,0.4715,1541.1,692.1,1571.5,727.5,False,False
Header/h28/Header_h28_f000090_t1.500.jpg,True,0.5153,1557.9,722.7,1587.7,756.7,False,False
Header/h28/Header_h28_f000096_t1.600.jpg,True,0.6028,942.7,174.2,997.4,230.6,False,False
Header/h28/Header_h28_f000102_t1.700.jpg,True,0.5598,950.1,191.4,1005.4,244.3,False,False
Header/h28/Header_h28_f000108_t1.800.jpg,True,0.7764,956.5,206.7,1007.3,259.8,False,False
Header/h28/Header_h28_f000114_t1.900.jpg,True,0.7054,962.7,221.5,1013.3,273.4,False,False
Header/h28/Header_h28_f000120_t2.000.jpg,True,0.7123,970.3,232.8,1019.1,285.9,False,False
Header/h28/Header_h28_f000126_t2.100.jpg,True,0.5566,975.3,241.1,1024.0,292.3,False,False
Header/h28/Header_h28_f000132_t2.200.jpg,True,0.5637,982.7,246.4,1032.1,297.7,False,False
Header/h28/Header_h28_f000138_t2.300.jpg,True,0.7518,991.6,250.2,1040.9,300.6,False,False
Header/h28/Header_h28_f000144_t2.400.jpg,True,0.2661,996.7,253.0,1049.0,304.3,False,False
Header/h28/Header_h28_f000150_t2.500.jpg,False,0.1437,423.5,242.2,459.2,268.1,True,False
Header/h28/Header_h28_f000156_t2.600.jpg,True,0.3404,1562.1,871.8,1588.1,907.3,False,False
Header/h28/Header_h28_f000162_t2.700.jpg,False,0.1112,1023.3,257.3,1073.2,311.4,True,False
Header/h28/Header_h28_f000168_t2.800.jpg,False,0.0,,,,,False,False
Header/h28/Header_h28_f000174_t2.900.jpg,True,0.4969,1039.9,259.4,1092.8,310.8,False,False
Header/h28/Header_h28_f000180_t3.000.jpg,False,0.0,,,,,False,False
Header/h28/Header_h28_f000186_t3.100.jpg,False,0.1218,1290.8,831.4,1330.1,896.6,True,False
Header/h28/Header_h28_f000192_t3.200.jpg,True,0.3102,1285.5,819.9,1345.8,901.8,False,False
Header/h28/Header_h28_f000198_t3.300.jpg,False,0.0,,,,,False,False
Header/h28/Header_h28_f000204_t3.400.jpg,True,0.6019,1048.0,284.8,1106.1,339.2,False,False
Header/h28/Header_h28_f000210_t3.500.jpg,False,0.0,,,,,False,False
Header/h28/Header_h28_f000216_t3.600.jpg,True,0.5148,1027.5,301.3,1086.2,353.0,False,False
Header/h28/Header_h28_f000222_t3.700.jpg,False,0.0,,,,,False,False
Header/h28/Header_h28_f000228_t3.800.jpg,False,0.1878,75.6,922.3,105.8,952.6,True,False
Header/h28/Header_h28_f000234_t3.900.jpg,True,0.5234,966.6,339.5,1030.9,401.5,False,False
Header/h28/Header_h28_f000240_t4.000.jpg,True,0.807,944.0,356.3,1009.0,422.6,False,False
Header/h28/Header_h28_f000246_t4.100.jpg,True,0.8745,916.7,377.3,982.7,445.4,False,False
Header/h28/Header_h28_f000252_t4.200.jpg,True,0.872,886.4,398.1,959.2,469.5,False,False
Header/h28/Header_h28_f000258_t4.300.jpg,True,0.8328,856.8,423.2,930.2,496.0,False,False
Header/h28/Header_h28_f000264_t4.400.jpg,True,0.7038,823.2,451.8,899.7,525.5,False,False
Header/h28/Header_h28_f000270_t4.500.jpg,True,0.6855,788.1,484.3,866.1,560.7,False,False
Header/h28/Header_h28_f000276_t4.600.jpg,False,0.2271,1285.3,366.7,1333.1,403.0,True,False
Header/h28/Header_h28_f000282_t4.700.jpg,True,0.8768,705.6,562.8,793.5,644.1,False,False
Header/h28/Header_h28_f000288_t4.800.jpg,True,0.6169,707.9,605.3,789.4,690.4,False,False
Header/h28/Header_h28_f000294_t4.900.jpg,True,0.4794,1042.1,251.5,1093.2,292.4,False,False
Header/h28/Header_h28_f000300_t5.000.jpg,True,0.8702,956.8,683.7,1062.1,776.3,False,False
Header/h28/Header_h28_f000306_t5.100.jpg,True,0.8644,1097.4,734.9,1205.6,831.2,False,False
Header/h28/Header_h28_f000312_t5.200.jpg,True,0.8822,1238.1,794.2,1353.3,895.6,False,False
Header/h28/Header_h28_f000318_t5.300.jpg,True,0.8935,1389.4,863.7,1504.2,967.7,False,False
Header/h28/Header_h28_f000324_t5.400.jpg,True,0.8891,1543.3,946.4,1665.1,1058.0,False,False
Header/h28/Header_h28_f000330_t5.500.jpg,False,0.1709,1699.0,1024.1,1807.3,1079.7,True,False
Header/h28/Header_h28_f000336_t5.600.jpg,True,0.8482,1807.7,909.4,1919.2,1025.9,False,False
Header/h28/Header_h28_f000342_t5.700.jpg,True,0.4506,1893.0,817.8,1919.2,900.2,False,False
Header/h28/Header_h28_f000348_t5.800.jpg,True,0.6832,0.2,292.6,51.2,343.5,False,False
Header/h28/Header_h28_f000354_t5.900.jpg,False,0.0,,,,,False,False
Header/h28/Header_h28_f000360_t6.000.jpg,False,0.0,,,,,False,False
Header/h29/Header_h29_f000000_t0.000.jpg,False,0.0,,,,,False,False
Header/h29/Header_h29_f000006_t0.100.jpg,False,0.0,,,,,False,False
Header/h29/Header_h29_f000012_t0.200.jpg,False,0.0,,,,,False,False
Header/h29/Header_h29_f000018_t0.300.jpg,False,0.0,,,,,False,False
Header/h29/Header_h29_f000024_t0.400.jpg,False,0.0,,,,,False,False
Header/h29/Header_h29_f000030_t0.500.jpg,False,0.0,,,,,False,False
Header/h29/Header_h29_f000036_t0.600.jpg,False,0.1091,447.7,697.7,463.4,709.6,True,False
Header/h29/Header_h29_f000042_t0.700.jpg,False,0.0,,,,,False,False
Header/h29/Header_h29_f000048_t0.800.jpg,False,0.0,,,,,False,False
Header/h29/Header_h29_f000054_t0.900.jpg,False,0.0,,,,,False,False
Header/h29/Header_h29_f000060_t1.000.jpg,False,0.1621,568.2,611.6,589.5,627.8,True,False
Header/h29/Header_h29_f000066_t1.100.jpg,False,0.0,,,,,False,False
Header/h29/Header_h29_f000072_t1.200.jpg,False,0.0,,,,,False,False
Header/h29/Header_h29_f000078_t1.300.jpg,False,0.0,,,,,False,False
Header/h29/Header_h29_f000084_t1.400.jpg,False,0.0,,,,,False,False
Header/h29/Header_h29_f000090_t1.500.jpg,False,0.0,,,,,False,False
Header/h29/Header_h29_f000096_t1.600.jpg,False,0.0,,,,,False,False
Header/h29/Header_h29_f000102_t1.700.jpg,False,0.0,,,,,False,False
Header/h29/Header_h29_f000108_t1.800.jpg,False,0.0,,,,,False,False
Header/h29/Header_h29_f000114_t1.900.jpg,False,0.0,,,,,False,False
Header/h29/Header_h29_f000120_t2.000.jpg,False,0.0,,,,,False,False
Header/h29/Header_h29_f000126_t2.100.jpg,False,0.1974,939.1,452.5,954.0,466.8,True,False
Header/h29/Header_h29_f000132_t2.200.jpg,False,0.0,,,,,False,False
Header/h29/Header_h29_f000138_t2.300.jpg,False,0.0,,,,,False,False
Header/h29/Header_h29_f000144_t2.400.jpg,False,0.0,,,,,False,False
Header/h29/Header_h29_f000150_t2.500.jpg,False,0.0,,,,,False,False
Header/h29/Header_h29_f000156_t2.600.jpg,False,0.0,,,,,False,False
Header/h29/Header_h29_f000162_t2.700.jpg,False,0.2103,957.9,570.7,973.3,591.4,True,False
Header/h29/Header_h29_f000168_t2.800.jpg,False,0.0,,,,,False,False
Header/h29/Header_h29_f000174_t2.900.jpg,False,0.0,,,,,False,False
Header/h29/Header_h29_f000180_t3.000.jpg,False,0.0,,,,,False,False
Header/h29/Header_h29_f000186_t3.100.jpg,False,0.1678,495.9,376.2,523.6,407.3,True,False
Header/h29/Header_h29_f000192_t3.200.jpg,False,0.0,,,,,False,False
Header/h29/Header_h29_f000198_t3.300.jpg,False,0.0,,,,,False,False
Header/h29/Header_h29_f000204_t3.400.jpg,False,0.0,,,,,False,False
Header/h29/Header_h29_f000210_t3.500.jpg,False,0.1649,1024.7,423.5,1046.9,439.5,True,False
Header/h29/Header_h29_f000216_t3.600.jpg,False,0.102,1077.3,415.1,1098.5,428.8,True,False
Header/h29/Header_h29_f000222_t3.700.jpg,True,0.2788,1120.9,409.0,1145.6,425.8,False,False
Header/h29/Header_h29_f000228_t3.800.jpg,True,0.4129,1171.9,412.2,1193.8,427.8,False,False
Header/h29/Header_h29_f000234_t3.900.jpg,True,0.7666,1220.0,422.6,1239.6,439.1,False,False
Header/h29/Header_h29_f000240_t4.000.jpg,False,0.0,,,,,False,False
Header/h29/Header_h29_f000246_t4.100.jpg,False,0.0,,,,,False,False
Header/h29/Header_h29_f000252_t4.200.jpg,False,0.0,,,,,False,False
Header/h29/Header_h29_f000258_t4.300.jpg,False,0.0,,,,,False,False
Header/h29/Header_h29_f000264_t4.400.jpg,False,0.0,,,,,False,False
Header/h29/Header_h29_f000270_t4.500.jpg,False,0.0,,,,,False,False
Header/h29/Header_h29_f000276_t4.600.jpg,False,0.0,,,,,False,False
Header/h29/Header_h29_f000282_t4.700.jpg,True,0.3997,1497.2,437.6,1520.1,458.1,False,False
Header/h29/Header_h29_f000288_t4.800.jpg,False,0.2059,1529.6,436.6,1551.0,458.2,True,False
Header/h29/Header_h29_f000294_t4.900.jpg,False,0.0,,,,,False,False
Header/h29/Header_h29_f000300_t5.000.jpg,False,0.1176,1593.7,437.5,1615.9,457.2,True,False
Header/h3/Header_h3_f000000_t0.000.jpg,False,0.0,,,,,False,False
Header/h3/Header_h3_f000006_t0.100.jpg,False,0.0,,,,,False,False
Header/h3/Header_h3_f000012_t0.200.jpg,False,0.0,,,,,False,False
Header/h3/Header_h3_f000018_t0.300.jpg,False,0.0,,,,,False,False
Header/h3/Header_h3_f000024_t0.400.jpg,False,0.0,,,,,False,False
Header/h3/Header_h3_f000030_t0.500.jpg,False,0.1658,1248.5,525.9,1266.7,546.1,True,False
Header/h3/Header_h3_f000036_t0.600.jpg,True,0.6161,1252.4,524.4,1268.9,544.4,False,False
Header/h3/Header_h3_f000042_t0.700.jpg,True,0.5001,1252.2,518.3,1270.1,540.2,False,False
Header/h3/Header_h3_f000048_t0.800.jpg,True,0.2717,1247.5,512.3,1267.1,533.0,False,False
Header/h3/Header_h3_f000054_t0.900.jpg,False,0.1309,1239.0,508.6,1261.5,529.8,True,False
Header/h3/Header_h3_f000060_t1.000.jpg,False,0.0,,,,,False,False
Header/h3/Header_h3_f000066_t1.100.jpg,False,0.0,,,,,False,False
Header/h3/Header_h3_f000072_t1.200.jpg,False,0.1325,1291.9,498.7,1309.9,521.7,True,False
Header/h3/Header_h3_f000078_t1.300.jpg,False,0.212,1309.2,498.9,1327.6,518.7,True,False
Header/h3/Header_h3_f000084_t1.400.jpg,True,0.5477,1316.6,497.3,1337.1,516.0,False,False
Header/h3/Header_h3_f000090_t1.500.jpg,True,0.3763,1324.5,489.8,1345.2,514.6,False,False
Header/h3/Header_h3_f000096_t1.600.jpg,True,0.2791,1337.5,490.9,1357.6,512.6,False,False
Header/h3/Header_h3_f000102_t1.700.jpg,True,0.3102,1353.5,486.8,1372.6,508.5,False,False
Header/h3/Header_h3_f000108_t1.800.jpg,False,0.0,,,,,False,False
Header/h3/Header_h3_f000114_t1.900.jpg,False,0.0,,,,,False,False
Header/h3/Header_h3_f000120_t2.000.jpg,False,0.0,,,,,False,False
Header/h3/Header_h3_f000126_t2.100.jpg,False,0.0,,,,,False,False
Header/h3/Header_h3_f000132_t2.200.jpg,False,0.0,,,,,False,False
Header/h3/Header_h3_f000138_t2.300.jpg,True,0.548,1401.8,503.9,1419.7,523.3,False,False
Header/h3/Header_h3_f000144_t2.400.jpg,True,0.2765,1409.0,505.4,1429.5,525.4,False,False
Header/h3/Header_h3_f000150_t2.500.jpg,False,0.1001,1481.7,473.1,1502.2,490.1,True,False
Header/h3/Header_h3_f000156_t2.600.jpg,False,0.2414,1489.3,491.8,1506.1,509.7,True,False
Header/h3/Header_h3_f000162_t2.700.jpg,False,0.0,,,,,False,False
Header/h3/Header_h3_f000168_t2.800.jpg,False,0.0,,,,,False,False
Header/h3/Header_h3_f000174_t2.900.jpg,False,0.0,,,,,False,False
Header/h3/Header_h3_f000180_t3.000.jpg,False,0.1032,896.4,658.7,911.5,684.2,True,False
Header/h3/Header_h3_f000186_t3.100.jpg,False,0.0,,,,,False,False
Header/h3/Header_h3_f000192_t3.200.jpg,False,0.0,,,,,False,False
Header/h3/Header_h3_f000198_t3.300.jpg,False,0.0,,,,,False,False
Header/h3/Header_h3_f000204_t3.400.jpg,False,0.0,,,,,False,False
Header/h3/Header_h3_f000210_t3.500.jpg,True,0.4763,828.4,219.0,847.5,237.4,False,False
Header/h3/Header_h3_f000216_t3.600.jpg,False,0.0,,,,,False,False
Header/h3/Header_h3_f000222_t3.700.jpg,True,0.3758,748.8,228.2,768.0,248.6,False,False
Header/h3/Header_h3_f000228_t3.800.jpg,False,0.0,,,,,False,False
Header/h3/Header_h3_f000234_t3.900.jpg,False,0.0,,,,,False,False
Header/h3/Header_h3_f000240_t4.000.jpg,False,0.0,,,,,False,False
Header/h3/Header_h3_f000246_t4.100.jpg,False,0.0,,,,,False,False
Header/h3/Header_h3_f000252_t4.200.jpg,False,0.0,,,,,False,False
Header/h3/Header_h3_f000258_t4.300.jpg,False,0.1329,510.6,452.4,528.5,462.3,True,False
Header/h3/Header_h3_f000264_t4.400.jpg,False,0.0,,,,,False,False
Header/h3/Header_h3_f000270_t4.500.jpg,True,0.4466,1036.1,449.2,1055.7,467.2,False,False
Header/h3/Header_h3_f000276_t4.600.jpg,False,0.2293,1468.1,399.4,1483.1,419.9,True,False
Header/h3/Header_h3_f000282_t4.700.jpg,True,0.3659,1132.6,423.1,1150.4,439.9,False,False
Header/h3/Header_h3_f000288_t4.800.jpg,False,0.0,,,,,False,False
Header/h3/Header_h3_f000294_t4.900.jpg,False,0.0,,,,,False,False
Header/h3/Header_h3_f000300_t5.000.jpg,False,0.0,,,,,False,False
Header/h3/Header_h3_f000306_t5.100.jpg,False,0.0,,,,,False,False
Header/h3/Header_h3_f000312_t5.200.jpg,False,0.0,,,,,False,False
Header/h3/Header_h3_f000318_t5.300.jpg,False,0.0,,,,,False,False
Header/h3/Header_h3_f000324_t5.400.jpg,False,0.0,,,,,False,False
Header/h3/Header_h3_f000330_t5.500.jpg,False,0.0,,,,,False,False
Header/h3/Header_h3_f000336_t5.600.jpg,False,0.0,,,,,False,False
Header/h3/Header_h3_f000342_t5.700.jpg,False,0.0,,,,,False,False
Header/h3/Header_h3_f000348_t5.800.jpg,False,0.0,,,,,False,False
Header/h3/Header_h3_f000354_t5.900.jpg,False,0.0,,,,,False,False
Header/h3/Header_h3_f000360_t6.000.jpg,False,0.0,,,,,False,False
Header/h3/Header_h3_f000366_t6.100.jpg,False,0.0,,,,,False,False
Header/h3/Header_h3_f000372_t6.200.jpg,False,0.0,,,,,False,False
Header/h3/Header_h3_f000378_t6.300.jpg,False,0.0,,,,,False,False
Header/h3/Header_h3_f000384_t6.400.jpg,False,0.0,,,,,False,False
Header/h3/Header_h3_f000390_t6.500.jpg,False,0.0,,,,,False,False
Header/h3/Header_h3_f000396_t6.600.jpg,False,0.0,,,,,False,False
Header/h3/Header_h3_f000402_t6.700.jpg,False,0.0,,,,,False,False
Header/h3/Header_h3_f000408_t6.800.jpg,False,0.0,,,,,False,False
Header/h3/Header_h3_f000414_t6.900.jpg,False,0.0,,,,,False,False
Header/h3/Header_h3_f000420_t7.000.jpg,False,0.0,,,,,False,False
Header/h30/Header_h30_f000000_t0.000.jpg,False,0.0,,,,,False,False
Header/h30/Header_h30_f000006_t0.100.jpg,False,0.0,,,,,False,False
Header/h30/Header_h30_f000012_t0.200.jpg,False,0.13,849.6,299.8,872.3,316.4,True,False
Header/h30/Header_h30_f000018_t0.300.jpg,False,0.0,,,,,False,False
Header/h30/Header_h30_f000024_t0.400.jpg,False,0.0,,,,,False,False
Header/h30/Header_h30_f000030_t0.500.jpg,False,0.0,,,,,False,False
Header/h30/Header_h30_f000036_t0.600.jpg,False,0.0,,,,,False,False
Header/h30/Header_h30_f000042_t0.700.jpg,False,0.0,,,,,False,False
Header/h30/Header_h30_f000048_t0.800.jpg,True,0.671,647.2,687.0,666.7,707.7,False,False
Header/h30/Header_h30_f000054_t0.900.jpg,False,0.0,,,,,False,False
Header/h30/Header_h30_f000060_t1.000.jpg,False,0.0,,,,,False,False
Header/h30/Header_h30_f000066_t1.100.jpg,False,0.0,,,,,False,False
Header/h30/Header_h30_f000072_t1.200.jpg,False,0.0,,,,,False,False
Header/h30/Header_h30_f000078_t1.300.jpg,False,0.0,,,,,False,False
Header/h30/Header_h30_f000084_t1.400.jpg,False,0.0,,,,,False,False
Header/h30/Header_h30_f000090_t1.500.jpg,False,0.0,,,,,False,False
Header/h30/Header_h30_f000096_t1.600.jpg,False,0.1768,1316.5,506.9,1344.9,526.0,True,False
Header/h30/Header_h30_f000102_t1.700.jpg,False,0.211,284.7,703.7,307.3,732.4,True,False
Header/h30/Header_h30_f000108_t1.800.jpg,False,0.1084,1025.7,453.5,1043.3,477.7,True,False
Header/h30/Header_h30_f000114_t1.900.jpg,False,0.0,,,,,False,False
Header/h30/Header_h30_f000120_t2.000.jpg,False,0.1828,368.1,691.4,382.6,718.9,True,False
Header/h30/Header_h30_f000126_t2.100.jpg,False,0.1212,1360.1,506.7,1376.3,522.6,True,False
Header/h30/Header_h30_f000132_t2.200.jpg,False,0.0,,,,,False,False
Header/h30/Header_h30_f000138_t2.300.jpg,False,0.0,,,,,False,False
Header/h30/Header_h30_f000144_t2.400.jpg,False,0.0,,,,,False,False
Header/h30/Header_h30_f000150_t2.500.jpg,False,0.0,,,,,False,False
Header/h30/Header_h30_f000156_t2.600.jpg,False,0.0,,,,,False,False
Header/h30/Header_h30_f000162_t2.700.jpg,False,0.0,,,,,False,False
Header/h30/Header_h30_f000168_t2.800.jpg,False,0.0,,,,,False,False
Header/h30/Header_h30_f000174_t2.900.jpg,False,0.0,,,,,False,False
Header/h30/Header_h30_f000180_t3.000.jpg,False,0.0,,,,,False,False
Header/h30/Header_h30_f000186_t3.100.jpg,False,0.0,,,,,False,False
Header/h30/Header_h30_f000192_t3.200.jpg,False,0.0,,,,,False,False
Header/h30/Header_h30_f000198_t3.300.jpg,False,0.0,,,,,False,False
Header/h30/Header_h30_f000204_t3.400.jpg,False,0.0,,,,,False,False
Header/h30/Header_h30_f000210_t3.500.jpg,False,0.0,,,,,False,False
Header/h30/Header_h30_f000216_t3.600.jpg,False,0.0,,,,,False,False
Header/h30/Header_h30_f000222_t3.700.jpg,False,0.0,,,,,False,False
Header/h30/Header_h30_f000228_t3.800.jpg,False,0.1324,1108.7,601.6,1136.9,618.0,True,False
Header/h30/Header_h30_f000234_t3.900.jpg,False,0.0,,,,,False,False
Header/h30/Header_h30_f000240_t4.000.jpg,False,0.0,,,,,False,False
Header/h30/Header_h30_f000246_t4.100.jpg,False,0.1758,1305.3,498.2,1318.0,509.5,True,False
Header/h30/Header_h30_f000252_t4.200.jpg,True,0.2753,1298.4,499.2,1309.8,510.5,False,False
Header/h30/Header_h30_f000258_t4.300.jpg,False,0.0,,,,,False,False
Header/h30/Header_h30_f000264_t4.400.jpg,True,0.3205,983.6,405.7,1007.5,430.0,False,False
Header/h30/Header_h30_f000270_t4.500.jpg,True,0.4057,928.2,473.5,955.4,496.4,False,False
Header/h30/Header_h30_f000276_t4.600.jpg,False,0.2128,899.0,480.0,915.5,498.2,True,False
Header/h30/Header_h30_f000282_t4.700.jpg,False,0.0,,,,,False,False
Header/h30/Header_h30_f000288_t4.800.jpg,True,0.4149,861.6,405.2,879.0,425.8,False,False
Header/h30/Header_h30_f000294_t4.900.jpg,True,0.5172,842.0,383.1,862.8,399.9,False,False
Header/h30/Header_h30_f000300_t5.000.jpg,True,0.726,824.7,366.0,844.4,387.3,False,False
Header/h31/Header_h31_f000000_t0.000.jpg,False,0.1642,1212.0,1028.5,1299.4,1080.0,True,False
Header/h31/Header_h31_f000006_t0.100.jpg,False,0.0,,,,,False,False
Header/h31/Header_h31_f000012_t0.200.jpg,False,0.0,,,,,False,False
Header/h31/Header_h31_f000018_t0.300.jpg,False,0.1688,92.3,532.3,190.2,634.8,True,False
Header/h31/Header_h31_f000024_t0.400.jpg,False,0.0,,,,,False,False
Header/h31/Header_h31_f000030_t0.500.jpg,False,0.0,,,,,False,False
Header/h31/Header_h31_f000036_t0.600.jpg,False,0.0,,,,,False,False
Header/h31/Header_h31_f000042_t0.700.jpg,False,0.0,,,,,False,False
Header/h31/Header_h31_f000048_t0.800.jpg,False,0.0,,,,,False,False
Header/h31/Header_h31_f000054_t0.900.jpg,False,0.0,,,,,False,False
Header/h31/Header_h31_f000060_t1.000.jpg,False,0.0,,,,,False,False
Header/h31/Header_h31_f000066_t1.100.jpg,False,0.2261,836.4,752.6,857.4,769.7,True,False
Header/h31/Header_h31_f000072_t1.200.jpg,False,0.0,,,,,False,False
Header/h31/Header_h31_f000078_t1.300.jpg,False,0.0,,,,,False,False
Header/h31/Header_h31_f000084_t1.400.jpg,False,0.0,,,,,False,False
Header/h31/Header_h31_f000090_t1.500.jpg,False,0.0,,,,,False,False
Header/h31/Header_h31_f000096_t1.600.jpg,False,0.15,925.5,752.4,950.1,770.1,True,False
Header/h31/Header_h31_f000102_t1.700.jpg,False,0.0,,,,,False,False
Header/h31/Header_h31_f000108_t1.800.jpg,False,0.0,,,,,False,False
Header/h31/Header_h31_f000114_t1.900.jpg,True,0.4894,1389.0,522.6,1417.5,544.1,False,False
Header/h31/Header_h31_f000120_t2.000.jpg,False,0.1655,1479.3,516.4,1505.5,536.5,True,False
Header/h31/Header_h31_f000126_t2.100.jpg,False,0.2243,1264.5,793.3,1299.0,811.2,True,False
Header/h31/Header_h31_f000132_t2.200.jpg,False,0.0,,,,,False,False
Header/h31/Header_h31_f000138_t2.300.jpg,False,0.2179,1802.6,466.7,1838.4,495.5,True,False
Header/h31/Header_h31_f000144_t2.400.jpg,True,0.2832,1366.7,716.3,1399.5,754.6,False,False
Header/h31/Header_h31_f000150_t2.500.jpg,False,0.1469,1458.2,729.5,1491.7,751.4,True,False
Header/h31/Header_h31_f000156_t2.600.jpg,True,0.495,1204.6,409.2,1226.8,422.8,False,False
Header/h31/Header_h31_f000162_t2.700.jpg,False,0.1572,1665.2,699.4,1711.5,750.7,True,False
Header/h31/Header_h31_f000168_t2.800.jpg,True,0.3591,633.5,773.9,652.9,803.5,False,False
Header/h31/Header_h31_f000174_t2.900.jpg,False,0.0,,,,,False,False
Header/h31/Header_h31_f000180_t3.000.jpg,False,0.0,,,,,False,False
Header/h31/Header_h31_f000186_t3.100.jpg,False,0.2467,630.2,777.1,647.6,805.6,True,False
Header/h31/Header_h31_f000192_t3.200.jpg,False,0.0,,,,,False,False
Header/h31/Header_h31_f000198_t3.300.jpg,False,0.0,,,,,False,False
Header/h31/Header_h31_f000204_t3.400.jpg,True,0.3469,672.9,344.7,701.5,373.4,False,False
Header/h31/Header_h31_f000210_t3.500.jpg,False,0.1451,688.0,308.1,709.7,334.1,True,False
Header/h31/Header_h31_f000216_t3.600.jpg,True,0.2796,740.7,287.7,762.7,314.5,False,False
Header/h31/Header_h31_f000222_t3.700.jpg,False,0.0,,,,,False,False
Header/h31/Header_h31_f000228_t3.800.jpg,False,0.0,,,,,False,False
Header/h31/Header_h31_f000234_t3.900.jpg,True,0.3907,963.5,572.7,1016.8,601.1,False,False
Header/h31/Header_h31_f000240_t4.000.jpg,True,0.2922,435.8,669.1,452.8,686.2,False,False
Header/h31/Header_h31_f000246_t4.100.jpg,False,0.1603,660.8,777.3,692.3,811.4,True,False
Header/h31/Header_h31_f000252_t4.200.jpg,True,0.3869,1313.8,689.3,1336.6,739.7,False,False
Header/h31/Header_h31_f000258_t4.300.jpg,True,0.2671,1279.0,667.4,1300.0,711.3,False,False
Header/h31/Header_h31_f000264_t4.400.jpg,True,0.373,1191.4,670.5,1220.1,700.3,False,False
Header/h31/Header_h31_f000270_t4.500.jpg,False,0.192,805.7,730.4,851.8,756.2,True,False
Header/h31/Header_h31_f000276_t4.600.jpg,False,0.1688,1075.7,681.7,1102.9,723.5,True,False
Header/h31/Header_h31_f000282_t4.700.jpg,True,0.3318,793.5,599.7,828.6,658.7,False,False
Header/h31/Header_h31_f000288_t4.800.jpg,False,0.0,,,,,False,False
Header/h31/Header_h31_f000294_t4.900.jpg,False,0.0,,,,,False,False
Header/h31/Header_h31_f000300_t5.000.jpg,False,0.0,,,,,False,False
Header/h32/Header_h32_f000000_t0.000.jpg,False,0.0,,,,,False,False
Header/h32/Header_h32_f000006_t0.100.jpg,False,0.0,,,,,False,False
Header/h32/Header_h32_f000012_t0.200.jpg,False,0.0,,,,,False,False
Header/h32/Header_h32_f000018_t0.300.jpg,False,0.1235,585.4,438.2,614.8,462.7,True,False
Header/h32/Header_h32_f000024_t0.400.jpg,False,0.1279,470.2,437.7,493.9,457.5,True,False
Header/h32/Header_h32_f000030_t0.500.jpg,False,0.0,,,,,False,False
Header/h32/Header_h32_f000036_t0.600.jpg,False,0.0,,,,,False,False
Header/h32/Header_h32_f000042_t0.700.jpg,False,0.0,,,,,False,False
Header/h32/Header_h32_f000048_t0.800.jpg,False,0.0,,,,,False,False
Header/h32/Header_h32_f000054_t0.900.jpg,False,0.0,,,,,False,False
Header/h32/Header_h32_f000060_t1.000.jpg,False,0.0,,,,,False,False
Header/h32/Header_h32_f000066_t1.100.jpg,False,0.0,,,,,False,False
Header/h32/Header_h32_f000072_t1.200.jpg,False,0.0,,,,,False,False
Header/h32/Header_h32_f000078_t1.300.jpg,False,0.0,,,,,False,False
Header/h32/Header_h32_f000084_t1.400.jpg,False,0.0,,,,,False,False
Header/h32/Header_h32_f000090_t1.500.jpg,False,0.0,,,,,False,False
Header/h32/Header_h32_f000096_t1.600.jpg,False,0.0,,,,,False,False
Header/h32/Header_h32_f000102_t1.700.jpg,False,0.0,,,,,False,False
Header/h32/Header_h32_f000108_t1.800.jpg,False,0.0,,,,,False,False
Header/h32/Header_h32_f000114_t1.900.jpg,False,0.1532,1096.1,676.8,1122.3,704.1,True,False
Header/h32/Header_h32_f000120_t2.000.jpg,False,0.0,,,,,False,False
Header/h32/Header_h32_f000126_t2.100.jpg,False,0.0,,,,,False,False
Header/h32/Header_h32_f000132_t2.200.jpg,False,0.0,,,,,False,False
Header/h32/Header_h32_f000138_t2.300.jpg,False,0.0,,,,,False,False
Header/h32/Header_h32_f000144_t2.400.jpg,False,0.0,,,,,False,False
Header/h32/Header_h32_f000150_t2.500.jpg,False,0.0,,,,,False,False
Header/h32/Header_h32_f000156_t2.600.jpg,False,0.0,,,,,False,False
Header/h32/Header_h32_f000162_t2.700.jpg,False,0.1031,1055.7,430.7,1073.2,448.0,True,False
Header/h32/Header_h32_f000168_t2.800.jpg,True,0.395,1076.5,448.5,1093.5,464.5,False,False
Header/h32/Header_h32_f000174_t2.900.jpg,False,0.0,,,,,False,False
Header/h32/Header_h32_f000180_t3.000.jpg,True,0.3874,1026.2,455.0,1055.1,473.4,False,False
Header/h32/Header_h32_f000186_t3.100.jpg,False,0.0,,,,,False,False
Header/h32/Header_h32_f000192_t3.200.jpg,False,0.0,,,,,False,False
Header/h32/Header_h32_f000198_t3.300.jpg,False,0.0,,,,,False,False
Header/h32/Header_h32_f000204_t3.400.jpg,False,0.0,,,,,False,False
Header/h32/Header_h32_f000210_t3.500.jpg,False,0.1135,1879.7,358.9,1912.8,391.0,True,False
Header/h32/Header_h32_f000216_t3.600.jpg,False,0.0,,,,,False,False
Header/h32/Header_h32_f000222_t3.700.jpg,False,0.0,,,,,False,False
Header/h32/Header_h32_f000228_t3.800.jpg,False,0.0,,,,,False,False
Header/h32/Header_h32_f000234_t3.900.jpg,False,0.0,,,,,False,False
Header/h32/Header_h32_f000240_t4.000.jpg,False,0.0,,,,,False,False
Header/h32/Header_h32_f000246_t4.100.jpg,False,0.0,,,,,False,False
Header/h32/Header_h32_f000252_t4.200.jpg,False,0.0,,,,,False,False
Header/h32/Header_h32_f000258_t4.300.jpg,False,0.0,,,,,False,False
Header/h32/Header_h32_f000264_t4.400.jpg,False,0.0,,,,,False,False
Header/h32/Header_h32_f000270_t4.500.jpg,False,0.0,,,,,False,False
Header/h32/Header_h32_f000276_t4.600.jpg,False,0.2422,1215.2,602.7,1233.7,622.9,True,False
Header/h32/Header_h32_f000282_t4.700.jpg,True,0.4223,1221.3,599.7,1237.3,622.5,False,False
Header/h32/Header_h32_f000288_t4.800.jpg,False,0.0,,,,,False,False
Header/h32/Header_h32_f000294_t4.900.jpg,False,0.2217,873.8,663.3,894.6,687.0,True,False
Header/h32/Header_h32_f000300_t5.000.jpg,False,0.0,,,,,False,False
Header/h33/Header_h33_f000000_t0.000.jpg,True,0.5462,817.3,897.1,837.2,916.7,False,False
Header/h33/Header_h33_f000006_t0.100.jpg,True,0.489,801.7,902.0,822.0,922.3,False,False
Header/h33/Header_h33_f000012_t0.200.jpg,True,0.6381,780.9,896.8,800.5,915.3,False,False
Header/h33/Header_h33_f000018_t0.300.jpg,True,0.5845,764.2,899.5,784.0,922.7,False,False
Header/h33/Header_h33_f000024_t0.400.jpg,True,0.51,735.0,897.3,754.5,913.2,False,False
Header/h33/Header_h33_f000030_t0.500.jpg,False,0.1324,713.6,893.3,733.8,913.3,True,False
Header/h33/Header_h33_f000036_t0.600.jpg,True,0.3343,682.0,898.8,704.1,917.6,False,False
Header/h33/Header_h33_f000042_t0.700.jpg,True,0.2835,665.0,897.4,685.4,918.3,False,False
Header/h33/Header_h33_f000048_t0.800.jpg,True,0.4256,639.1,898.4,656.6,917.7,False,False
Header/h33/Header_h33_f000054_t0.900.jpg,True,0.4996,617.6,899.0,638.2,919.6,False,False
Header/h33/Header_h33_f000060_t1.000.jpg,False,0.0,,,,,False,False
Header/h33/Header_h33_f000066_t1.100.jpg,True,0.2986,569.1,906.3,589.5,925.7,False,False
Header/h33/Header_h33_f000072_t1.200.jpg,False,0.0,,,,,False,False
Header/h33/Header_h33_f000078_t1.300.jpg,False,0.1809,523.4,911.3,543.2,930.2,True,False
Header/h33/Header_h33_f000084_t1.400.jpg,False,0.0,,,,,False,False
Header/h33/Header_h33_f000090_t1.500.jpg,False,0.0,,,,,False,False
Header/h33/Header_h33_f000096_t1.600.jpg,False,0.0,,,,,False,False
Header/h33/Header_h33_f000102_t1.700.jpg,False,0.0,,,,,False,False
Header/h33/Header_h33_f000108_t1.800.jpg,False,0.0,,,,,False,False
Header/h33/Header_h33_f000114_t1.900.jpg,False,0.1459,852.7,887.1,878.7,908.4,True,False
Header/h33/Header_h33_f000120_t2.000.jpg,True,0.3582,917.4,879.8,942.1,898.8,False,False
Header/h33/Header_h33_f000126_t2.100.jpg,False,0.0,,,,,False,False
Header/h33/Header_h33_f000132_t2.200.jpg,False,0.0,,,,,False,False
Header/h33/Header_h33_f000138_t2.300.jpg,False,0.0,,,,,False,False
Header/h33/Header_h33_f000144_t2.400.jpg,False,0.0,,,,,False,False
Header/h33/Header_h33_f000150_t2.500.jpg,False,0.0,,,,,False,False
Header/h33/Header_h33_f000156_t2.600.jpg,False,0.1285,940.7,856.4,958.2,876.7,True,False
Header/h33/Header_h33_f000162_t2.700.jpg,False,0.0,,,,,False,False
Header/h33/Header_h33_f000168_t2.800.jpg,True,0.3159,957.0,852.0,975.9,867.5,False,False
Header/h33/Header_h33_f000174_t2.900.jpg,True,0.4138,960.7,848.7,981.9,867.1,False,False
Header/h33/Header_h33_f000180_t3.000.jpg,True,0.7078,968.6,845.8,988.4,863.5,False,False
Header/h33/Header_h33_f000186_t3.100.jpg,False,0.0,,,,,False,False
Header/h33/Header_h33_f000192_t3.200.jpg,False,0.0,,,,,False,False
Header/h33/Header_h33_f000198_t3.300.jpg,False,0.0,,,,,False,False
Header/h33/Header_h33_f000204_t3.400.jpg,False,0.0,,,,,False,False
Header/h33/Header_h33_f000210_t3.500.jpg,False,0.0,,,,,False,False
Header/h33/Header_h33_f000216_t3.600.jpg,False,0.0,,,,,False,False
Header/h33/Header_h33_f000222_t3.700.jpg,False,0.0,,,,,False,False
Header/h33/Header_h33_f000228_t3.800.jpg,False,0.0,,,,,False,False
Header/h33/Header_h33_f000234_t3.900.jpg,False,0.0,,,,,False,False
Header/h33/Header_h33_f000240_t4.000.jpg,False,0.0,,,,,False,False
Header/h33/Header_h33_f000246_t4.100.jpg,False,0.0,,,,,False,False
Header/h33/Header_h33_f000252_t4.200.jpg,False,0.0,,,,,False,False
Header/h33/Header_h33_f000258_t4.300.jpg,False,0.0,,,,,False,False
Header/h33/Header_h33_f000264_t4.400.jpg,False,0.0,,,,,False,False
Header/h33/Header_h33_f000270_t4.500.jpg,False,0.0,,,,,False,False
Header/h33/Header_h33_f000276_t4.600.jpg,False,0.0,,,,,False,False
Header/h33/Header_h33_f000282_t4.700.jpg,False,0.0,,,,,False,False
Header/h33/Header_h33_f000288_t4.800.jpg,False,0.0,,,,,False,False
Header/h33/Header_h33_f000294_t4.900.jpg,False,0.0,,,,,False,False
Header/h33/Header_h33_f000300_t5.000.jpg,False,0.0,,,,,False,False
Header/h33/Header_h33_f000306_t5.100.jpg,True,0.2662,1875.8,375.5,1903.7,400.4,False,False
Header/h33/Header_h33_f000312_t5.200.jpg,False,0.0,,,,,False,False
Header/h33/Header_h33_f000318_t5.300.jpg,False,0.0,,,,,False,False
Header/h33/Header_h33_f000324_t5.400.jpg,False,0.0,,,,,False,False
Header/h33/Header_h33_f000330_t5.500.jpg,False,0.0,,,,,False,False
Header/h33/Header_h33_f000336_t5.600.jpg,False,0.0,,,,,False,False
Header/h33/Header_h33_f000342_t5.700.jpg,True,0.2784,1735.5,759.2,1756.4,780.8,False,False
Header/h33/Header_h33_f000348_t5.800.jpg,False,0.0,,,,,False,False
Header/h33/Header_h33_f000354_t5.900.jpg,False,0.0,,,,,False,False
Header/h33/Header_h33_f000360_t6.000.jpg,False,0.0,,,,,False,False
Header/h33/Header_h33_f000366_t6.100.jpg,True,0.653,365.0,607.9,390.1,633.1,False,False
Header/h33/Header_h33_f000372_t6.200.jpg,False,0.0,,,,,False,False
Header/h33/Header_h33_f000378_t6.300.jpg,False,0.0,,,,,False,False
Header/h33/Header_h33_f000384_t6.400.jpg,False,0.0,,,,,False,False
Header/h33/Header_h33_f000390_t6.500.jpg,False,0.0,,,,,False,False
Header/h33/Header_h33_f000396_t6.600.jpg,False,0.0,,,,,False,False
Header/h33/Header_h33_f000402_t6.700.jpg,False,0.0,,,,,False,False
Header/h33/Header_h33_f000408_t6.800.jpg,False,0.0,,,,,False,False
Header/h33/Header_h33_f000414_t6.900.jpg,False,0.0,,,,,False,False
Header/h33/Header_h33_f000420_t7.000.jpg,True,0.282,478.1,757.5,509.8,793.8,False,False
Header/h33/Header_h33_f000426_t7.100.jpg,True,0.3549,469.9,723.7,503.1,757.5,False,False
Header/h33/Header_h33_f000432_t7.200.jpg,False,0.0,,,,,False,False
Header/h33/Header_h33_f000438_t7.300.jpg,False,0.0,,,,,False,False
Header/h33/Header_h33_f000444_t7.400.jpg,False,0.0,,,,,False,False
Header/h33/Header_h33_f000450_t7.500.jpg,False,0.1079,960.4,673.1,983.3,698.6,True,False
Header/h33/Header_h33_f000456_t7.600.jpg,True,0.6621,420.6,671.6,454.3,704.6,False,False
Header/h33/Header_h33_f000462_t7.700.jpg,True,0.3336,406.3,696.6,439.2,730.6,False,False
Header/h33/Header_h33_f000468_t7.800.jpg,False,0.0,,,,,False,False
Header/h33/Header_h33_f000474_t7.900.jpg,False,0.0,,,,,False,False
Header/h33/Header_h33_f000480_t8.000.jpg,False,0.0,,,,,False,False
Header/h34/Header_h34_f000000_t0.000.jpg,False,0.0,,,,,False,False
Header/h34/Header_h34_f000006_t0.100.jpg,False,0.0,,,,,False,False
Header/h34/Header_h34_f000012_t0.200.jpg,False,0.0,,,,,False,False
Header/h34/Header_h34_f000018_t0.300.jpg,False,0.0,,,,,False,False
Header/h34/Header_h34_f000024_t0.400.jpg,False,0.0,,,,,False,False
Header/h34/Header_h34_f000030_t0.500.jpg,False,0.0,,,,,False,False
Header/h34/Header_h34_f000036_t0.600.jpg,False,0.0,,,,,False,False
Header/h34/Header_h34_f000042_t0.700.jpg,False,0.0,,,,,False,False
Header/h34/Header_h34_f000048_t0.800.jpg,False,0.0,,,,,False,False
Header/h34/Header_h34_f000054_t0.900.jpg,False,0.0,,,,,False,False
Header/h34/Header_h34_f000060_t1.000.jpg,False,0.201,884.2,690.0,905.1,711.0,True,False
Header/h34/Header_h34_f000066_t1.100.jpg,False,0.0,,,,,False,False
Header/h34/Header_h34_f000072_t1.200.jpg,False,0.0,,,,,False,False
Header/h34/Header_h34_f000078_t1.300.jpg,True,0.6899,941.7,683.5,959.9,701.2,False,False
Header/h34/Header_h34_f000084_t1.400.jpg,False,0.0,,,,,False,False
Header/h34/Header_h34_f000090_t1.500.jpg,False,0.0,,,,,False,False
Header/h34/Header_h34_f000096_t1.600.jpg,False,0.0,,,,,False,False
Header/h34/Header_h34_f000102_t1.700.jpg,False,0.0,,,,,False,False
Header/h34/Header_h34_f000108_t1.800.jpg,False,0.1199,446.6,447.4,470.6,461.2,True,False
Header/h34/Header_h34_f000114_t1.900.jpg,False,0.1578,962.5,417.8,978.2,433.9,True,False
Header/h34/Header_h34_f000120_t2.000.jpg,False,0.0,,,,,False,False
Header/h34/Header_h34_f000126_t2.100.jpg,False,0.0,,,,,False,False
Header/h34/Header_h34_f000132_t2.200.jpg,False,0.0,,,,,False,False
Header/h34/Header_h34_f000138_t2.300.jpg,False,0.0,,,,,False,False
Header/h34/Header_h34_f000144_t2.400.jpg,False,0.0,,,,,False,False
Header/h34/Header_h34_f000150_t2.500.jpg,False,0.0,,,,,False,False
Header/h34/Header_h34_f000156_t2.600.jpg,False,0.0,,,,,False,False
Header/h34/Header_h34_f000162_t2.700.jpg,False,0.0,,,,,False,False
Header/h34/Header_h34_f000168_t2.800.jpg,False,0.0,,,,,False,False
Header/h34/Header_h34_f000174_t2.900.jpg,False,0.0,,,,,False,False
Header/h34/Header_h34_f000180_t3.000.jpg,False,0.0,,,,,False,False
Header/h34/Header_h34_f000186_t3.100.jpg,False,0.0,,,,,False,False
Header/h34/Header_h34_f000192_t3.200.jpg,False,0.0,,,,,False,False
Header/h34/Header_h34_f000198_t3.300.jpg,False,0.0,,,,,False,False
Header/h34/Header_h34_f000204_t3.400.jpg,False,0.2126,1299.5,375.3,1327.3,404.4,True,False
Header/h34/Header_h34_f000210_t3.500.jpg,False,0.0,,,,,False,False
Header/h34/Header_h34_f000216_t3.600.jpg,False,0.0,,,,,False,False
Header/h34/Header_h34_f000222_t3.700.jpg,False,0.0,,,,,False,False
Header/h34/Header_h34_f000228_t3.800.jpg,False,0.0,,,,,False,False
Header/h34/Header_h34_f000234_t3.900.jpg,False,0.0,,,,,False,False
Header/h34/Header_h34_f000240_t4.000.jpg,False,0.0,,,,,False,False
Header/h34/Header_h34_f000246_t4.100.jpg,False,0.0,,,,,False,False
Header/h34/Header_h34_f000252_t4.200.jpg,False,0.0,,,,,False,False
Header/h34/Header_h34_f000258_t4.300.jpg,False,0.0,,,,,False,False
Header/h34/Header_h34_f000264_t4.400.jpg,False,0.0,,,,,False,False
Header/h34/Header_h34_f000270_t4.500.jpg,False,0.0,,,,,False,False
Header/h34/Header_h34_f000276_t4.600.jpg,False,0.0,,,,,False,False
Header/h34/Header_h34_f000282_t4.700.jpg,False,0.0,,,,,False,False
Header/h34/Header_h34_f000288_t4.800.jpg,False,0.0,,,,,False,False
Header/h34/Header_h34_f000294_t4.900.jpg,False,0.0,,,,,False,False
Header/h34/Header_h34_f000300_t5.000.jpg,False,0.0,,,,,False,False
Header/h34/Header_h34_f000306_t5.100.jpg,False,0.0,,,,,False,False
Header/h34/Header_h34_f000312_t5.200.jpg,False,0.0,,,,,False,False
Header/h34/Header_h34_f000318_t5.300.jpg,False,0.0,,,,,False,False
Header/h34/Header_h34_f000324_t5.400.jpg,False,0.0,,,,,False,False
Header/h34/Header_h34_f000330_t5.500.jpg,False,0.0,,,,,False,False
Header/h34/Header_h34_f000336_t5.600.jpg,False,0.0,,,,,False,False
Header/h34/Header_h34_f000342_t5.700.jpg,False,0.0,,,,,False,False
Header/h34/Header_h34_f000348_t5.800.jpg,False,0.0,,,,,False,False
Header/h34/Header_h34_f000354_t5.900.jpg,False,0.0,,,,,False,False
Header/h34/Header_h34_f000360_t6.000.jpg,False,0.0,,,,,False,False
Header/h35/Header_h35_f000000_t0.000.jpg,True,0.9153,290.8,821.3,406.6,933.1,False,False
Header/h35/Header_h35_f000006_t0.100.jpg,True,0.92,288.7,818.5,407.0,928.3,False,False
Header/h35/Header_h35_f000012_t0.200.jpg,True,0.9131,293.1,809.5,413.2,916.9,False,False
Header/h35/Header_h35_f000018_t0.300.jpg,True,0.921,302.7,798.2,421.4,904.8,False,False
Header/h35/Header_h35_f000024_t0.400.jpg,True,0.9047,313.1,776.7,428.3,883.2,False,False
Header/h35/Header_h35_f000030_t0.500.jpg,True,0.9105,306.8,765.2,417.0,868.1,False,False
Header/h35/Header_h35_f000036_t0.600.jpg,True,0.89,544.8,573.8,670.8,688.8,False,False
Header/h35/Header_h35_f000042_t0.700.jpg,True,0.4259,669.4,482.8,785.7,586.7,False,False
Header/h35/Header_h35_f000048_t0.800.jpg,True,0.6543,830.5,382.5,921.1,478.8,False,False
Header/h35/Header_h35_f000054_t0.900.jpg,True,0.9062,895.3,356.1,969.6,431.7,False,False
Header/h35/Header_h35_f000060_t1.000.jpg,True,0.8897,927.6,347.4,989.4,407.4,False,False
Header/h35/Header_h35_f000066_t1.100.jpg,True,0.8795,932.2,350.6,984.8,403.1,False,False
Header/h35/Header_h35_f000072_t1.200.jpg,True,0.8465,915.2,368.1,963.8,414.8,False,False
Header/h35/Header_h35_f000078_t1.300.jpg,True,0.9009,905.2,378.2,947.7,419.5,False,False
Header/h35/Header_h35_f000084_t1.400.jpg,True,0.8212,885.4,391.6,924.3,423.3,False,False
Header/h35/Header_h35_f000090_t1.500.jpg,True,0.3652,866.3,389.8,903.5,430.9,False,False
Header/h35/Header_h35_f000096_t1.600.jpg,True,0.5022,837.4,382.2,870.5,414.9,False,False
Header/h35/Header_h35_f000102_t1.700.jpg,False,0.2021,822.3,375.0,854.8,404.0,True,False
Header/h35/Header_h35_f000108_t1.800.jpg,True,0.5717,800.6,361.0,832.3,392.0,False,False
Header/h35/Header_h35_f000114_t1.900.jpg,True,0.4296,792.0,357.0,824.3,391.4,False,False
Header/h35/Header_h35_f000120_t2.000.jpg,True,0.7197,785.3,356.6,819.5,389.7,False,False
Header/h35/Header_h35_f000126_t2.100.jpg,True,0.4059,794.9,366.2,827.3,397.1,False,False
Header/h35/Header_h35_f000132_t2.200.jpg,False,0.1363,818.8,384.2,854.2,414.1,True,False
Header/h35/Header_h35_f000138_t2.300.jpg,True,0.7789,846.2,400.5,878.7,430.5,False,False
Header/h35/Header_h35_f000144_t2.400.jpg,True,0.7963,888.2,432.2,924.0,465.7,False,False
Header/h35/Header_h35_f000150_t2.500.jpg,True,0.5756,920.9,460.3,956.8,492.3,False,False
Header/h35/Header_h35_f000156_t2.600.jpg,False,0.1327,1098.0,597.8,1118.0,620.2,True,False
Header/h35/Header_h35_f000162_t2.700.jpg,False,0.0,,,,,False,False
Header/h35/Header_h35_f000168_t2.800.jpg,False,0.1117,608.5,535.2,707.7,581.2,True,False
Header/h35/Header_h35_f000174_t2.900.jpg,False,0.0,,,,,False,False
Header/h35/Header_h35_f000180_t3.000.jpg,False,0.0,,,,,False,False
Header/h35/Header_h35_f000186_t3.100.jpg,False,0.1451,472.5,534.6,571.0,582.1,True,False
Header/h35/Header_h35_f000192_t3.200.jpg,False,0.0,,,,,False,False
Header/h35/Header_h35_f000198_t3.300.jpg,False,0.2007,1306.7,801.7,1340.6,837.6,True,False
Header/h35/Header_h35_f000204_t3.400.jpg,True,0.7121,672.3,667.1,718.8,718.2,False,False
Header/h35/Header_h35_f000210_t3.500.jpg,True,0.6701,654.8,699.8,702.9,752.3,False,False
Header/h35/Header_h35_f000216_t3.600.jpg,True,0.3102,646.5,752.1,682.8,803.3,False,False
Header/h35/Header_h35_f000222_t3.700.jpg,False,0.0,,,,,False,False
Header/h35/Header_h35_f000228_t3.800.jpg,True,0.4393,1120.8,745.2,1153.8,772.9,False,False
Header/h35/Header_h35_f000234_t3.900.jpg,True,0.2651,722.0,863.3,776.4,924.1,False,False
Header/h35/Header_h35_f000240_t4.000.jpg,True,0.4553,759.7,802.9,817.8,864.9,False,False
Header/h35/Header_h35_f000246_t4.100.jpg,True,0.4292,784.9,766.4,844.4,825.5,False,False
Header/h35/Header_h35_f000252_t4.200.jpg,True,0.8124,815.4,707.2,878.8,766.5,False,False
Header/h35/Header_h35_f000258_t4.300.jpg,False,0.1237,838.8,674.6,894.2,731.2,True,False
Header/h35/Header_h35_f000264_t4.400.jpg,False,0.0,,,,,False,False
Header/h35/Header_h35_f000270_t4.500.jpg,False,0.0,,,,,False,False
Header/h35/Header_h35_f000276_t4.600.jpg,True,0.3403,927.1,561.3,1002.3,639.9,False,False
Header/h35/Header_h35_f000282_t4.700.jpg,False,0.0,,,,,False,False
Header/h35/Header_h35_f000288_t4.800.jpg,False,0.0,,,,,False,False
Header/h35/Header_h35_f000294_t4.900.jpg,True,0.3534,1015.0,489.3,1107.0,579.2,False,False
Header/h35/Header_h35_f000300_t5.000.jpg,True,0.8736,1068.9,478.9,1169.7,578.5,False,False
Header/h36/Header_h36_f000000_t0.000.jpg,False,0.0,,,,,False,True
Header/h36/Header_h36_f000006_t0.100.jpg,False,0.0,,,,,False,True
Header/h36/Header_h36_f000012_t0.200.jpg,False,0.0,,,,,False,False
Header/h36/Header_h36_f000018_t0.300.jpg,False,0.0,,,,,False,False
Header/h36/Header_h36_f000024_t0.400.jpg,False,0.0,,,,,False,False
Header/h36/Header_h36_f000030_t0.500.jpg,False,0.0,,,,,False,False
Header/h36/Header_h36_f000036_t0.600.jpg,False,0.0,,,,,False,False
Header/h36/Header_h36_f000042_t0.700.jpg,False,0.0,,,,,False,False
Header/h36/Header_h36_f000048_t0.800.jpg,False,0.0,,,,,False,False
Header/h36/Header_h36_f000054_t0.900.jpg,False,0.0,,,,,False,False
Header/h36/Header_h36_f000060_t1.000.jpg,False,0.0,,,,,False,False
Header/h36/Header_h36_f000066_t1.100.jpg,False,0.0,,,,,False,False
Header/h36/Header_h36_f000072_t1.200.jpg,False,0.0,,,,,False,False
Header/h36/Header_h36_f000078_t1.300.jpg,False,0.0,,,,,False,False
Header/h36/Header_h36_f000084_t1.400.jpg,False,0.0,,,,,False,False
Header/h36/Header_h36_f000090_t1.500.jpg,False,0.0,,,,,False,False
Header/h36/Header_h36_f000096_t1.600.jpg,False,0.0,,,,,False,False
Header/h36/Header_h36_f000102_t1.700.jpg,False,0.0,,,,,False,False
Header/h36/Header_h36_f000108_t1.800.jpg,False,0.0,,,,,False,False
Header/h36/Header_h36_f000114_t1.900.jpg,False,0.0,,,,,False,False
Header/h36/Header_h36_f000120_t2.000.jpg,False,0.0,,,,,False,False
Header/h36/Header_h36_f000126_t2.100.jpg,False,0.0,,,,,False,False
Header/h36/Header_h36_f000132_t2.200.jpg,False,0.0,,,,,False,False
Header/h36/Header_h36_f000138_t2.300.jpg,False,0.0,,,,,False,False
Header/h36/Header_h36_f000144_t2.400.jpg,False,0.0,,,,,False,False
Header/h36/Header_h36_f000150_t2.500.jpg,False,0.0,,,,,False,False
Header/h36/Header_h36_f000156_t2.600.jpg,False,0.0,,,,,False,False
Header/h36/Header_h36_f000162_t2.700.jpg,True,0.3587,1167.9,313.7,1183.3,326.5,False,False
Header/h36/Header_h36_f000168_t2.800.jpg,False,0.0,,,,,False,False
Header/h36/Header_h36_f000174_t2.900.jpg,False,0.0,,,,,False,False
Header/h36/Header_h36_f000180_t3.000.jpg,True,0.5631,1113.7,306.8,1124.5,319.0,False,False
Header/h36/Header_h36_f000186_t3.100.jpg,False,0.0,,,,,False,False
Header/h36/Header_h36_f000192_t3.200.jpg,True,0.5601,1089.2,327.5,1103.1,341.2,False,False
Header/h36/Header_h36_f000198_t3.300.jpg,False,0.0,,,,,False,False
Header/h36/Header_h36_f000204_t3.400.jpg,False,0.0,,,,,False,False
Header/h36/Header_h36_f000210_t3.500.jpg,False,0.0,,,,,False,False
Header/h36/Header_h36_f000216_t3.600.jpg,False,0.0,,,,,False,False
Header/h36/Header_h36_f000222_t3.700.jpg,False,0.0,,,,,False,False
Header/h36/Header_h36_f000228_t3.800.jpg,False,0.0,,,,,False,False
Header/h36/Header_h36_f000234_t3.900.jpg,False,0.0,,,,,False,False
Header/h36/Header_h36_f000240_t4.000.jpg,False,0.0,,,,,False,False
Header/h36/Header_h36_f000246_t4.100.jpg,False,0.0,,,,,False,False
Header/h36/Header_h36_f000252_t4.200.jpg,False,0.0,,,,,False,False
Header/h36/Header_h36_f000258_t4.300.jpg,False,0.0,,,,,False,False
Header/h36/Header_h36_f000264_t4.400.jpg,False,0.0,,,,,False,False
Header/h36/Header_h36_f000270_t4.500.jpg,False,0.0,,,,,False,False
Header/h36/Header_h36_f000276_t4.600.jpg,False,0.0,,,,,False,False
Header/h36/Header_h36_f000282_t4.700.jpg,False,0.0,,,,,False,False
Header/h36/Header_h36_f000288_t4.800.jpg,False,0.0,,,,,False,False
Header/h36/Header_h36_f000294_t4.900.jpg,False,0.171,1108.2,458.4,1129.4,471.6,True,False
Header/h36/Header_h36_f000300_t5.000.jpg,False,0.0,,,,,False,False
Header/h36/Header_h36_f000306_t5.100.jpg,False,0.0,,,,,False,False
Header/h36/Header_h36_f000312_t5.200.jpg,False,0.0,,,,,False,False
Header/h36/Header_h36_f000318_t5.300.jpg,False,0.0,,,,,False,False
Header/h36/Header_h36_f000324_t5.400.jpg,False,0.0,,,,,False,False
Header/h36/Header_h36_f000330_t5.500.jpg,False,0.1615,1229.0,479.1,1246.4,495.6,True,False
Header/h36/Header_h36_f000336_t5.600.jpg,False,0.1112,1582.8,304.3,1606.4,329.5,True,False
Header/h36/Header_h36_f000342_t5.700.jpg,True,0.4637,1527.4,303.1,1554.3,328.4,False,False
Header/h36/Header_h36_f000348_t5.800.jpg,False,0.2021,1455.1,301.3,1482.4,328.5,True,False
Header/h36/Header_h36_f000354_t5.900.jpg,False,0.0,,,,,False,False
Header/h36/Header_h36_f000360_t6.000.jpg,False,0.0,,,,,False,False
Header/h36/Header_h36_f000366_t6.100.jpg,False,0.0,,,,,False,False
Header/h36/Header_h36_f000372_t6.200.jpg,False,0.0,,,,,False,False
Header/h36/Header_h36_f000378_t6.300.jpg,False,0.0,,,,,False,False
Header/h36/Header_h36_f000384_t6.400.jpg,False,0.0,,,,,False,False
Header/h36/Header_h36_f000390_t6.500.jpg,False,0.0,,,,,False,False
Header/h36/Header_h36_f000396_t6.600.jpg,True,0.3029,1200.2,548.4,1214.7,563.3,False,False
Header/h36/Header_h36_f000402_t6.700.jpg,False,0.0,,,,,False,False
Header/h36/Header_h36_f000408_t6.800.jpg,False,0.0,,,,,False,False
Header/h36/Header_h36_f000414_t6.900.jpg,False,0.0,,,,,False,False
Header/h36/Header_h36_f000420_t7.000.jpg,False,0.0,,,,,False,False
Header/h36/Header_h36_f000426_t7.100.jpg,False,0.0,,,,,False,False
Header/h36/Header_h36_f000432_t7.200.jpg,False,0.0,,,,,False,False
Header/h36/Header_h36_f000438_t7.300.jpg,False,0.0,,,,,False,False
Header/h36/Header_h36_f000444_t7.400.jpg,False,0.0,,,,,False,False
Header/h36/Header_h36_f000450_t7.500.jpg,False,0.0,,,,,False,False
Header/h36/Header_h36_f000456_t7.600.jpg,False,0.0,,,,,False,False
Header/h36/Header_h36_f000462_t7.700.jpg,False,0.0,,,,,False,False
Header/h36/Header_h36_f000468_t7.800.jpg,False,0.0,,,,,False,False
Header/h36/Header_h36_f000474_t7.900.jpg,False,0.0,,,,,False,False
Header/h36/Header_h36_f000480_t8.000.jpg,False,0.0,,,,,False,False
Header/h37/Header_h37_f000000_t0.000.jpg,False,0.0,,,,,False,False
Header/h37/Header_h37_f000006_t0.100.jpg,False,0.0,,,,,False,False
Header/h37/Header_h37_f000012_t0.200.jpg,False,0.0,,,,,False,False
Header/h37/Header_h37_f000018_t0.300.jpg,False,0.0,,,,,False,False
Header/h37/Header_h37_f000024_t0.400.jpg,False,0.0,,,,,False,False
Header/h37/Header_h37_f000030_t0.500.jpg,False,0.0,,,,,False,False
Header/h37/Header_h37_f000036_t0.600.jpg,False,0.0,,,,,False,False
Header/h37/Header_h37_f000042_t0.700.jpg,False,0.0,,,,,False,False
Header/h37/Header_h37_f000048_t0.800.jpg,False,0.182,709.3,550.0,784.1,626.1,True,False
Header/h37/Header_h37_f000054_t0.900.jpg,False,0.1213,0.1,946.8,22.1,994.0,True,False
Header/h37/Header_h37_f000060_t1.000.jpg,False,0.0,,,,,False,False
Header/h37/Header_h37_f000066_t1.100.jpg,False,0.0,,,,,False,False
Header/h37/Header_h37_f000072_t1.200.jpg,False,0.1498,1552.1,595.0,1587.4,615.4,True,False
Header/h37/Header_h37_f000078_t1.300.jpg,False,0.1582,1545.3,597.1,1571.1,619.3,True,False
Header/h37/Header_h37_f000084_t1.400.jpg,False,0.0,,,,,False,False
Header/h37/Header_h37_f000090_t1.500.jpg,True,0.639,389.6,106.5,459.6,171.9,False,False
Header/h37/Header_h37_f000096_t1.600.jpg,True,0.8386,464.3,196.3,531.1,265.6,False,False
Header/h37/Header_h37_f000102_t1.700.jpg,True,0.5802,504.7,248.5,567.6,306.1,False,False
Header/h37/Header_h37_f000108_t1.800.jpg,True,0.7663,499.6,216.4,566.0,280.9,False,False
Header/h37/Header_h37_f000114_t1.900.jpg,True,0.8732,499.7,200.6,565.0,261.8,False,False
Header/h37/Header_h37_f000120_t2.000.jpg,True,0.8856,501.4,173.4,573.1,240.8,False,False
Header/h37/Header_h37_f000126_t2.100.jpg,True,0.8762,506.8,154.9,581.4,227.1,False,False
Header/h37/Header_h37_f000132_t2.200.jpg,True,0.8294,518.1,134.9,597.0,208.3,False,False
Header/h37/Header_h37_f000138_t2.300.jpg,True,0.657,530.0,117.5,611.7,200.1,False,False
Header/h37/Header_h37_f000144_t2.400.jpg,True,0.8949,550.6,103.8,637.3,189.8,False,False
Header/h37/Header_h37_f000150_t2.500.jpg,True,0.8983,565.8,97.0,656.4,185.6,False,False
Header/h37/Header_h37_f000156_t2.600.jpg,True,0.8968,596.7,95.2,693.4,193.3,False,False
Header/h37/Header_h37_f000162_t2.700.jpg,True,0.8997,622.0,98.4,719.9,196.0,False,False
Header/h37/Header_h37_f000168_t2.800.jpg,True,0.8818,656.1,111.7,761.5,212.9,False,False
Header/h37/Header_h37_f000174_t2.900.jpg,True,0.9008,682.0,124.5,788.9,229.3,False,False
Header/h37/Header_h37_f000180_t3.000.jpg,True,0.8819,725.3,146.8,838.7,258.7,False,False
Header/h37/Header_h37_f000186_t3.100.jpg,True,0.8874,761.9,169.8,873.8,294.2,False,False
Header/h37/Header_h37_f000192_t3.200.jpg,False,0.2433,822.0,212.9,887.7,328.8,True,False
Header/h37/Header_h37_f000198_t3.300.jpg,False,0.1874,919.9,248.8,984.5,351.9,True,False
Header/h37/Header_h37_f000204_t3.400.jpg,True,0.6716,942.0,309.6,1074.4,444.8,False,False
Header/h37/Header_h37_f000210_t3.500.jpg,True,0.3303,117.2,847.8,187.4,888.6,False,False
Header/h37/Header_h37_f000216_t3.600.jpg,True,0.4347,1698.0,715.7,1757.4,772.4,False,False
Header/h37/Header_h37_f000222_t3.700.jpg,True,0.7746,1187.1,518.5,1298.4,640.7,False,False
Header/h37/Header_h37_f000228_t3.800.jpg,True,0.8657,1236.0,589.2,1371.9,729.2,False,False
Header/h37/Header_h37_f000234_t3.900.jpg,True,0.8504,1271.6,634.4,1414.1,767.1,False,False
Header/h37/Header_h37_f000240_t4.000.jpg,True,0.8582,1322.7,693.8,1456.3,825.8,False,False
Header/h37/Header_h37_f000246_t4.100.jpg,True,0.3599,1343.2,732.4,1481.5,840.5,False,False
Header/h37/Header_h37_f000252_t4.200.jpg,False,0.1334,0.1,1050.3,48.1,1079.5,True,False
Header/h37/Header_h37_f000258_t4.300.jpg,False,0.0,,,,,False,True
Header/h37/Header_h37_f000264_t4.400.jpg,False,0.0,,,,,False,True
Header/h37/Header_h37_f000270_t4.500.jpg,False,0.0,,,,,False,True
Header/h37/Header_h37_f000276_t4.600.jpg,False,0.0,,,,,False,True
Header/h37/Header_h37_f000282_t4.700.jpg,False,0.0,,,,,False,True
Header/h37/Header_h37_f000288_t4.800.jpg,False,0.0,,,,,False,True
Header/h37/Header_h37_f000294_t4.900.jpg,False,0.0,,,,,False,True
Header/h37/Header_h37_f000300_t5.000.jpg,False,0.0,,,,,False,True
Header/h37/Header_h37_f000306_t5.100.jpg,False,0.0,,,,,False,True
Header/h37/Header_h37_f000312_t5.200.jpg,False,0.0,,,,,False,True
Header/h37/Header_h37_f000318_t5.300.jpg,False,0.0,,,,,False,True
Header/h37/Header_h37_f000324_t5.400.jpg,False,0.0,,,,,False,True
Header/h37/Header_h37_f000330_t5.500.jpg,False,0.0,,,,,False,True
Header/h37/Header_h37_f000336_t5.600.jpg,False,0.0,,,,,False,True
Header/h37/Header_h37_f000342_t5.700.jpg,False,0.0,,,,,False,True
Header/h37/Header_h37_f000348_t5.800.jpg,False,0.0,,,,,False,True
Header/h37/Header_h37_f000354_t5.900.jpg,False,0.0,,,,,False,True
Header/h37/Header_h37_f000360_t6.000.jpg,False,0.0,,,,,False,True
Header/h37/Header_h37_f000366_t6.100.jpg,False,0.0,,,,,False,True
Header/h37/Header_h37_f000372_t6.200.jpg,False,0.0,,,,,False,True
Header/h37/Header_h37_f000378_t6.300.jpg,False,0.0,,,,,False,True
Header/h37/Header_h37_f000384_t6.400.jpg,False,0.0,,,,,False,True
Header/h37/Header_h37_f000390_t6.500.jpg,False,0.0,,,,,False,True
Header/h37/Header_h37_f000396_t6.600.jpg,False,0.0,,,,,False,True
Header/h37/Header_h37_f000402_t6.700.jpg,False,0.0,,,,,False,True
Header/h37/Header_h37_f000408_t6.800.jpg,False,0.0,,,,,False,True
Header/h37/Header_h37_f000414_t6.900.jpg,False,0.0,,,,,False,True
Header/h37/Header_h37_f000420_t7.000.jpg,False,0.0,,,,,False,True
Header/h37/Header_h37_f000426_t7.100.jpg,False,0.0,,,,,False,True
Header/h37/Header_h37_f000432_t7.200.jpg,False,0.0,,,,,False,True
Header/h37/Header_h37_f000438_t7.300.jpg,False,0.0,,,,,False,True
Header/h37/Header_h37_f000444_t7.400.jpg,False,0.0,,,,,False,True
Header/h37/Header_h37_f000450_t7.500.jpg,False,0.0,,,,,False,True
Header/h37/Header_h37_f000456_t7.600.jpg,False,0.0,,,,,False,True
Header/h37/Header_h37_f000462_t7.700.jpg,False,0.0,,,,,False,True
Header/h37/Header_h37_f000468_t7.800.jpg,True,0.8782,670.6,622.0,749.4,698.0,False,False
Header/h37/Header_h37_f000474_t7.900.jpg,True,0.8488,655.4,644.0,729.9,721.3,False,False
Header/h37/Header_h37_f000480_t8.000.jpg,True,0.7879,626.3,676.5,702.8,750.0,False,False
Header/h38/Header_h38_f000000_t0.000.jpg,False,0.0,,,,,False,False
Header/h38/Header_h38_f000006_t0.100.jpg,False,0.0,,,,,False,False
Header/h38/Header_h38_f000012_t0.200.jpg,False,0.0,,,,,False,False
Header/h38/Header_h38_f000018_t0.300.jpg,False,0.0,,,,,False,False
Header/h38/Header_h38_f000024_t0.400.jpg,False,0.0,,,,,False,False
Header/h38/Header_h38_f000030_t0.500.jpg,False,0.1614,457.7,188.2,479.3,206.4,True,False
Header/h38/Header_h38_f000036_t0.600.jpg,False,0.0,,,,,False,False
Header/h38/Header_h38_f000042_t0.700.jpg,False,0.0,,,,,False,False
Header/h38/Header_h38_f000048_t0.800.jpg,False,0.0,,,,,False,False
Header/h38/Header_h38_f000054_t0.900.jpg,True,0.4735,1184.5,687.9,1197.1,707.8,False,False
Header/h38/Header_h38_f000060_t1.000.jpg,False,0.0,,,,,False,False
Header/h38/Header_h38_f000066_t1.100.jpg,False,0.0,,,,,False,False
Header/h38/Header_h38_f000072_t1.200.jpg,False,0.0,,,,,False,False
Header/h38/Header_h38_f000078_t1.300.jpg,False,0.0,,,,,False,False
Header/h38/Header_h38_f000084_t1.400.jpg,False,0.0,,,,,False,False
Header/h38/Header_h38_f000090_t1.500.jpg,True,0.3931,622.0,704.5,647.8,722.9,False,False
Header/h38/Header_h38_f000096_t1.600.jpg,False,0.0,,,,,False,False
Header/h38/Header_h38_f000102_t1.700.jpg,False,0.0,,,,,False,False
Header/h38/Header_h38_f000108_t1.800.jpg,False,0.0,,,,,False,False
Header/h38/Header_h38_f000114_t1.900.jpg,True,0.2713,1756.0,567.3,1778.9,590.6,False,False
Header/h38/Header_h38_f000120_t2.000.jpg,False,0.0,,,,,False,False
Header/h38/Header_h38_f000126_t2.100.jpg,False,0.0,,,,,False,False
Header/h38/Header_h38_f000132_t2.200.jpg,False,0.0,,,,,False,False
Header/h38/Header_h38_f000138_t2.300.jpg,False,0.1168,1512.4,47.4,1526.4,63.5,True,False
Header/h38/Header_h38_f000144_t2.400.jpg,False,0.0,,,,,False,False
Header/h38/Header_h38_f000150_t2.500.jpg,False,0.0,,,,,False,False
Header/h38/Header_h38_f000156_t2.600.jpg,False,0.0,,,,,False,False
Header/h38/Header_h38_f000162_t2.700.jpg,False,0.0,,,,,False,False
Header/h38/Header_h38_f000168_t2.800.jpg,False,0.0,,,,,False,False
Header/h38/Header_h38_f000174_t2.900.jpg,False,0.0,,,,,False,False
Header/h38/Header_h38_f000180_t3.000.jpg,False,0.0,,,,,False,False
Header/h38/Header_h38_f000186_t3.100.jpg,False,0.0,,,,,False,False
Header/h38/Header_h38_f000192_t3.200.jpg,False,0.0,,,,,False,False
Header/h38/Header_h38_f000198_t3.300.jpg,False,0.0,,,,,False,False
Header/h38/Header_h38_f000204_t3.400.jpg,False,0.0,,,,,False,False
Header/h38/Header_h38_f000210_t3.500.jpg,False,0.0,,,,,False,False
Header/h38/Header_h38_f000216_t3.600.jpg,False,0.0,,,,,False,False
Header/h38/Header_h38_f000222_t3.700.jpg,False,0.0,,,,,False,False
Header/h38/Header_h38_f000228_t3.800.jpg,False,0.0,,,,,False,False
Header/h38/Header_h38_f000234_t3.900.jpg,False,0.0,,,,,False,False
Header/h38/Header_h38_f000240_t4.000.jpg,False,0.0,,,,,False,False
Header/h38/Header_h38_f000246_t4.100.jpg,False,0.245,318.5,822.1,333.8,847.4,True,False
Header/h38/Header_h38_f000252_t4.200.jpg,False,0.0,,,,,False,False
Header/h38/Header_h38_f000258_t4.300.jpg,False,0.0,,,,,False,False
Header/h38/Header_h38_f000264_t4.400.jpg,False,0.0,,,,,False,False
Header/h38/Header_h38_f000270_t4.500.jpg,False,0.0,,,,,False,False
Header/h38/Header_h38_f000276_t4.600.jpg,False,0.0,,,,,False,False
Header/h38/Header_h38_f000282_t4.700.jpg,False,0.0,,,,,False,False
Header/h38/Header_h38_f000288_t4.800.jpg,False,0.0,,,,,False,False
Header/h38/Header_h38_f000294_t4.900.jpg,False,0.0,,,,,False,False
Header/h38/Header_h38_f000300_t5.000.jpg,False,0.0,,,,,False,False
Header/h38/Header_h38_f000306_t5.100.jpg,False,0.0,,,,,False,False
Header/h38/Header_h38_f000312_t5.200.jpg,False,0.0,,,,,False,False
Header/h38/Header_h38_f000318_t5.300.jpg,False,0.0,,,,,False,False
Header/h38/Header_h38_f000324_t5.400.jpg,False,0.0,,,,,False,False
Header/h38/Header_h38_f000330_t5.500.jpg,False,0.0,,,,,False,False
Header/h38/Header_h38_f000336_t5.600.jpg,False,0.0,,,,,False,False
Header/h38/Header_h38_f000342_t5.700.jpg,False,0.0,,,,,False,False
Header/h38/Header_h38_f000348_t5.800.jpg,True,0.794,1468.9,540.3,1486.5,557.1,False,False
Header/h38/Header_h38_f000354_t5.900.jpg,True,0.6811,1463.5,539.5,1478.8,555.3,False,False
Header/h38/Header_h38_f000360_t6.000.jpg,False,0.0,,,,,False,False
Header/h38/Header_h38_f000366_t6.100.jpg,False,0.1157,1453.7,548.1,1471.5,565.4,True,False
Header/h38/Header_h38_f000372_t6.200.jpg,False,0.0,,,,,False,False
Header/h38/Header_h38_f000378_t6.300.jpg,False,0.0,,,,,False,False
Header/h38/Header_h38_f000384_t6.400.jpg,False,0.0,,,,,False,False
Header/h38/Header_h38_f000390_t6.500.jpg,False,0.0,,,,,False,False
Header/h38/Header_h38_f000396_t6.600.jpg,False,0.0,,,,,False,False
Header/h38/Header_h38_f000402_t6.700.jpg,False,0.0,,,,,False,False
Header/h38/Header_h38_f000408_t6.800.jpg,True,0.4282,1364.9,563.3,1382.4,577.7,False,False
Header/h38/Header_h38_f000414_t6.900.jpg,False,0.0,,,,,False,False
Header/h38/Header_h38_f000420_t7.000.jpg,False,0.0,,,,,False,False
Header/h39/Header_h39_f000000_t0.000.jpg,True,0.8854,999.9,794.3,1082.1,872.3,False,False
Header/h39/Header_h39_f000006_t0.100.jpg,True,0.8871,1000.3,794.2,1082.8,872.5,False,False
Header/h39/Header_h39_f000012_t0.200.jpg,True,0.9037,1001.3,794.3,1083.5,873.1,False,False
Header/h39/Header_h39_f000018_t0.300.jpg,True,0.8674,947.7,794.7,1046.8,873.9,False,False
Header/h39/Header_h39_f000024_t0.400.jpg,True,0.8641,805.8,799.9,900.6,883.1,False,False
Header/h39/Header_h39_f000030_t0.500.jpg,True,0.8805,732.9,805.9,822.0,886.8,False,False
Header/h39/Header_h39_f000036_t0.600.jpg,True,0.8816,704.7,812.2,786.2,891.8,False,False
Header/h39/Header_h39_f000042_t0.700.jpg,True,0.8922,713.1,806.6,795.4,887.0,False,False
Header/h39/Header_h39_f000048_t0.800.jpg,True,0.896,732.6,802.6,815.4,884.3,False,False
Header/h39/Header_h39_f000054_t0.900.jpg,True,0.8916,743.8,803.7,826.1,884.5,False,False
Header/h39/Header_h39_f000060_t1.000.jpg,True,0.8903,751.4,804.5,833.4,885.3,False,False
Header/h39/Header_h39_f000066_t1.100.jpg,False,0.0,,,,,False,False
Header/h39/Header_h39_f000072_t1.200.jpg,False,0.0,,,,,False,False
Header/h39/Header_h39_f000078_t1.300.jpg,False,0.0,,,,,False,False
Header/h39/Header_h39_f000084_t1.400.jpg,False,0.0,,,,,False,False
Header/h39/Header_h39_f000090_t1.500.jpg,False,0.0,,,,,False,False
Header/h39/Header_h39_f000096_t1.600.jpg,False,0.1002,1441.0,644.2,1464.1,662.5,True,False
Header/h39/Header_h39_f000102_t1.700.jpg,False,0.0,,,,,False,False
Header/h39/Header_h39_f000108_t1.800.jpg,False,0.0,,,,,False,False
Header/h39/Header_h39_f000114_t1.900.jpg,False,0.0,,,,,False,False
Header/h39/Header_h39_f000120_t2.000.jpg,False,0.1706,1249.7,495.0,1267.1,510.7,True,False
Header/h39/Header_h39_f000126_t2.100.jpg,False,0.0,,,,,False,False
Header/h39/Header_h39_f000132_t2.200.jpg,False,0.0,,,,,False,False
Header/h39/Header_h39_f000138_t2.300.jpg,False,0.0,,,,,False,False
Header/h39/Header_h39_f000144_t2.400.jpg,False,0.0,,,,,False,False
Header/h39/Header_h39_f000150_t2.500.jpg,False,0.0,,,,,False,False
Header/h39/Header_h39_f000156_t2.600.jpg,False,0.0,,,,,False,False
Header/h39/Header_h39_f000162_t2.700.jpg,False,0.0,,,,,False,False
Header/h39/Header_h39_f000168_t2.800.jpg,False,0.1082,1672.6,447.3,1701.5,469.8,True,False
Header/h39/Header_h39_f000174_t2.900.jpg,False,0.0,,,,,False,False
Header/h39/Header_h39_f000180_t3.000.jpg,False,0.0,,,,,False,False
Header/h39/Header_h39_f000186_t3.100.jpg,False,0.0,,,,,False,False
Header/h39/Header_h39_f000192_t3.200.jpg,False,0.0,,,,,False,False
Header/h39/Header_h39_f000198_t3.300.jpg,False,0.0,,,,,False,False
Header/h39/Header_h39_f000204_t3.400.jpg,False,0.0,,,,,False,False
Header/h39/Header_h39_f000210_t3.500.jpg,False,0.0,,,,,False,False
Header/h39/Header_h39_f000216_t3.600.jpg,False,0.0,,,,,False,False
Header/h39/Header_h39_f000222_t3.700.jpg,False,0.0,,,,,False,False
Header/h39/Header_h39_f000228_t3.800.jpg,False,0.0,,,,,False,False
Header/h39/Header_h39_f000234_t3.900.jpg,False,0.0,,,,,False,False
Header/h39/Header_h39_f000240_t4.000.jpg,False,0.0,,,,,False,False
Header/h39/Header_h39_f000246_t4.100.jpg,False,0.0,,,,,False,False
Header/h39/Header_h39_f000252_t4.200.jpg,False,0.0,,,,,False,False
Header/h39/Header_h39_f000258_t4.300.jpg,False,0.0,,,,,False,False
Header/h39/Header_h39_f000264_t4.400.jpg,False,0.0,,,,,False,False
Header/h39/Header_h39_f000270_t4.500.jpg,False,0.0,,,,,False,False
Header/h39/Header_h39_f000276_t4.600.jpg,False,0.196,685.6,791.2,705.9,818.2,True,False
Header/h39/Header_h39_f000282_t4.700.jpg,False,0.0,,,,,False,False
Header/h39/Header_h39_f000288_t4.800.jpg,False,0.0,,,,,False,False
Header/h39/Header_h39_f000294_t4.900.jpg,False,0.0,,,,,False,False
Header/h39/Header_h39_f000300_t5.000.jpg,False,0.0,,,,,False,False
Header/h39/Header_h39_f000306_t5.100.jpg,False,0.0,,,,,False,False
Header/h39/Header_h39_f000312_t5.200.jpg,False,0.0,,,,,False,False
Header/h39/Header_h39_f000318_t5.300.jpg,False,0.0,,,,,False,False
Header/h39/Header_h39_f000324_t5.400.jpg,False,0.0,,,,,False,False
Header/h39/Header_h39_f000330_t5.500.jpg,False,0.0,,,,,False,False
Header/h39/Header_h39_f000336_t5.600.jpg,False,0.0,,,,,False,False
Header/h39/Header_h39_f000342_t5.700.jpg,False,0.0,,,,,False,False
Header/h39/Header_h39_f000348_t5.800.jpg,False,0.1734,480.5,61.6,542.3,98.1,True,False
Header/h39/Header_h39_f000354_t5.900.jpg,False,0.0,,,,,False,False
Header/h39/Header_h39_f000360_t6.000.jpg,False,0.0,,,,,False,False
Header/h4/Header_h4_f000000_t0.000.jpg,True,0.3006,1707.5,534.0,1735.2,562.8,False,False
Header/h4/Header_h4_f000006_t0.100.jpg,True,0.5367,1698.5,537.8,1725.0,564.8,False,False
Header/h4/Header_h4_f000012_t0.200.jpg,False,0.0,,,,,False,False
Header/h4/Header_h4_f000018_t0.300.jpg,False,0.1559,1393.3,753.7,1407.9,769.4,True,False
Header/h4/Header_h4_f000024_t0.400.jpg,False,0.0,,,,,False,False
Header/h4/Header_h4_f000030_t0.500.jpg,False,0.2358,1700.4,543.6,1726.8,571.1,True,False
Header/h4/Header_h4_f000036_t0.600.jpg,False,0.0,,,,,False,False
Header/h4/Header_h4_f000042_t0.700.jpg,False,0.0,,,,,False,False
Header/h4/Header_h4_f000048_t0.800.jpg,False,0.13,1753.1,541.5,1781.8,570.6,True,False
Header/h4/Header_h4_f000054_t0.900.jpg,False,0.0,,,,,False,False
Header/h4/Header_h4_f000060_t1.000.jpg,False,0.0,,,,,False,False
Header/h4/Header_h4_f000066_t1.100.jpg,True,0.343,1836.5,542.9,1866.7,570.9,False,False
Header/h4/Header_h4_f000072_t1.200.jpg,True,0.4409,1868.6,543.8,1897.3,570.8,False,False
Header/h4/Header_h4_f000078_t1.300.jpg,False,0.1125,1903.7,538.9,1919.2,572.9,True,False
Header/h4/Header_h4_f000084_t1.400.jpg,False,0.0,,,,,False,False
Header/h4/Header_h4_f000090_t1.500.jpg,False,0.0,,,,,False,False
Header/h4/Header_h4_f000096_t1.600.jpg,False,0.0,,,,,False,False
Header/h4/Header_h4_f000102_t1.700.jpg,False,0.0,,,,,False,False
Header/h4/Header_h4_f000108_t1.800.jpg,False,0.0,,,,,False,False
Header/h4/Header_h4_f000114_t1.900.jpg,False,0.0,,,,,False,False
Header/h4/Header_h4_f000120_t2.000.jpg,False,0.0,,,,,False,False
Header/h4/Header_h4_f000126_t2.100.jpg,False,0.138,892.0,691.2,912.6,707.2,True,False
Header/h4/Header_h4_f000132_t2.200.jpg,False,0.0,,,,,False,False
Header/h4/Header_h4_f000138_t2.300.jpg,False,0.1343,826.9,684.4,846.0,702.2,True,False
Header/h4/Header_h4_f000144_t2.400.jpg,True,0.4366,805.8,678.0,824.8,696.6,False,False
Header/h4/Header_h4_f000150_t2.500.jpg,False,0.1172,779.2,670.9,798.3,689.7,True,False
Header/h4/Header_h4_f000156_t2.600.jpg,False,0.1959,752.7,665.0,769.4,681.8,True,False
Header/h4/Header_h4_f000162_t2.700.jpg,False,0.0,,,,,False,False
Header/h4/Header_h4_f000168_t2.800.jpg,False,0.1183,694.6,648.9,712.6,666.9,True,False
Header/h4/Header_h4_f000174_t2.900.jpg,False,0.0,,,,,False,False
Header/h4/Header_h4_f000180_t3.000.jpg,False,0.0,,,,,False,False
Header/h4/Header_h4_f000186_t3.100.jpg,False,0.0,,,,,False,False
Header/h4/Header_h4_f000192_t3.200.jpg,False,0.0,,,,,False,False
Header/h4/Header_h4_f000198_t3.300.jpg,False,0.0,,,,,False,False
Header/h4/Header_h4_f000204_t3.400.jpg,False,0.0,,,,,False,False
Header/h4/Header_h4_f000210_t3.500.jpg,False,0.0,,,,,False,False
Header/h4/Header_h4_f000216_t3.600.jpg,False,0.0,,,,,False,False
Header/h4/Header_h4_f000222_t3.700.jpg,False,0.1488,1089.3,617.5,1105.6,631.6,True,False
Header/h4/Header_h4_f000228_t3.800.jpg,False,0.0,,,,,False,False
Header/h4/Header_h4_f000234_t3.900.jpg,False,0.0,,,,,False,False
Header/h4/Header_h4_f000240_t4.000.jpg,False,0.0,,,,,False,False
Header/h40/Header_h40_f000000_t0.000.jpg,True,0.3574,1576.3,710.3,1609.1,737.3,False,False
Header/h40/Header_h40_f000006_t0.100.jpg,True,0.7604,1591.9,727.2,1621.0,755.6,False,False
Header/h40/Header_h40_f000012_t0.200.jpg,True,0.7495,1592.9,753.9,1620.4,781.7,False,False
Header/h40/Header_h40_f000018_t0.300.jpg,True,0.5772,1593.2,740.1,1620.7,768.3,False,False
Header/h40/Header_h40_f000024_t0.400.jpg,True,0.7826,1593.4,734.0,1623.5,762.1,False,False
Header/h40/Header_h40_f000030_t0.500.jpg,True,0.7572,1599.8,738.6,1629.4,769.1,False,False
Header/h40/Header_h40_f000036_t0.600.jpg,True,0.6196,1610.7,747.5,1640.2,779.3,False,False
Header/h40/Header_h40_f000042_t0.700.jpg,True,0.5629,1620.7,744.1,1651.0,771.3,False,False
Header/h40/Header_h40_f000048_t0.800.jpg,True,0.7873,1636.4,753.5,1667.3,781.3,False,False
Header/h40/Header_h40_f000054_t0.900.jpg,True,0.7417,1648.2,750.0,1678.1,781.2,False,False
Header/h40/Header_h40_f000060_t1.000.jpg,False,0.0,,,,,False,False
Header/h40/Header_h40_f000066_t1.100.jpg,True,0.7879,1679.3,751.7,1709.0,782.1,False,False
Header/h40/Header_h40_f000072_t1.200.jpg,True,0.6697,1694.6,753.9,1725.1,783.0,False,False
Header/h40/Header_h40_f000078_t1.300.jpg,True,0.5493,1705.3,753.0,1735.9,781.5,False,False
Header/h40/Header_h40_f000084_t1.400.jpg,False,0.1506,1720.6,753.0,1749.0,780.4,True,False
Header/h40/Header_h40_f000090_t1.500.jpg,True,0.7281,1732.1,753.3,1761.0,779.7,False,False
Header/h40/Header_h40_f000096_t1.600.jpg,False,0.0,,,,,False,False
Header/h40/Header_h40_f000102_t1.700.jpg,False,0.0,,,,,False,False
Header/h40/Header_h40_f000108_t1.800.jpg,False,0.0,,,,,False,False
Header/h40/Header_h40_f000114_t1.900.jpg,False,0.0,,,,,False,False
Header/h40/Header_h40_f000120_t2.000.jpg,False,0.1313,714.7,817.8,922.6,946.2,True,False
Header/h40/Header_h40_f000126_t2.100.jpg,False,0.0,,,,,False,False
Header/h40/Header_h40_f000132_t2.200.jpg,False,0.0,,,,,False,False
Header/h40/Header_h40_f000138_t2.300.jpg,False,0.0,,,,,False,False
Header/h40/Header_h40_f000144_t2.400.jpg,True,0.3186,542.2,660.4,572.4,690.0,False,False
Header/h40/Header_h40_f000150_t2.500.jpg,True,0.6539,543.3,659.7,575.8,690.2,False,False
Header/h40/Header_h40_f000156_t2.600.jpg,True,0.7863,545.2,660.3,579.1,690.1,False,False
Header/h40/Header_h40_f000162_t2.700.jpg,True,0.8019,544.3,660.7,578.7,690.6,False,False
Header/h40/Header_h40_f000168_t2.800.jpg,True,0.2873,1106.2,707.8,1146.9,736.0,False,False
Header/h40/Header_h40_f000174_t2.900.jpg,True,0.5638,522.9,552.5,552.9,588.7,False,False
Header/h40/Header_h40_f000180_t3.000.jpg,False,0.2455,552.1,683.3,568.7,697.8,True,False
Header/h40/Header_h40_f000186_t3.100.jpg,False,0.0,,,,,False,False
Header/h40/Header_h40_f000192_t3.200.jpg,False,0.0,,,,,False,False
Header/h40/Header_h40_f000198_t3.300.jpg,False,0.0,,,,,False,False
Header/h40/Header_h40_f000204_t3.400.jpg,False,0.0,,,,,False,False
Header/h40/Header_h40_f000210_t3.500.jpg,False,0.0,,,,,False,False
Header/h40/Header_h40_f000216_t3.600.jpg,False,0.0,,,,,False,False
Header/h40/Header_h40_f000222_t3.700.jpg,False,0.0,,,,,False,False
Header/h40/Header_h40_f000228_t3.800.jpg,False,0.0,,,,,False,False
Header/h40/Header_h40_f000234_t3.900.jpg,False,0.0,,,,,False,False
Header/h40/Header_h40_f000240_t4.000.jpg,False,0.0,,,,,False,False
Header/h40/Header_h40_f000246_t4.100.jpg,False,0.0,,,,,False,False
Header/h40/Header_h40_f000252_t4.200.jpg,False,0.0,,,,,False,False
Header/h40/Header_h40_f000258_t4.300.jpg,False,0.0,,,,,False,False
Header/h40/Header_h40_f000264_t4.400.jpg,False,0.0,,,,,False,False
Header/h40/Header_h40_f000270_t4.500.jpg,False,0.0,,,,,False,False
Header/h40/Header_h40_f000276_t4.600.jpg,False,0.0,,,,,False,False
Header/h40/Header_h40_f000282_t4.700.jpg,False,0.1303,671.8,718.3,695.7,754.3,True,False
Header/h40/Header_h40_f000288_t4.800.jpg,False,0.0,,,,,False,False
Header/h40/Header_h40_f000294_t4.900.jpg,False,0.0,,,,,False,False
Header/h40/Header_h40_f000300_t5.000.jpg,False,0.0,,,,,False,False
Header/h40/Header_h40_f000306_t5.100.jpg,False,0.1702,878.6,518.9,915.7,561.4,True,False
Header/h40/Header_h40_f000312_t5.200.jpg,False,0.0,,,,,False,False
Header/h40/Header_h40_f000318_t5.300.jpg,False,0.0,,,,,False,False
Header/h40/Header_h40_f000324_t5.400.jpg,False,0.0,,,,,False,False
Header/h40/Header_h40_f000330_t5.500.jpg,True,0.8271,993.9,754.0,1040.9,800.1,False,False
Header/h40/Header_h40_f000336_t5.600.jpg,True,0.8041,1023.7,706.9,1066.1,750.6,False,False
Header/h40/Header_h40_f000342_t5.700.jpg,True,0.8456,1053.6,685.8,1095.1,727.5,False,False
Header/h40/Header_h40_f000348_t5.800.jpg,True,0.8681,1101.1,668.3,1143.3,709.0,False,False
Header/h40/Header_h40_f000354_t5.900.jpg,True,0.875,1127.1,663.3,1171.6,708.3,False,False
Header/h40/Header_h40_f000360_t6.000.jpg,True,0.8011,1159.6,667.7,1204.5,710.7,False,False
Header/h41/Header_h41_f000000_t0.000.jpg,False,0.0,,,,,False,False
Header/h41/Header_h41_f000006_t0.100.jpg,False,0.0,,,,,False,False
Header/h41/Header_h41_f000012_t0.200.jpg,False,0.0,,,,,False,False
Header/h41/Header_h41_f000018_t0.300.jpg,False,0.0,,,,,False,False
Header/h41/Header_h41_f000024_t0.400.jpg,False,0.0,,,,,False,False
Header/h41/Header_h41_f000030_t0.500.jpg,False,0.0,,,,,False,False
Header/h41/Header_h41_f000036_t0.600.jpg,False,0.0,,,,,False,False
Header/h41/Header_h41_f000042_t0.700.jpg,False,0.0,,,,,False,False
Header/h41/Header_h41_f000048_t0.800.jpg,False,0.0,,,,,False,False
Header/h41/Header_h41_f000054_t0.900.jpg,False,0.0,,,,,False,False
Header/h41/Header_h41_f000060_t1.000.jpg,False,0.0,,,,,False,False
Header/h41/Header_h41_f000066_t1.100.jpg,False,0.1207,1820.4,324.2,1850.6,350.5,True,False
Header/h41/Header_h41_f000072_t1.200.jpg,False,0.0,,,,,False,False
Header/h41/Header_h41_f000078_t1.300.jpg,False,0.0,,,,,False,False
Header/h41/Header_h41_f000084_t1.400.jpg,False,0.0,,,,,False,False
Header/h41/Header_h41_f000090_t1.500.jpg,False,0.0,,,,,False,False
Header/h41/Header_h41_f000096_t1.600.jpg,False,0.0,,,,,False,False
Header/h41/Header_h41_f000102_t1.700.jpg,False,0.1885,1701.3,446.0,1720.4,461.2,True,False
Header/h41/Header_h41_f000108_t1.800.jpg,True,0.4005,1709.0,446.3,1726.5,461.8,False,False
Header/h41/Header_h41_f000114_t1.900.jpg,False,0.1112,141.3,503.4,180.5,539.2,True,False
Header/h41/Header_h41_f000120_t2.000.jpg,False,0.0,,,,,False,False
Header/h41/Header_h41_f000126_t2.100.jpg,False,0.0,,,,,False,False
Header/h41/Header_h41_f000132_t2.200.jpg,False,0.1367,89.8,479.3,126.5,521.6,True,False
Header/h41/Header_h41_f000138_t2.300.jpg,False,0.0,,,,,False,False
Header/h41/Header_h41_f000144_t2.400.jpg,False,0.0,,,,,False,False
Header/h41/Header_h41_f000150_t2.500.jpg,False,0.1902,69.4,472.5,102.1,501.7,True,False
Header/h41/Header_h41_f000156_t2.600.jpg,True,0.3057,93.7,472.4,129.7,501.5,False,False
Header/h41/Header_h41_f000162_t2.700.jpg,False,0.0,,,,,False,False
Header/h41/Header_h41_f000168_t2.800.jpg,False,0.0,,,,,False,False
Header/h41/Header_h41_f000174_t2.900.jpg,False,0.0,,,,,False,False
Header/h41/Header_h41_f000180_t3.000.jpg,False,0.0,,,,,False,False
Header/h41/Header_h41_f000186_t3.100.jpg,False,0.0,,,,,False,False
Header/h41/Header_h41_f000192_t3.200.jpg,False,0.0,,,,,False,False
Header/h41/Header_h41_f000198_t3.300.jpg,False,0.0,,,,,False,False
Header/h41/Header_h41_f000204_t3.400.jpg,False,0.0,,,,,False,False
Header/h41/Header_h41_f000210_t3.500.jpg,False,0.0,,,,,False,False
Header/h41/Header_h41_f000216_t3.600.jpg,False,0.0,,,,,False,False
Header/h41/Header_h41_f000222_t3.700.jpg,False,0.0,,,,,False,False
Header/h41/Header_h41_f000228_t3.800.jpg,False,0.0,,,,,False,False
Header/h41/Header_h41_f000234_t3.900.jpg,False,0.0,,,,,False,False
Header/h41/Header_h41_f000240_t4.000.jpg,False,0.0,,,,,False,False
Header/h41/Header_h41_f000246_t4.100.jpg,False,0.0,,,,,False,False
Header/h41/Header_h41_f000252_t4.200.jpg,False,0.0,,,,,False,False
Header/h41/Header_h41_f000258_t4.300.jpg,False,0.0,,,,,False,False
Header/h41/Header_h41_f000264_t4.400.jpg,False,0.0,,,,,False,False
Header/h41/Header_h41_f000270_t4.500.jpg,False,0.1011,831.1,382.7,872.8,405.7,True,False
Header/h41/Header_h41_f000276_t4.600.jpg,False,0.1638,805.1,391.5,822.8,420.5,True,False
Header/h41/Header_h41_f000282_t4.700.jpg,False,0.0,,,,,False,False
Header/h41/Header_h41_f000288_t4.800.jpg,False,0.0,,,,,False,False
Header/h41/Header_h41_f000294_t4.900.jpg,False,0.0,,,,,False,False
Header/h41/Header_h41_f000300_t5.000.jpg,False,0.0,,,,,False,False
Header/h41/Header_h41_f000306_t5.100.jpg,False,0.0,,,,,False,False
Header/h41/Header_h41_f000312_t5.200.jpg,False,0.0,,,,,False,False
Header/h41/Header_h41_f000318_t5.300.jpg,False,0.0,,,,,False,False
Header/h41/Header_h41_f000324_t5.400.jpg,False,0.0,,,,,False,False
Header/h41/Header_h41_f000330_t5.500.jpg,False,0.0,,,,,False,False
Header/h41/Header_h41_f000336_t5.600.jpg,False,0.0,,,,,False,False
Header/h41/Header_h41_f000342_t5.700.jpg,False,0.0,,,,,False,False
Header/h41/Header_h41_f000348_t5.800.jpg,False,0.0,,,,,False,False
Header/h41/Header_h41_f000354_t5.900.jpg,False,0.0,,,,,False,False
Header/h41/Header_h41_f000360_t6.000.jpg,False,0.0,,,,,False,False
Header/h42/Header_h42_f000000_t0.000.jpg,True,0.8842,1234.8,507.6,1310.9,591.3,False,False
Header/h42/Header_h42_f000006_t0.100.jpg,True,0.8337,1275.2,413.0,1345.5,498.2,False,False
Header/h42/Header_h42_f000012_t0.200.jpg,False,0.1739,1299.8,288.3,1363.0,367.9,True,False
Header/h42/Header_h42_f000018_t0.300.jpg,True,0.7441,1294.4,219.0,1356.5,289.2,False,False
Header/h42/Header_h42_f000024_t0.400.jpg,True,0.5308,1261.8,141.3,1324.7,205.6,False,False
Header/h42/Header_h42_f000030_t0.500.jpg,False,0.0,,,,,False,False
Header/h42/Header_h42_f000036_t0.600.jpg,True,0.8398,1176.1,58.2,1237.3,119.5,False,False
Header/h42/Header_h42_f000042_t0.700.jpg,True,0.8874,1137.9,44.6,1194.9,101.1,False,False
Header/h42/Header_h42_f000048_t0.800.jpg,True,0.8678,1079.4,41.6,1133.6,97.1,False,False
Header/h42/Header_h42_f000054_t0.900.jpg,True,0.8984,1052.3,47.5,1103.3,100.3,False,False
Header/h42/Header_h42_f000060_t1.000.jpg,True,0.8643,1025.8,67.2,1073.8,117.5,False,False
Header/h42/Header_h42_f000066_t1.100.jpg,True,0.554,1021.1,83.8,1065.5,133.2,False,False
Header/h42/Header_h42_f000072_t1.200.jpg,True,0.8385,1021.4,117.4,1063.7,162.0,False,False
Header/h42/Header_h42_f000078_t1.300.jpg,True,0.8678,1023.4,138.3,1065.4,180.6,False,False
Header/h42/Header_h42_f000084_t1.400.jpg,True,0.8372,1029.2,170.6,1066.9,214.5,False,False
Header/h42/Header_h42_f000090_t1.500.jpg,True,0.2899,1031.5,187.0,1070.0,226.8,False,False
Header/h42/Header_h42_f000096_t1.600.jpg,True,0.7566,1030.1,212.7,1066.5,254.9,False,False
Header/h42/Header_h42_f000102_t1.700.jpg,True,0.7439,1023.6,233.9,1059.8,274.5,False,False
Header/h42/Header_h42_f000108_t1.800.jpg,True,0.8254,1015.5,258.7,1051.9,297.5,False,False
Header/h42/Header_h42_f000114_t1.900.jpg,True,0.5499,1008.0,276.4,1043.7,315.0,False,False
Header/h42/Header_h42_f000120_t2.000.jpg,True,0.7139,998.7,296.8,1034.0,333.7,False,False
Header/h42/Header_h42_f000126_t2.100.jpg,False,0.2367,1282.2,861.1,1301.9,882.9,True,False
Header/h42/Header_h42_f000132_t2.200.jpg,False,0.1328,1281.3,888.5,1304.3,918.8,True,False
Header/h42/Header_h42_f000138_t2.300.jpg,False,0.2181,976.3,337.9,1009.5,372.6,True,False
Header/h42/Header_h42_f000144_t2.400.jpg,True,0.4578,969.4,356.1,1006.7,392.9,False,False
Header/h42/Header_h42_f000150_t2.500.jpg,False,0.2285,969.9,365.3,1003.5,399.9,True,False
Header/h42/Header_h42_f000156_t2.600.jpg,False,0.2176,1339.0,988.5,1363.7,1019.3,True,False
Header/h42/Header_h42_f000162_t2.700.jpg,False,0.0,,,,,False,False
Header/h42/Header_h42_f000168_t2.800.jpg,True,0.2665,1395.2,1006.9,1421.7,1042.5,False,False
Header/h42/Header_h42_f000174_t2.900.jpg,True,0.33,1351.1,1010.2,1369.3,1038.5,False,False
Header/h42/Header_h42_f000180_t3.000.jpg,True,0.3738,1394.7,1012.6,1412.9,1040.2,False,False
Header/h42/Header_h42_f000186_t3.100.jpg,True,0.3116,1423.1,1013.0,1443.1,1039.9,False,False
Header/h42/Header_h42_f000192_t3.200.jpg,True,0.2666,1472.3,1012.3,1495.7,1040.5,False,False
Header/h42/Header_h42_f000198_t3.300.jpg,False,0.2347,1504.7,1014.6,1527.2,1041.6,True,False
Header/h42/Header_h42_f000204_t3.400.jpg,True,0.6138,1562.2,1015.1,1581.7,1040.6,False,False
Header/h42/Header_h42_f000210_t3.500.jpg,True,0.3079,1596.2,1012.9,1618.3,1047.6,False,False
Header/h42/Header_h42_f000216_t3.600.jpg,True,0.4024,1648.1,1011.2,1670.9,1042.0,False,False
Header/h42/Header_h42_f000222_t3.700.jpg,True,0.4354,1682.5,1005.9,1704.9,1038.7,False,False
Header/h42/Header_h42_f000228_t3.800.jpg,True,0.2876,1732.3,988.7,1760.9,1029.1,False,False
Header/h42/Header_h42_f000234_t3.900.jpg,False,0.1475,406.0,529.8,431.8,560.2,True,False
Header/h42/Header_h42_f000240_t4.000.jpg,False,0.1073,1821.2,970.3,1846.6,1007.7,True,False
Header/h42/Header_h42_f000246_t4.100.jpg,True,0.5541,929.0,616.1,978.7,670.0,False,False
Header/h42/Header_h42_f000252_t4.200.jpg,False,0.1487,906.1,680.2,955.0,732.6,True,False
Header/h42/Header_h42_f000258_t4.300.jpg,False,0.0,,,,,False,False
Header/h42/Header_h42_f000264_t4.400.jpg,True,0.5406,849.6,796.0,897.8,845.0,False,False
Header/h42/Header_h42_f000270_t4.500.jpg,False,0.0,,,,,False,False
Header/h42/Header_h42_f000276_t4.600.jpg,True,0.3931,1153.0,710.7,1206.3,764.5,False,False
Header/h42/Header_h42_f000282_t4.700.jpg,True,0.5304,1290.1,656.5,1360.4,711.4,False,False
Header/h42/Header_h42_f000288_t4.800.jpg,True,0.3702,1453.9,599.6,1520.5,656.7,False,False
Header/h42/Header_h42_f000294_t4.900.jpg,False,0.1017,236.2,330.3,264.8,366.2,True,False
Header/h42/Header_h42_f000300_t5.000.jpg,False,0.2235,1763.3,517.2,1833.7,569.3,True,False
Header/h42/Header_h42_f000306_t5.100.jpg,False,0.1501,224.6,296.1,253.4,330.8,True,False
Header/h42/Header_h42_f000312_t5.200.jpg,False,0.0,,,,,False,False
Header/h42/Header_h42_f000318_t5.300.jpg,False,0.1338,132.1,245.1,169.9,283.7,True,False
Header/h42/Header_h42_f000324_t5.400.jpg,False,0.0,,,,,False,False
Header/h42/Header_h42_f000330_t5.500.jpg,False,0.1317,1306.2,403.8,1349.0,442.2,True,False
Header/h42/Header_h42_f000336_t5.600.jpg,False,0.1112,1604.1,367.6,1636.4,445.8,True,False
Header/h42/Header_h42_f000342_t5.700.jpg,True,0.2663,1071.3,383.1,1099.4,419.9,False,False
Header/h42/Header_h42_f000348_t5.800.jpg,False,0.235,1462.2,376.8,1493.7,458.2,True,False
Header/h42/Header_h42_f000354_t5.900.jpg,True,0.3992,957.1,391.7,983.3,417.5,False,False
Header/h42/Header_h42_f000360_t6.000.jpg,True,0.5337,919.5,409.7,947.2,463.2,False,False
Header/h43/Header_h43_f000000_t0.000.jpg,False,0.0,,,,,False,True
Header/h43/Header_h43_f000006_t0.100.jpg,False,0.0,,,,,False,True
Header/h43/Header_h43_f000012_t0.200.jpg,False,0.0,,,,,False,True
Header/h43/Header_h43_f000018_t0.300.jpg,False,0.0,,,,,False,True
Header/h43/Header_h43_f000024_t0.400.jpg,False,0.0,,,,,False,True
Header/h43/Header_h43_f000030_t0.500.jpg,False,0.0,,,,,False,True
Header/h43/Header_h43_f000036_t0.600.jpg,False,0.0,,,,,False,True
Header/h43/Header_h43_f000042_t0.700.jpg,False,0.0,,,,,False,True
Header/h43/Header_h43_f000048_t0.800.jpg,False,0.0,,,,,False,True
Header/h43/Header_h43_f000054_t0.900.jpg,False,0.0,,,,,False,True
Header/h43/Header_h43_f000060_t1.000.jpg,False,0.0,,,,,False,False
Header/h43/Header_h43_f000066_t1.100.jpg,False,0.0,,,,,False,False
Header/h43/Header_h43_f000072_t1.200.jpg,False,0.0,,,,,False,False
Header/h43/Header_h43_f000078_t1.300.jpg,False,0.0,,,,,False,False
Header/h43/Header_h43_f000084_t1.400.jpg,False,0.0,,,,,False,False
Header/h43/Header_h43_f000090_t1.500.jpg,False,0.0,,,,,False,False
Header/h43/Header_h43_f000096_t1.600.jpg,False,0.0,,,,,False,False
Header/h43/Header_h43_f000102_t1.700.jpg,False,0.0,,,,,False,False
Header/h43/Header_h43_f000108_t1.800.jpg,False,0.0,,,,,False,False
Header/h43/Header_h43_f000114_t1.900.jpg,False,0.0,,,,,False,False
Header/h43/Header_h43_f000120_t2.000.jpg,False,0.0,,,,,False,False
Header/h43/Header_h43_f000126_t2.100.jpg,False,0.0,,,,,False,False
Header/h43/Header_h43_f000132_t2.200.jpg,False,0.0,,,,,False,False
Header/h43/Header_h43_f000138_t2.300.jpg,False,0.0,,,,,False,False
Header/h43/Header_h43_f000144_t2.400.jpg,False,0.0,,,,,False,False
Header/h43/Header_h43_f000150_t2.500.jpg,False,0.1537,886.2,183.3,905.8,200.6,True,False
Header/h43/Header_h43_f000156_t2.600.jpg,False,0.0,,,,,False,False
Header/h43/Header_h43_f000162_t2.700.jpg,False,0.0,,,,,False,False
Header/h43/Header_h43_f000168_t2.800.jpg,False,0.0,,,,,False,False
Header/h43/Header_h43_f000174_t2.900.jpg,False,0.0,,,,,False,False
Header/h43/Header_h43_f000180_t3.000.jpg,False,0.0,,,,,False,False
Header/h43/Header_h43_f000186_t3.100.jpg,False,0.0,,,,,False,False
Header/h43/Header_h43_f000192_t3.200.jpg,False,0.0,,,,,False,False
Header/h43/Header_h43_f000198_t3.300.jpg,False,0.2468,1699.0,544.4,1723.2,564.1,True,False
Header/h43/Header_h43_f000204_t3.400.jpg,False,0.0,,,,,False,False
Header/h43/Header_h43_f000210_t3.500.jpg,False,0.0,,,,,False,False
Header/h43/Header_h43_f000216_t3.600.jpg,False,0.1436,1339.8,612.2,1357.7,626.6,True,False
Header/h43/Header_h43_f000222_t3.700.jpg,False,0.1086,1863.5,688.1,1886.9,714.2,True,False
Header/h43/Header_h43_f000228_t3.800.jpg,False,0.0,,,,,False,False
Header/h43/Header_h43_f000234_t3.900.jpg,False,0.0,,,,,False,False
Header/h43/Header_h43_f000240_t4.000.jpg,False,0.162,1749.9,686.1,1772.3,703.1,True,False
Header/h43/Header_h43_f000246_t4.100.jpg,False,0.133,1741.5,690.1,1766.3,706.3,True,False
Header/h43/Header_h43_f000252_t4.200.jpg,False,0.0,,,,,False,False
Header/h43/Header_h43_f000258_t4.300.jpg,False,0.1301,1585.7,499.6,1618.1,521.7,True,False
Header/h43/Header_h43_f000264_t4.400.jpg,True,0.2874,1538.8,487.6,1566.0,520.1,False,False
Header/h43/Header_h43_f000270_t4.500.jpg,False,0.0,,,,,False,False
Header/h43/Header_h43_f000276_t4.600.jpg,True,0.2536,1800.8,710.9,1827.0,729.4,False,False
Header/h43/Header_h43_f000282_t4.700.jpg,True,0.4808,1819.5,714.2,1847.2,732.7,False,False
Header/h43/Header_h43_f000288_t4.800.jpg,True,0.2549,1849.7,718.7,1877.7,739.0,False,False
Header/h43/Header_h43_f000294_t4.900.jpg,False,0.0,,,,,False,False
Header/h43/Header_h43_f000300_t5.000.jpg,False,0.1087,1599.5,479.3,1628.1,506.4,True,False
Header/h43/Header_h43_f000306_t5.100.jpg,False,0.0,,,,,False,False
Header/h43/Header_h43_f000312_t5.200.jpg,False,0.0,,,,,False,False
Header/h43/Header_h43_f000318_t5.300.jpg,False,0.0,,,,,False,False
Header/h43/Header_h43_f000324_t5.400.jpg,False,0.0,,,,,False,False
Header/h43/Header_h43_f000330_t5.500.jpg,False,0.0,,,,,False,False
Header/h43/Header_h43_f000336_t5.600.jpg,False,0.0,,,,,False,False
Header/h43/Header_h43_f000342_t5.700.jpg,False,0.0,,,,,False,False
Header/h43/Header_h43_f000348_t5.800.jpg,False,0.1941,1441.7,720.5,1607.8,924.3,True,False
Header/h43/Header_h43_f000354_t5.900.jpg,False,0.0,,,,,False,False
Header/h43/Header_h43_f000360_t6.000.jpg,False,0.0,,,,,False,False
Header/h44/Header_h44_f000000_t0.000.jpg,False,0.0,,,,,False,True
Header/h44/Header_h44_f000006_t0.100.jpg,False,0.1782,1725.8,406.5,1741.4,419.9,True,False
Header/h44/Header_h44_f000012_t0.200.jpg,False,0.1928,1725.7,406.4,1741.4,419.9,True,False
Header/h44/Header_h44_f000018_t0.300.jpg,False,0.1828,1725.7,406.6,1741.5,419.8,True,False
Header/h44/Header_h44_f000024_t0.400.jpg,False,0.1667,1726.2,406.8,1741.5,419.4,True,False
Header/h44/Header_h44_f000030_t0.500.jpg,False,0.161,1725.9,406.8,1741.6,419.6,True,False
Header/h44/Header_h44_f000036_t0.600.jpg,False,0.0,,,,,False,False
Header/h44/Header_h44_f000042_t0.700.jpg,False,0.0,,,,,False,False
Header/h44/Header_h44_f000048_t0.800.jpg,False,0.0,,,,,False,False
Header/h44/Header_h44_f000054_t0.900.jpg,False,0.0,,,,,False,False
Header/h44/Header_h44_f000060_t1.000.jpg,False,0.0,,,,,False,False
Header/h44/Header_h44_f000066_t1.100.jpg,False,0.0,,,,,False,False
Header/h44/Header_h44_f000072_t1.200.jpg,False,0.0,,,,,False,False
Header/h44/Header_h44_f000078_t1.300.jpg,False,0.0,,,,,False,False
Header/h44/Header_h44_f000084_t1.400.jpg,False,0.0,,,,,False,False
Header/h44/Header_h44_f000090_t1.500.jpg,False,0.0,,,,,False,False
Header/h44/Header_h44_f000096_t1.600.jpg,False,0.0,,,,,False,False
Header/h44/Header_h44_f000102_t1.700.jpg,False,0.0,,,,,False,False
Header/h44/Header_h44_f000108_t1.800.jpg,False,0.0,,,,,False,False
Header/h44/Header_h44_f000114_t1.900.jpg,False,0.0,,,,,False,False
Header/h44/Header_h44_f000120_t2.000.jpg,False,0.0,,,,,False,False
Header/h44/Header_h44_f000126_t2.100.jpg,False,0.0,,,,,False,False
Header/h44/Header_h44_f000132_t2.200.jpg,False,0.1069,1610.1,305.2,1639.1,333.9,True,False
Header/h44/Header_h44_f000138_t2.300.jpg,False,0.0,,,,,False,False
Header/h44/Header_h44_f000144_t2.400.jpg,False,0.0,,,,,False,False
Header/h44/Header_h44_f000150_t2.500.jpg,False,0.0,,,,,False,False
Header/h44/Header_h44_f000156_t2.600.jpg,False,0.0,,,,,False,False
Header/h44/Header_h44_f000162_t2.700.jpg,False,0.0,,,,,False,False
Header/h44/Header_h44_f000168_t2.800.jpg,True,0.3138,460.2,548.4,490.3,569.1,False,False
Header/h44/Header_h44_f000174_t2.900.jpg,True,0.268,1574.7,174.3,1607.8,200.0,False,False
Header/h44/Header_h44_f000180_t3.000.jpg,False,0.0,,,,,False,False
Header/h44/Header_h44_f000186_t3.100.jpg,False,0.0,,,,,False,False
Header/h44/Header_h44_f000192_t3.200.jpg,False,0.0,,,,,False,False
Header/h44/Header_h44_f000198_t3.300.jpg,False,0.0,,,,,False,False
Header/h44/Header_h44_f000204_t3.400.jpg,False,0.0,,,,,False,False
Header/h44/Header_h44_f000210_t3.500.jpg,False,0.0,,,,,False,False
Header/h44/Header_h44_f000216_t3.600.jpg,False,0.0,,,,,False,False
Header/h44/Header_h44_f000222_t3.700.jpg,False,0.0,,,,,False,False
Header/h44/Header_h44_f000228_t3.800.jpg,False,0.2252,1561.4,445.8,1582.6,462.2,True,False
Header/h44/Header_h44_f000234_t3.900.jpg,False,0.0,,,,,False,False
Header/h44/Header_h44_f000240_t4.000.jpg,False,0.0,,,,,False,False
Header/h44/Header_h44_f000246_t4.100.jpg,False,0.0,,,,,False,False
Header/h44/Header_h44_f000252_t4.200.jpg,False,0.0,,,,,False,False
Header/h44/Header_h44_f000258_t4.300.jpg,False,0.0,,,,,False,False
Header/h44/Header_h44_f000264_t4.400.jpg,False,0.1108,440.3,326.9,478.0,355.5,True,False
Header/h44/Header_h44_f000270_t4.500.jpg,False,0.0,,,,,False,False
Header/h44/Header_h44_f000276_t4.600.jpg,False,0.0,,,,,False,False
Header/h44/Header_h44_f000282_t4.700.jpg,False,0.1221,761.6,425.4,787.7,445.8,True,False
Header/h44/Header_h44_f000288_t4.800.jpg,False,0.0,,,,,False,False
Header/h44/Header_h44_f000294_t4.900.jpg,False,0.0,,,,,False,False
Header/h44/Header_h44_f000300_t5.000.jpg,False,0.0,,,,,False,False
Header/h44/Header_h44_f000306_t5.100.jpg,False,0.0,,,,,False,False
Header/h44/Header_h44_f000312_t5.200.jpg,False,0.0,,,,,False,False
Header/h44/Header_h44_f000318_t5.300.jpg,False,0.0,,,,,False,False
Header/h44/Header_h44_f000324_t5.400.jpg,False,0.0,,,,,False,False
Header/h44/Header_h44_f000330_t5.500.jpg,False,0.0,,,,,False,False
Header/h44/Header_h44_f000336_t5.600.jpg,False,0.0,,,,,False,False
Header/h44/Header_h44_f000342_t5.700.jpg,False,0.0,,,,,False,False
Header/h44/Header_h44_f000348_t5.800.jpg,False,0.0,,,,,False,False
Header/h44/Header_h44_f000354_t5.900.jpg,False,0.0,,,,,False,False
Header/h44/Header_h44_f000360_t6.000.jpg,False,0.0,,,,,False,False
Header/h45/Header_h45_f000000_t0.000.jpg,False,0.0,,,,,False,False
Header/h45/Header_h45_f000006_t0.100.jpg,False,0.0,,,,,False,False
Header/h45/Header_h45_f000012_t0.200.jpg,False,0.0,,,,,False,False
Header/h45/Header_h45_f000018_t0.300.jpg,True,0.4441,1507.3,507.3,1522.5,520.0,False,False
Header/h45/Header_h45_f000024_t0.400.jpg,False,0.2023,1493.5,501.3,1507.1,514.4,True,False
Header/h45/Header_h45_f000030_t0.500.jpg,True,0.2768,1490.4,498.2,1503.8,511.4,False,False
Header/h45/Header_h45_f000036_t0.600.jpg,False,0.1043,1484.3,490.5,1500.7,505.1,True,False
Header/h45/Header_h45_f000042_t0.700.jpg,True,0.3052,1482.1,488.4,1498.4,502.0,False,False
Header/h45/Header_h45_f000048_t0.800.jpg,True,0.4066,1478.9,483.5,1494.8,495.6,False,False
Header/h45/Header_h45_f000054_t0.900.jpg,False,0.1313,1477.9,478.7,1494.4,494.6,True,False
Header/h45/Header_h45_f000060_t1.000.jpg,False,0.0,,,,,False,False
Header/h45/Header_h45_f000066_t1.100.jpg,False,0.0,,,,,False,False
Header/h45/Header_h45_f000072_t1.200.jpg,False,0.0,,,,,False,False
Header/h45/Header_h45_f000078_t1.300.jpg,False,0.0,,,,,False,False
Header/h45/Header_h45_f000084_t1.400.jpg,False,0.0,,,,,False,False
Header/h45/Header_h45_f000090_t1.500.jpg,False,0.0,,,,,False,False
Header/h45/Header_h45_f000096_t1.600.jpg,False,0.0,,,,,False,False
Header/h45/Header_h45_f000102_t1.700.jpg,False,0.0,,,,,False,False
Header/h45/Header_h45_f000108_t1.800.jpg,False,0.0,,,,,False,False
Header/h45/Header_h45_f000114_t1.900.jpg,False,0.0,,,,,False,False
Header/h45/Header_h45_f000120_t2.000.jpg,False,0.0,,,,,False,False
Header/h45/Header_h45_f000126_t2.100.jpg,False,0.1747,1004.1,416.5,1023.4,433.2,True,False
Header/h45/Header_h45_f000132_t2.200.jpg,True,0.5228,959.3,446.6,974.7,462.4,False,False
Header/h45/Header_h45_f000138_t2.300.jpg,False,0.0,,,,,False,False
Header/h45/Header_h45_f000144_t2.400.jpg,True,0.4376,366.0,693.9,381.1,711.6,False,False
Header/h45/Header_h45_f000150_t2.500.jpg,True,0.4197,443.3,699.0,464.3,713.1,False,False
Header/h45/Header_h45_f000156_t2.600.jpg,False,0.0,,,,,False,False
Header/h45/Header_h45_f000162_t2.700.jpg,False,0.1181,786.3,555.5,805.5,575.0,True,False
Header/h45/Header_h45_f000168_t2.800.jpg,True,0.2795,396.1,738.8,421.7,751.7,False,False
Header/h45/Header_h45_f000174_t2.900.jpg,False,0.1108,440.4,739.0,465.0,754.0,True,False
Header/h45/Header_h45_f000180_t3.000.jpg,False,0.0,,,,,False,False
Header/h45/Header_h45_f000186_t3.100.jpg,True,0.3518,546.2,709.6,571.2,739.5,False,False
Header/h45/Header_h45_f000192_t3.200.jpg,False,0.0,,,,,False,False
Header/h45/Header_h45_f000198_t3.300.jpg,False,0.0,,,,,False,False
Header/h45/Header_h45_f000204_t3.400.jpg,False,0.0,,,,,False,False
Header/h45/Header_h45_f000210_t3.500.jpg,False,0.2224,704.9,682.0,736.6,704.7,True,False
Header/h45/Header_h45_f000216_t3.600.jpg,False,0.2232,1091.2,442.9,1128.8,475.2,True,False
Header/h45/Header_h45_f000222_t3.700.jpg,True,0.3591,1153.5,476.9,1186.1,499.7,False,False
Header/h45/Header_h45_f000228_t3.800.jpg,True,0.3966,1226.8,533.2,1258.0,561.5,False,False
Header/h45/Header_h45_f000234_t3.900.jpg,False,0.1025,364.0,586.9,409.6,608.1,True,False
Header/h45/Header_h45_f000240_t4.000.jpg,False,0.1794,304.5,590.6,349.6,613.0,True,False
Header/h45/Header_h45_f000246_t4.100.jpg,False,0.1969,545.1,651.2,570.5,672.7,True,False
Header/h45/Header_h45_f000252_t4.200.jpg,True,0.4414,554.3,721.0,580.2,748.4,False,False
Header/h45/Header_h45_f000258_t4.300.jpg,True,0.3193,621.7,750.5,658.7,761.3,False,False
Header/h45/Header_h45_f000264_t4.400.jpg,False,0.0,,,,,False,False
Header/h45/Header_h45_f000270_t4.500.jpg,False,0.185,1068.8,790.8,1088.3,823.2,True,False
Header/h45/Header_h45_f000276_t4.600.jpg,False,0.0,,,,,False,False
Header/h45/Header_h45_f000282_t4.700.jpg,False,0.0,,,,,False,False
Header/h45/Header_h45_f000288_t4.800.jpg,False,0.0,,,,,False,False
Header/h45/Header_h45_f000294_t4.900.jpg,False,0.0,,,,,False,False
Header/h45/Header_h45_f000300_t5.000.jpg,False,0.0,,,,,False,False
Header/h45/Header_h45_f000306_t5.100.jpg,False,0.1856,649.5,685.8,662.0,710.8,True,False
Header/h45/Header_h45_f000312_t5.200.jpg,False,0.1508,519.6,297.2,543.3,320.3,True,False
Header/h45/Header_h45_f000318_t5.300.jpg,False,0.0,,,,,False,False
Header/h45/Header_h45_f000324_t5.400.jpg,False,0.0,,,,,False,False
Header/h45/Header_h45_f000330_t5.500.jpg,False,0.0,,,,,False,False
Header/h45/Header_h45_f000336_t5.600.jpg,False,0.0,,,,,False,False
Header/h45/Header_h45_f000342_t5.700.jpg,False,0.0,,,,,False,False
Header/h45/Header_h45_f000348_t5.800.jpg,False,0.0,,,,,False,False
Header/h45/Header_h45_f000354_t5.900.jpg,False,0.0,,,,,False,False
Header/h45/Header_h45_f000360_t6.000.jpg,False,0.2375,601.5,682.3,625.4,697.5,True,False
Header/h45/Header_h45_f000366_t6.100.jpg,False,0.0,,,,,False,False
Header/h45/Header_h45_f000372_t6.200.jpg,False,0.0,,,,,False,False
Header/h45/Header_h45_f000378_t6.300.jpg,False,0.0,,,,,False,False
Header/h45/Header_h45_f000384_t6.400.jpg,True,0.3962,1132.7,420.8,1148.3,436.1,False,False
Header/h45/Header_h45_f000390_t6.500.jpg,False,0.0,,,,,False,False
Header/h45/Header_h45_f000396_t6.600.jpg,False,0.2067,1077.4,399.2,1095.7,417.1,True,False
Header/h45/Header_h45_f000402_t6.700.jpg,False,0.1298,1062.4,402.1,1079.1,417.2,True,False
Header/h45/Header_h45_f000408_t6.800.jpg,False,0.0,,,,,False,False
Header/h45/Header_h45_f000414_t6.900.jpg,False,0.1754,1034.0,418.6,1047.9,433.4,True,False
Header/h45/Header_h45_f000420_t7.000.jpg,False,0.0,,,,,False,False
Header/h46/Header_h46_f000000_t0.000.jpg,True,0.6055,605.9,845.3,631.6,871.5,False,False
Header/h46/Header_h46_f000006_t0.100.jpg,True,0.6217,606.0,845.2,631.4,871.3,False,False
Header/h46/Header_h46_f000012_t0.200.jpg,True,0.6132,606.0,845.2,631.1,870.6,False,False
Header/h46/Header_h46_f000018_t0.300.jpg,True,0.6269,605.6,845.3,631.1,871.0,False,False
Header/h46/Header_h46_f000024_t0.400.jpg,True,0.5679,604.8,845.1,630.6,871.0,False,False
Header/h46/Header_h46_f000030_t0.500.jpg,True,0.6058,603.9,845.8,629.7,872.3,False,False
Header/h46/Header_h46_f000036_t0.600.jpg,True,0.5547,603.0,845.8,628.0,871.9,False,False
Header/h46/Header_h46_f000042_t0.700.jpg,True,0.5395,600.2,846.8,626.0,873.0,False,False
Header/h46/Header_h46_f000048_t0.800.jpg,True,0.3374,594.4,848.0,620.2,874.3,False,False
Header/h46/Header_h46_f000054_t0.900.jpg,True,0.6413,589.3,848.8,615.9,874.7,False,False
Header/h46/Header_h46_f000060_t1.000.jpg,True,0.5073,580.2,851.1,606.7,877.0,False,False
Header/h46/Header_h46_f000066_t1.100.jpg,True,0.4674,572.3,852.6,598.3,879.4,False,False
Header/h46/Header_h46_f000072_t1.200.jpg,True,0.5719,559.5,854.9,585.6,882.4,False,False
Header/h46/Header_h46_f000078_t1.300.jpg,True,0.2621,550.3,858.4,575.3,884.7,False,False
Header/h46/Header_h46_f000084_t1.400.jpg,False,0.0,,,,,False,False
Header/h46/Header_h46_f000090_t1.500.jpg,False,0.0,,,,,False,False
Header/h46/Header_h46_f000096_t1.600.jpg,False,0.0,,,,,False,False
Header/h46/Header_h46_f000102_t1.700.jpg,False,0.0,,,,,False,False
Header/h46/Header_h46_f000108_t1.800.jpg,False,0.1805,50.6,325.6,71.1,344.1,True,False
Header/h46/Header_h46_f000114_t1.900.jpg,False,0.0,,,,,False,False
Header/h46/Header_h46_f000120_t2.000.jpg,False,0.189,651.2,337.1,672.6,361.5,True,False
Header/h46/Header_h46_f000126_t2.100.jpg,False,0.2251,643.2,321.1,666.8,344.5,True,False
Header/h46/Header_h46_f000132_t2.200.jpg,False,0.0,,,,,False,False
Header/h46/Header_h46_f000138_t2.300.jpg,False,0.2391,634.6,308.7,655.6,333.3,True,False
Header/h46/Header_h46_f000144_t2.400.jpg,False,0.1806,639.0,320.6,662.5,344.7,True,False
Header/h46/Header_h46_f000150_t2.500.jpg,False,0.2116,650.6,335.0,673.7,360.4,True,False
Header/h46/Header_h46_f000156_t2.600.jpg,False,0.0,,,,,False,False
Header/h46/Header_h46_f000162_t2.700.jpg,False,0.0,,,,,False,False
Header/h46/Header_h46_f000168_t2.800.jpg,False,0.0,,,,,False,False
Header/h46/Header_h46_f000174_t2.900.jpg,False,0.0,,,,,False,False
Header/h46/Header_h46_f000180_t3.000.jpg,False,0.1757,606.1,473.7,632.4,501.6,True,False
Header/h46/Header_h46_f000186_t3.100.jpg,False,0.1906,584.4,514.0,609.2,541.7,True,False
Header/h46/Header_h46_f000192_t3.200.jpg,False,0.0,,,,,False,False
Header/h46/Header_h46_f000198_t3.300.jpg,False,0.0,,,,,False,False
Header/h46/Header_h46_f000204_t3.400.jpg,True,0.2655,498.9,356.3,526.1,384.4,False,False
Header/h46/Header_h46_f000210_t3.500.jpg,False,0.1596,1298.5,244.8,1341.6,309.2,True,False
Header/h46/Header_h46_f000216_t3.600.jpg,True,0.2861,1329.7,240.8,1369.2,305.0,False,False
Header/h46/Header_h46_f000222_t3.700.jpg,True,0.3182,1346.5,241.7,1383.5,305.5,False,False
Header/h46/Header_h46_f000228_t3.800.jpg,False,0.172,618.7,660.8,647.4,682.9,True,False
Header/h46/Header_h46_f000234_t3.900.jpg,False,0.0,,,,,False,False
Header/h46/Header_h46_f000240_t4.000.jpg,False,0.1436,1368.2,235.2,1398.4,293.0,True,False
Header/h46/Header_h46_f000246_t4.100.jpg,True,0.2969,1371.4,232.5,1399.1,287.9,False,False
Header/h46/Header_h46_f000252_t4.200.jpg,True,0.2896,1375.3,226.4,1400.2,281.1,False,False
Header/h46/Header_h46_f000258_t4.300.jpg,False,0.1109,1167.4,523.6,1206.6,563.6,True,False
Header/h46/Header_h46_f000264_t4.400.jpg,False,0.1453,610.4,466.6,635.7,493.2,True,False
Header/h46/Header_h46_f000270_t4.500.jpg,False,0.1818,624.1,441.5,645.0,464.9,True,False
Header/h46/Header_h46_f000276_t4.600.jpg,False,0.0,,,,,False,False
Header/h46/Header_h46_f000282_t4.700.jpg,False,0.0,,,,,False,False
Header/h46/Header_h46_f000288_t4.800.jpg,False,0.1444,1199.9,273.4,1359.9,340.5,True,False
Header/h46/Header_h46_f000294_t4.900.jpg,True,0.2607,1201.4,222.0,1450.9,342.0,False,False
Header/h46/Header_h46_f000300_t5.000.jpg,False,0.0,,,,,False,False
Header/h46/Header_h46_f000306_t5.100.jpg,False,0.1002,1202.5,230.3,1457.1,342.9,True,False
Header/h46/Header_h46_f000312_t5.200.jpg,False,0.0,,,,,False,False
Header/h46/Header_h46_f000318_t5.300.jpg,False,0.0,,,,,False,False
Header/h46/Header_h46_f000324_t5.400.jpg,False,0.0,,,,,False,False
Header/h46/Header_h46_f000330_t5.500.jpg,False,0.0,,,,,False,False
Header/h46/Header_h46_f000336_t5.600.jpg,False,0.0,,,,,False,False
Header/h46/Header_h46_f000342_t5.700.jpg,False,0.0,,,,,False,False
Header/h46/Header_h46_f000348_t5.800.jpg,False,0.0,,,,,False,False
Header/h46/Header_h46_f000354_t5.900.jpg,False,0.0,,,,,False,False
Header/h46/Header_h46_f000360_t6.000.jpg,False,0.0,,,,,False,False
Header/h47/Header_h47_f000000_t0.000.jpg,False,0.0,,,,,False,False
Header/h47/Header_h47_f000006_t0.100.jpg,False,0.0,,,,,False,False
Header/h47/Header_h47_f000012_t0.200.jpg,False,0.0,,,,,False,False
Header/h47/Header_h47_f000018_t0.300.jpg,False,0.0,,,,,False,False
Header/h47/Header_h47_f000024_t0.400.jpg,True,0.3448,103.7,907.5,178.0,1011.8,False,False
Header/h47/Header_h47_f000030_t0.500.jpg,False,0.1079,295.8,881.0,361.9,952.9,True,False
Header/h47/Header_h47_f000036_t0.600.jpg,False,0.0,,,,,False,False
Header/h47/Header_h47_f000042_t0.700.jpg,False,0.0,,,,,False,False
Header/h47/Header_h47_f000048_t0.800.jpg,False,0.0,,,,,False,False
Header/h47/Header_h47_f000054_t0.900.jpg,False,0.1527,1355.5,657.5,1406.6,706.2,True,False
Header/h47/Header_h47_f000060_t1.000.jpg,False,0.1356,0.5,790.6,158.1,933.0,True,False
Header/h47/Header_h47_f000066_t1.100.jpg,False,0.176,0.8,799.9,118.4,926.6,True,False
Header/h47/Header_h47_f000072_t1.200.jpg,False,0.0,,,,,False,False
Header/h47/Header_h47_f000078_t1.300.jpg,False,0.2015,1087.5,725.5,1142.0,778.5,True,False
Header/h47/Header_h47_f000084_t1.400.jpg,False,0.0,,,,,False,False
Header/h47/Header_h47_f000090_t1.500.jpg,False,0.0,,,,,False,False
Header/h47/Header_h47_f000096_t1.600.jpg,False,0.0,,,,,False,False
Header/h47/Header_h47_f000102_t1.700.jpg,False,0.1472,1061.8,909.9,1090.4,954.9,True,False
Header/h47/Header_h47_f000108_t1.800.jpg,False,0.0,,,,,False,False
Header/h47/Header_h47_f000114_t1.900.jpg,True,0.326,790.1,715.6,830.4,755.0,False,False
Header/h47/Header_h47_f000120_t2.000.jpg,True,0.4472,694.5,682.6,737.6,733.4,False,False
Header/h47/Header_h47_f000126_t2.100.jpg,True,0.4044,611.7,672.5,656.2,717.1,False,False
Header/h47/Header_h47_f000132_t2.200.jpg,False,0.1898,516.7,665.5,562.8,708.4,True,False
Header/h47/Header_h47_f000138_t2.300.jpg,False,0.0,,,,,False,False
Header/h47/Header_h47_f000144_t2.400.jpg,True,0.479,358.9,676.3,398.7,713.8,False,False
Header/h47/Header_h47_f000150_t2.500.jpg,True,0.5031,302.8,675.6,346.2,715.4,False,False
Header/h47/Header_h47_f000156_t2.600.jpg,False,0.2213,252.5,680.2,284.0,718.0,True,False
Header/h47/Header_h47_f000162_t2.700.jpg,True,0.5967,1186.8,524.4,1236.0,603.7,False,False
Header/h47/Header_h47_f000168_t2.800.jpg,False,0.1782,867.1,867.2,897.2,911.0,True,False
Header/h47/Header_h47_f000174_t2.900.jpg,False,0.157,184.7,655.6,216.8,695.9,True,False
Header/h47/Header_h47_f000180_t3.000.jpg,False,0.0,,,,,False,False
Header/h47/Header_h47_f000186_t3.100.jpg,True,0.2828,403.9,556.4,458.0,577.7,False,False
Header/h47/Header_h47_f000192_t3.200.jpg,False,0.0,,,,,False,False
Header/h47/Header_h47_f000198_t3.300.jpg,False,0.0,,,,,False,False
Header/h47/Header_h47_f000204_t3.400.jpg,False,0.0,,,,,False,True
Header/h47/Header_h47_f000210_t3.500.jpg,False,0.0,,,,,False,True
Header/h47/Header_h47_f000216_t3.600.jpg,False,0.0,,,,,False,True
Header/h47/Header_h47_f000222_t3.700.jpg,False,0.0,,,,,False,True
Header/h47/Header_h47_f000228_t3.800.jpg,False,0.0,,,,,False,True
Header/h47/Header_h47_f000234_t3.900.jpg,False,0.0,,,,,False,True
Header/h47/Header_h47_f000240_t4.000.jpg,False,0.0,,,,,False,True
Header/h47/Header_h47_f000246_t4.100.jpg,False,0.0,,,,,False,True
Header/h47/Header_h47_f000252_t4.200.jpg,False,0.0,,,,,False,True
Header/h47/Header_h47_f000258_t4.300.jpg,False,0.0,,,,,False,True
Header/h47/Header_h47_f000264_t4.400.jpg,False,0.0,,,,,False,True
Header/h47/Header_h47_f000270_t4.500.jpg,False,0.0,,,,,False,True
Header/h47/Header_h47_f000276_t4.600.jpg,False,0.0,,,,,False,True
Header/h47/Header_h47_f000282_t4.700.jpg,False,0.0,,,,,False,True
Header/h47/Header_h47_f000288_t4.800.jpg,True,0.6395,770.1,711.4,838.0,771.8,False,False
Header/h47/Header_h47_f000294_t4.900.jpg,True,0.8705,391.0,731.3,468.8,810.7,False,False
Header/h47/Header_h47_f000300_t5.000.jpg,True,0.8496,361.2,775.6,437.5,848.3,False,False
Header/h47/Header_h47_f000306_t5.100.jpg,True,0.4794,493.4,736.1,535.1,778.2,False,False
Header/h47/Header_h47_f000312_t5.200.jpg,True,0.6222,542.7,710.0,585.7,758.8,False,False
Header/h47/Header_h47_f000318_t5.300.jpg,True,0.6913,561.3,702.4,616.6,753.2,False,False
Header/h47/Header_h47_f000324_t5.400.jpg,True,0.7565,240.0,665.6,322.0,748.8,False,False
Header/h47/Header_h47_f000330_t5.500.jpg,False,0.1912,1406.6,475.8,1470.3,534.5,True,False
Header/h47/Header_h47_f000336_t5.600.jpg,False,0.166,1460.2,672.6,1504.0,707.4,True,False
Header/h47/Header_h47_f000342_t5.700.jpg,False,0.1087,1659.1,487.1,1724.0,545.7,True,False
Header/h47/Header_h47_f000348_t5.800.jpg,False,0.1187,1720.0,290.6,1800.2,325.6,True,False
Header/h47/Header_h47_f000354_t5.900.jpg,True,0.3483,1878.5,480.6,1919.1,540.2,False,False
Header/h47/Header_h47_f000360_t6.000.jpg,False,0.0,,,,,False,False
Header/h48/Header_h48_f000000_t0.000.jpg,True,0.2588,1603.8,692.7,1622.1,706.1,False,False
Header/h48/Header_h48_f000006_t0.100.jpg,False,0.238,1603.7,692.6,1622.1,706.2,True,False
Header/h48/Header_h48_f000012_t0.200.jpg,True,0.2673,1603.6,692.4,1622.1,706.0,False,False
Header/h48/Header_h48_f000018_t0.300.jpg,True,0.3089,1603.9,692.5,1621.8,705.9,False,False
Header/h48/Header_h48_f000024_t0.400.jpg,True,0.2561,1603.4,692.8,1621.4,705.5,False,False
Header/h48/Header_h48_f000030_t0.500.jpg,False,0.0,,,,,False,False
Header/h48/Header_h48_f000036_t0.600.jpg,False,0.0,,,,,False,False
Header/h48/Header_h48_f000042_t0.700.jpg,False,0.0,,,,,False,False
Header/h48/Header_h48_f000048_t0.800.jpg,False,0.0,,,,,False,False
Header/h48/Header_h48_f000054_t0.900.jpg,True,0.4583,1502.7,699.3,1520.0,711.0,False,False
Header/h48/Header_h48_f000060_t1.000.jpg,False,0.0,,,,,False,False
Header/h48/Header_h48_f000066_t1.100.jpg,False,0.1182,1389.9,713.8,1408.0,726.2,True,False
Header/h48/Header_h48_f000072_t1.200.jpg,False,0.0,,,,,False,False
Header/h48/Header_h48_f000078_t1.300.jpg,False,0.0,,,,,False,False
Header/h48/Header_h48_f000084_t1.400.jpg,False,0.0,,,,,False,False
Header/h48/Header_h48_f000090_t1.500.jpg,False,0.0,,,,,False,False
Header/h48/Header_h48_f000096_t1.600.jpg,False,0.0,,,,,False,False
Header/h48/Header_h48_f000102_t1.700.jpg,False,0.0,,,,,False,False
Header/h48/Header_h48_f000108_t1.800.jpg,False,0.0,,,,,False,False
Header/h48/Header_h48_f000114_t1.900.jpg,False,0.0,,,,,False,False
Header/h48/Header_h48_f000120_t2.000.jpg,False,0.0,,,,,False,False
Header/h48/Header_h48_f000126_t2.100.jpg,True,0.332,1088.1,592.5,1098.5,606.7,False,False
Header/h48/Header_h48_f000132_t2.200.jpg,False,0.0,,,,,False,False
Header/h48/Header_h48_f000138_t2.300.jpg,False,0.0,,,,,False,False
Header/h48/Header_h48_f000144_t2.400.jpg,False,0.0,,,,,False,False
Header/h48/Header_h48_f000150_t2.500.jpg,False,0.0,,,,,False,False
Header/h48/Header_h48_f000156_t2.600.jpg,False,0.0,,,,,False,False
Header/h48/Header_h48_f000162_t2.700.jpg,False,0.0,,,,,False,False
Header/h48/Header_h48_f000168_t2.800.jpg,False,0.0,,,,,False,False
Header/h48/Header_h48_f000174_t2.900.jpg,False,0.0,,,,,False,False
Header/h48/Header_h48_f000180_t3.000.jpg,False,0.0,,,,,False,False
Header/h48/Header_h48_f000186_t3.100.jpg,False,0.0,,,,,False,False
Header/h48/Header_h48_f000192_t3.200.jpg,False,0.0,,,,,False,False
Header/h48/Header_h48_f000198_t3.300.jpg,False,0.0,,,,,False,False
Header/h48/Header_h48_f000204_t3.400.jpg,False,0.0,,,,,False,False
Header/h48/Header_h48_f000210_t3.500.jpg,False,0.0,,,,,False,False
Header/h48/Header_h48_f000216_t3.600.jpg,False,0.0,,,,,False,False
Header/h48/Header_h48_f000222_t3.700.jpg,False,0.0,,,,,False,False
Header/h48/Header_h48_f000228_t3.800.jpg,False,0.0,,,,,False,False
Header/h48/Header_h48_f000234_t3.900.jpg,False,0.0,,,,,False,False
Header/h48/Header_h48_f000240_t4.000.jpg,False,0.0,,,,,False,False
Header/h48/Header_h48_f000246_t4.100.jpg,False,0.0,,,,,False,False
Header/h48/Header_h48_f000252_t4.200.jpg,False,0.0,,,,,False,False
Header/h48/Header_h48_f000258_t4.300.jpg,False,0.0,,,,,False,False
Header/h48/Header_h48_f000264_t4.400.jpg,False,0.0,,,,,False,False
Header/h48/Header_h48_f000270_t4.500.jpg,False,0.0,,,,,False,False
Header/h48/Header_h48_f000276_t4.600.jpg,False,0.1467,542.8,748.0,557.9,758.3,True,False
Header/h48/Header_h48_f000282_t4.700.jpg,False,0.0,,,,,False,False
Header/h48/Header_h48_f000288_t4.800.jpg,False,0.0,,,,,False,False
Header/h48/Header_h48_f000294_t4.900.jpg,False,0.0,,,,,False,False
Header/h48/Header_h48_f000300_t5.000.jpg,False,0.138,1095.1,68.1,1126.1,98.3,True,False
Header/h48/Header_h48_f000306_t5.100.jpg,False,0.0,,,,,False,False
Header/h48/Header_h48_f000312_t5.200.jpg,False,0.0,,,,,False,False
Header/h48/Header_h48_f000318_t5.300.jpg,False,0.0,,,,,False,False
Header/h48/Header_h48_f000324_t5.400.jpg,False,0.0,,,,,False,False
Header/h48/Header_h48_f000330_t5.500.jpg,False,0.0,,,,,False,False
Header/h48/Header_h48_f000336_t5.600.jpg,False,0.0,,,,,False,False
Header/h48/Header_h48_f000342_t5.700.jpg,False,0.0,,,,,False,False
Header/h48/Header_h48_f000348_t5.800.jpg,False,0.0,,,,,False,False
Header/h48/Header_h48_f000354_t5.900.jpg,False,0.0,,,,,False,False
Header/h48/Header_h48_f000360_t6.000.jpg,False,0.1428,536.9,785.8,553.8,797.2,True,False
Header/h48/Header_h48_f000366_t6.100.jpg,True,0.2729,533.6,788.2,550.1,798.2,False,False
Header/h48/Header_h48_f000372_t6.200.jpg,False,0.1678,524.9,788.2,544.9,800.4,True,False
Header/h48/Header_h48_f000378_t6.300.jpg,False,0.2253,524.1,789.2,542.9,800.5,True,False
Header/h48/Header_h48_f000384_t6.400.jpg,False,0.2174,523.6,789.5,542.5,800.6,True,False
Header/h48/Header_h48_f000390_t6.500.jpg,False,0.2041,523.6,789.3,542.5,800.2,True,False
Header/h48/Header_h48_f000396_t6.600.jpg,False,0.1793,522.9,789.1,542.7,800.0,True,False
Header/h48/Header_h48_f000402_t6.700.jpg,False,0.2113,523.6,789.1,542.8,800.0,True,False
Header/h48/Header_h48_f000408_t6.800.jpg,False,0.1794,522.7,788.7,542.7,799.5,True,False
Header/h48/Header_h48_f000414_t6.900.jpg,False,0.2097,522.1,787.7,542.4,799.3,True,False
Header/h48/Header_h48_f000420_t7.000.jpg,False,0.2408,522.4,787.8,542.4,799.3,True,False
Header/h49/Header_h49_f000000_t0.000.jpg,False,0.0,,,,,False,True
Header/h49/Header_h49_f000006_t0.100.jpg,False,0.0,,,,,False,True
Header/h49/Header_h49_f000012_t0.200.jpg,False,0.0,,,,,False,True
Header/h49/Header_h49_f000018_t0.300.jpg,False,0.0,,,,,False,True
Header/h49/Header_h49_f000024_t0.400.jpg,False,0.0,,,,,False,True
Header/h49/Header_h49_f000030_t0.500.jpg,False,0.0,,,,,False,True
Header/h49/Header_h49_f000036_t0.600.jpg,False,0.0,,,,,False,True
Header/h49/Header_h49_f000042_t0.700.jpg,False,0.0,,,,,False,True
Header/h49/Header_h49_f000048_t0.800.jpg,False,0.0,,,,,False,True
Header/h49/Header_h49_f000054_t0.900.jpg,False,0.0,,,,,False,True
Header/h49/Header_h49_f000060_t1.000.jpg,False,0.0,,,,,False,True
Header/h49/Header_h49_f000066_t1.100.jpg,False,0.0,,,,,False,True
Header/h49/Header_h49_f000072_t1.200.jpg,False,0.0,,,,,False,True
Header/h49/Header_h49_f000078_t1.300.jpg,False,0.0,,,,,False,True
Header/h49/Header_h49_f000084_t1.400.jpg,False,0.0,,,,,False,True
Header/h49/Header_h49_f000090_t1.500.jpg,True,0.548,1329.8,1.0,1416.9,71.2,False,False
Header/h49/Header_h49_f000096_t1.600.jpg,True,0.8793,1298.7,71.3,1384.1,162.8,False,False
Header/h49/Header_h49_f000102_t1.700.jpg,True,0.897,1290.7,143.2,1373.7,233.1,False,False
Header/h49/Header_h49_f000108_t1.800.jpg,True,0.8848,1288.8,252.7,1375.7,349.5,False,False
Header/h49/Header_h49_f000114_t1.900.jpg,False,0.0,,,,,False,False
Header/h49/Header_h49_f000120_t2.000.jpg,True,0.8931,1316.2,396.4,1394.0,479.5,False,False
Header/h49/Header_h49_f000126_t2.100.jpg,True,0.8957,1314.9,433.0,1397.5,514.2,False,False
Header/h49/Header_h49_f000132_t2.200.jpg,True,0.9034,1320.1,485.8,1398.6,565.0,False,False
Header/h49/Header_h49_f000138_t2.300.jpg,True,0.8965,1324.5,529.1,1402.3,609.0,False,False
Header/h49/Header_h49_f000144_t2.400.jpg,True,0.8983,1329.2,596.0,1406.6,671.1,False,False
Header/h49/Header_h49_f000150_t2.500.jpg,True,0.8939,1329.1,648.3,1402.8,721.9,False,False
Header/h49/Header_h49_f000156_t2.600.jpg,True,0.8507,1308.8,723.0,1380.0,800.7,False,False
Header/h49/Header_h49_f000162_t2.700.jpg,True,0.8681,1275.8,780.0,1344.9,852.2,False,False
Header/h49/Header_h49_f000168_t2.800.jpg,True,0.8595,1211.9,849.9,1283.6,921.3,False,False
Header/h49/Header_h49_f000174_t2.900.jpg,True,0.8284,1153.1,854.0,1224.2,927.7,False,False
Header/h49/Header_h49_f000180_t3.000.jpg,True,0.8527,1076.1,747.3,1144.1,818.5,False,False
Header/h49/Header_h49_f000186_t3.100.jpg,True,0.8828,1031.6,675.7,1092.9,742.0,False,False
Header/h49/Header_h49_f000192_t3.200.jpg,True,0.8312,983.8,593.5,1042.7,656.7,False,False
Header/h49/Header_h49_f000198_t3.300.jpg,True,0.8502,957.6,542.4,1013.5,603.2,False,False
Header/h49/Header_h49_f000204_t3.400.jpg,True,0.4469,937.3,493.2,993.2,549.6,False,False
Header/h49/Header_h49_f000210_t3.500.jpg,True,0.5291,927.7,462.5,980.7,519.2,False,False
Header/h49/Header_h49_f000216_t3.600.jpg,False,0.0,,,,,False,False
Header/h49/Header_h49_f000222_t3.700.jpg,False,0.0,,,,,False,False
Header/h49/Header_h49_f000228_t3.800.jpg,False,0.0,,,,,False,False
Header/h49/Header_h49_f000234_t3.900.jpg,True,0.7908,1046.3,423.0,1106.4,472.5,False,False
Header/h49/Header_h49_f000240_t4.000.jpg,True,0.7596,1171.6,434.2,1234.3,489.6,False,False
Header/h49/Header_h49_f000246_t4.100.jpg,True,0.8891,1262.8,445.7,1329.9,503.3,False,False
Header/h49/Header_h49_f000252_t4.200.jpg,True,0.8707,1389.0,471.1,1453.8,528.0,False,False
Header/h49/Header_h49_f000258_t4.300.jpg,True,0.721,1479.6,492.3,1549.3,549.7,False,False
Header/h49/Header_h49_f000264_t4.400.jpg,True,0.8383,1500.0,556.9,1558.1,612.7,False,False
Header/h49/Header_h49_f000270_t4.500.jpg,False,0.0,,,,,False,False
Header/h49/Header_h49_f000276_t4.600.jpg,True,0.4698,1364.2,713.8,1429.0,773.2,False,False
Header/h49/Header_h49_f000282_t4.700.jpg,True,0.4635,1266.5,766.0,1335.0,825.9,False,False
Header/h49/Header_h49_f000288_t4.800.jpg,False,0.0,,,,,False,False
Header/h49/Header_h49_f000294_t4.900.jpg,True,0.7914,970.0,625.4,1045.5,686.8,False,False
Header/h49/Header_h49_f000300_t5.000.jpg,True,0.744,824.6,543.9,890.7,606.4,False,False
Header/h49/Header_h49_f000306_t5.100.jpg,True,0.602,765.0,486.4,823.6,552.8,False,False
Header/h49/Header_h49_f000312_t5.200.jpg,True,0.7435,736.9,420.3,795.1,478.1,False,False
Header/h49/Header_h49_f000318_t5.300.jpg,True,0.8651,732.0,372.2,791.5,431.6,False,False
Header/h49/Header_h49_f000324_t5.400.jpg,True,0.8865,729.0,314.2,788.9,373.8,False,False
Header/h49/Header_h49_f000330_t5.500.jpg,True,0.8697,725.9,277.9,785.5,338.7,False,False
Header/h49/Header_h49_f000336_t5.600.jpg,True,0.8076,725.8,243.8,783.7,303.0,False,False
Header/h49/Header_h49_f000342_t5.700.jpg,True,0.8016,727.3,225.2,788.4,290.9,False,False
Header/h49/Header_h49_f000348_t5.800.jpg,True,0.6689,740.7,209.6,803.4,274.3,False,False
Header/h49/Header_h49_f000354_t5.900.jpg,False,0.2092,1461.7,219.6,1497.1,259.0,True,False
Header/h49/Header_h49_f000360_t6.000.jpg,True,0.4203,1511.4,229.9,1546.4,277.3,False,False
Header/h5/Header_h5_f000000_t0.000.jpg,False,0.0,,,,,False,False
Header/h5/Header_h5_f000006_t0.100.jpg,False,0.0,,,,,False,False
Header/h5/Header_h5_f000012_t0.200.jpg,False,0.0,,,,,False,False
Header/h5/Header_h5_f000018_t0.300.jpg,False,0.1453,800.2,503.0,810.4,514.9,True,False
Header/h5/Header_h5_f000024_t0.400.jpg,True,0.2844,800.6,499.7,811.5,512.1,False,False
Header/h5/Header_h5_f000030_t0.500.jpg,False,0.0,,,,,False,False
Header/h5/Header_h5_f000036_t0.600.jpg,False,0.0,,,,,False,False
Header/h5/Header_h5_f000042_t0.700.jpg,False,0.0,,,,,False,False
Header/h5/Header_h5_f000048_t0.800.jpg,False,0.1004,1011.0,415.9,1032.7,441.0,True,False
Header/h5/Header_h5_f000054_t0.900.jpg,False,0.0,,,,,False,False
Header/h5/Header_h5_f000060_t1.000.jpg,False,0.0,,,,,False,False
Header/h5/Header_h5_f000066_t1.100.jpg,False,0.0,,,,,False,False
Header/h5/Header_h5_f000072_t1.200.jpg,False,0.0,,,,,False,False
Header/h5/Header_h5_f000078_t1.300.jpg,False,0.0,,,,,False,False
Header/h5/Header_h5_f000084_t1.400.jpg,False,0.1172,694.9,457.4,707.9,469.7,True,False
Header/h5/Header_h5_f000090_t1.500.jpg,False,0.0,,,,,False,False
Header/h5/Header_h5_f000096_t1.600.jpg,False,0.0,,,,,False,False
Header/h5/Header_h5_f000102_t1.700.jpg,False,0.1031,909.3,418.0,929.9,444.3,True,False
Header/h5/Header_h5_f000108_t1.800.jpg,False,0.0,,,,,False,False
Header/h5/Header_h5_f000114_t1.900.jpg,False,0.0,,,,,False,False
Header/h5/Header_h5_f000120_t2.000.jpg,False,0.0,,,,,False,False
Header/h5/Header_h5_f000126_t2.100.jpg,False,0.0,,,,,False,False
Header/h5/Header_h5_f000132_t2.200.jpg,False,0.0,,,,,False,False
Header/h5/Header_h5_f000138_t2.300.jpg,False,0.0,,,,,False,False
Header/h5/Header_h5_f000144_t2.400.jpg,False,0.0,,,,,False,False
Header/h5/Header_h5_f000150_t2.500.jpg,False,0.0,,,,,False,False
Header/h5/Header_h5_f000156_t2.600.jpg,False,0.0,,,,,False,False
Header/h5/Header_h5_f000162_t2.700.jpg,False,0.0,,,,,False,False
Header/h5/Header_h5_f000168_t2.800.jpg,False,0.0,,,,,False,False
Header/h5/Header_h5_f000174_t2.900.jpg,False,0.2184,1162.0,471.4,1184.2,496.5,True,False
Header/h5/Header_h5_f000180_t3.000.jpg,False,0.0,,,,,False,False
Header/h5/Header_h5_f000186_t3.100.jpg,False,0.0,,,,,False,False
Header/h5/Header_h5_f000192_t3.200.jpg,False,0.0,,,,,False,False
Header/h5/Header_h5_f000198_t3.300.jpg,False,0.0,,,,,False,False
Header/h5/Header_h5_f000204_t3.400.jpg,False,0.0,,,,,False,False
Header/h5/Header_h5_f000210_t3.500.jpg,False,0.0,,,,,False,False
Header/h5/Header_h5_f000216_t3.600.jpg,False,0.0,,,,,False,False
Header/h5/Header_h5_f000222_t3.700.jpg,False,0.0,,,,,False,False
Header/h5/Header_h5_f000228_t3.800.jpg,False,0.0,,,,,False,False
Header/h5/Header_h5_f000234_t3.900.jpg,False,0.0,,,,,False,False
Header/h5/Header_h5_f000240_t4.000.jpg,False,0.0,,,,,False,False
Header/h5/Header_h5_f000246_t4.100.jpg,False,0.1024,912.5,471.1,924.8,482.9,True,False
Header/h5/Header_h5_f000252_t4.200.jpg,False,0.1193,892.9,492.8,906.3,505.7,True,False
Header/h5/Header_h5_f000258_t4.300.jpg,False,0.0,,,,,False,False
Header/h5/Header_h5_f000264_t4.400.jpg,False,0.0,,,,,False,False
Header/h5/Header_h5_f000270_t4.500.jpg,False,0.0,,,,,False,False
Header/h5/Header_h5_f000276_t4.600.jpg,False,0.0,,,,,False,False
Header/h5/Header_h5_f000282_t4.700.jpg,False,0.0,,,,,False,False
Header/h5/Header_h5_f000288_t4.800.jpg,False,0.1502,934.5,696.7,949.2,712.7,True,False
Header/h5/Header_h5_f000294_t4.900.jpg,False,0.0,,,,,False,False
Header/h50/Header_h50_f000000_t0.000.jpg,False,0.0,,,,,False,False
Header/h50/Header_h50_f000006_t0.100.jpg,False,0.0,,,,,False,False
Header/h50/Header_h50_f000012_t0.200.jpg,False,0.0,,,,,False,False
Header/h50/Header_h50_f000018_t0.300.jpg,False,0.0,,,,,False,False
Header/h50/Header_h50_f000024_t0.400.jpg,False,0.0,,,,,False,False
Header/h50/Header_h50_f000030_t0.500.jpg,False,0.0,,,,,False,False
Header/h50/Header_h50_f000036_t0.600.jpg,False,0.0,,,,,False,False
Header/h50/Header_h50_f000042_t0.700.jpg,False,0.0,,,,,False,False
Header/h50/Header_h50_f000048_t0.800.jpg,False,0.0,,,,,False,False
Header/h50/Header_h50_f000054_t0.900.jpg,False,0.0,,,,,False,False
Header/h50/Header_h50_f000060_t1.000.jpg,False,0.0,,,,,False,False
Header/h50/Header_h50_f000066_t1.100.jpg,False,0.0,,,,,False,False
Header/h50/Header_h50_f000072_t1.200.jpg,False,0.0,,,,,False,False
Header/h50/Header_h50_f000078_t1.300.jpg,False,0.0,,,,,False,False
Header/h50/Header_h50_f000084_t1.400.jpg,False,0.0,,,,,False,False
Header/h50/Header_h50_f000090_t1.500.jpg,False,0.0,,,,,False,False
Header/h50/Header_h50_f000096_t1.600.jpg,False,0.0,,,,,False,False
Header/h50/Header_h50_f000102_t1.700.jpg,False,0.0,,,,,False,False
Header/h50/Header_h50_f000108_t1.800.jpg,False,0.0,,,,,False,False
Header/h50/Header_h50_f000114_t1.900.jpg,False,0.0,,,,,False,False
Header/h50/Header_h50_f000120_t2.000.jpg,False,0.0,,,,,False,False
Header/h50/Header_h50_f000126_t2.100.jpg,False,0.0,,,,,False,False
Header/h50/Header_h50_f000132_t2.200.jpg,False,0.0,,,,,False,False
Header/h50/Header_h50_f000138_t2.300.jpg,False,0.0,,,,,False,False
Header/h50/Header_h50_f000144_t2.400.jpg,False,0.0,,,,,False,False
Header/h50/Header_h50_f000150_t2.500.jpg,False,0.0,,,,,False,False
Header/h50/Header_h50_f000156_t2.600.jpg,False,0.0,,,,,False,False
Header/h50/Header_h50_f000162_t2.700.jpg,False,0.0,,,,,False,False
Header/h50/Header_h50_f000168_t2.800.jpg,False,0.0,,,,,False,False
Header/h50/Header_h50_f000174_t2.900.jpg,False,0.0,,,,,False,False
Header/h50/Header_h50_f000180_t3.000.jpg,False,0.0,,,,,False,False
Header/h50/Header_h50_f000186_t3.100.jpg,False,0.0,,,,,False,False
Header/h50/Header_h50_f000192_t3.200.jpg,False,0.0,,,,,False,False
Header/h50/Header_h50_f000198_t3.300.jpg,False,0.0,,,,,False,False
Header/h50/Header_h50_f000204_t3.400.jpg,False,0.0,,,,,False,False
Header/h50/Header_h50_f000210_t3.500.jpg,False,0.0,,,,,False,False
Header/h50/Header_h50_f000216_t3.600.jpg,False,0.0,,,,,False,False
Header/h50/Header_h50_f000222_t3.700.jpg,False,0.0,,,,,False,False
Header/h50/Header_h50_f000228_t3.800.jpg,False,0.0,,,,,False,False
Header/h50/Header_h50_f000234_t3.900.jpg,False,0.0,,,,,False,False
Header/h50/Header_h50_f000240_t4.000.jpg,False,0.0,,,,,False,False
Header/h50/Header_h50_f000246_t4.100.jpg,False,0.0,,,,,False,False
Header/h50/Header_h50_f000252_t4.200.jpg,False,0.0,,,,,False,False
Header/h50/Header_h50_f000258_t4.300.jpg,False,0.0,,,,,False,False
Header/h50/Header_h50_f000264_t4.400.jpg,False,0.0,,,,,False,False
Header/h50/Header_h50_f000270_t4.500.jpg,False,0.0,,,,,False,False
Header/h50/Header_h50_f000276_t4.600.jpg,False,0.0,,,,,False,False
Header/h50/Header_h50_f000282_t4.700.jpg,False,0.0,,,,,False,False
Header/h50/Header_h50_f000288_t4.800.jpg,False,0.0,,,,,False,False
Header/h50/Header_h50_f000294_t4.900.jpg,False,0.0,,,,,False,False
Header/h50/Header_h50_f000300_t5.000.jpg,False,0.0,,,,,False,False
Header/h51/Header_h51_f000000_t0.000.jpg,False,0.0,,,,,False,False
Header/h51/Header_h51_f000006_t0.100.jpg,False,0.0,,,,,False,False
Header/h51/Header_h51_f000012_t0.200.jpg,False,0.0,,,,,False,False
Header/h51/Header_h51_f000018_t0.300.jpg,False,0.1337,1637.4,572.6,1647.4,581.0,True,False
Header/h51/Header_h51_f000024_t0.400.jpg,False,0.0,,,,,False,False
Header/h51/Header_h51_f000030_t0.500.jpg,True,0.2766,1653.4,568.1,1669.5,581.5,False,False
Header/h51/Header_h51_f000036_t0.600.jpg,True,0.3811,1661.9,568.1,1677.4,580.3,False,False
Header/h51/Header_h51_f000042_t0.700.jpg,False,0.1672,1666.9,566.9,1681.8,579.6,True,False
Header/h51/Header_h51_f000048_t0.800.jpg,False,0.1822,1677.6,566.5,1693.2,579.1,True,False
Header/h51/Header_h51_f000054_t0.900.jpg,True,0.2879,1687.0,568.5,1701.5,578.8,False,False
Header/h51/Header_h51_f000060_t1.000.jpg,False,0.0,,,,,False,False
Header/h51/Header_h51_f000066_t1.100.jpg,False,0.0,,,,,False,False
Header/h51/Header_h51_f000072_t1.200.jpg,True,0.2966,202.4,271.3,225.0,303.6,False,False
Header/h51/Header_h51_f000078_t1.300.jpg,False,0.0,,,,,False,False
Header/h51/Header_h51_f000084_t1.400.jpg,False,0.1913,1433.2,473.9,1454.5,490.1,True,False
Header/h51/Header_h51_f000090_t1.500.jpg,False,0.182,1387.7,447.6,1407.5,463.6,True,False
Header/h51/Header_h51_f000096_t1.600.jpg,False,0.1536,1330.4,407.0,1346.6,422.7,True,False
Header/h51/Header_h51_f000102_t1.700.jpg,False,0.1513,1300.9,380.6,1320.5,397.5,True,False
Header/h51/Header_h51_f000108_t1.800.jpg,False,0.0,,,,,False,False
Header/h51/Header_h51_f000114_t1.900.jpg,False,0.0,,,,,False,False
Header/h51/Header_h51_f000120_t2.000.jpg,False,0.0,,,,,False,False
Header/h51/Header_h51_f000126_t2.100.jpg,False,0.0,,,,,False,False
Header/h51/Header_h51_f000132_t2.200.jpg,False,0.0,,,,,False,False
Header/h51/Header_h51_f000138_t2.300.jpg,False,0.0,,,,,False,False
Header/h51/Header_h51_f000144_t2.400.jpg,False,0.0,,,,,False,False
Header/h51/Header_h51_f000150_t2.500.jpg,False,0.0,,,,,False,False
Header/h51/Header_h51_f000156_t2.600.jpg,False,0.1199,673.4,253.2,693.7,271.1,True,False
Header/h51/Header_h51_f000162_t2.700.jpg,False,0.1134,727.8,246.6,755.1,265.8,True,False
Header/h51/Header_h51_f000168_t2.800.jpg,False,0.0,,,,,False,False
Header/h51/Header_h51_f000174_t2.900.jpg,False,0.0,,,,,False,False
Header/h51/Header_h51_f000180_t3.000.jpg,False,0.0,,,,,False,False
Header/h51/Header_h51_f000186_t3.100.jpg,False,0.0,,,,,False,False
Header/h51/Header_h51_f000192_t3.200.jpg,False,0.0,,,,,False,False
Header/h51/Header_h51_f000198_t3.300.jpg,False,0.1487,1181.8,212.3,1204.5,226.7,True,False
Header/h51/Header_h51_f000204_t3.400.jpg,False,0.0,,,,,False,False
Header/h51/Header_h51_f000210_t3.500.jpg,True,0.3046,1299.1,203.1,1318.6,224.3,False,False
Header/h51/Header_h51_f000216_t3.600.jpg,True,0.4072,969.4,221.3,988.2,238.2,False,False
Header/h51/Header_h51_f000222_t3.700.jpg,False,0.0,,,,,False,False
Header/h51/Header_h51_f000228_t3.800.jpg,False,0.0,,,,,False,False
Header/h51/Header_h51_f000234_t3.900.jpg,True,0.5538,837.9,304.8,859.3,322.3,False,False
Header/h51/Header_h51_f000240_t4.000.jpg,False,0.1732,778.7,351.0,799.5,369.6,True,False
Header/h51/Header_h51_f000246_t4.100.jpg,False,0.1855,1210.6,86.6,1232.3,117.6,True,False
Header/h51/Header_h51_f000252_t4.200.jpg,True,0.2556,1256.0,76.7,1276.5,109.7,False,False
Header/h51/Header_h51_f000258_t4.300.jpg,False,0.0,,,,,False,False
Header/h51/Header_h51_f000264_t4.400.jpg,False,0.0,,,,,False,False
Header/h51/Header_h51_f000270_t4.500.jpg,True,0.27,558.7,519.0,575.2,533.9,False,False
Header/h51/Header_h51_f000276_t4.600.jpg,False,0.0,,,,,False,False
Header/h51/Header_h51_f000282_t4.700.jpg,False,0.0,,,,,False,False
Header/h51/Header_h51_f000288_t4.800.jpg,False,0.0,,,,,False,False
Header/h51/Header_h51_f000294_t4.900.jpg,False,0.0,,,,,False,False
Header/h51/Header_h51_f000300_t5.000.jpg,False,0.148,703.1,517.1,720.6,531.7,True,False
Header/h51/Header_h51_f000306_t5.100.jpg,False,0.248,723.7,524.2,741.1,544.7,True,False
Header/h51/Header_h51_f000312_t5.200.jpg,False,0.0,,,,,False,False
Header/h51/Header_h51_f000318_t5.300.jpg,True,0.3258,788.9,468.9,806.5,484.8,False,False
Header/h51/Header_h51_f000324_t5.400.jpg,False,0.2107,1745.1,55.9,1767.6,85.9,True,False
Header/h51/Header_h51_f000330_t5.500.jpg,False,0.0,,,,,False,False
Header/h51/Header_h51_f000336_t5.600.jpg,False,0.0,,,,,False,False
Header/h51/Header_h51_f000342_t5.700.jpg,False,0.0,,,,,False,False
Header/h51/Header_h51_f000348_t5.800.jpg,False,0.0,,,,,False,False
Header/h51/Header_h51_f000354_t5.900.jpg,False,0.0,,,,,False,False
Header/h51/Header_h51_f000360_t6.000.jpg,False,0.0,,,,,False,False
Header/h51/Header_h51_f000366_t6.100.jpg,False,0.0,,,,,False,False
Header/h51/Header_h51_f000372_t6.200.jpg,False,0.0,,,,,False,False
Header/h51/Header_h51_f000378_t6.300.jpg,False,0.0,,,,,False,False
Header/h51/Header_h51_f000384_t6.400.jpg,False,0.0,,,,,False,False
Header/h51/Header_h51_f000390_t6.500.jpg,False,0.0,,,,,False,False
Header/h51/Header_h51_f000396_t6.600.jpg,True,0.2812,842.4,429.9,869.9,446.7,False,False
Header/h51/Header_h51_f000402_t6.700.jpg,True,0.5652,886.5,450.1,907.3,467.1,False,False
Header/h51/Header_h51_f000408_t6.800.jpg,True,0.4518,928.8,491.1,949.7,511.5,False,False
Header/h51/Header_h51_f000414_t6.900.jpg,False,0.1223,946.9,488.0,967.8,506.4,True,False
Header/h51/Header_h51_f000420_t7.000.jpg,False,0.0,,,,,False,False
Header/h51/Header_h51_f000426_t7.100.jpg,True,0.4612,992.7,487.8,1012.1,505.5,False,False
Header/h51/Header_h51_f000432_t7.200.jpg,True,0.5536,1018.7,503.9,1039.2,523.0,False,False
Header/h51/Header_h51_f000438_t7.300.jpg,True,0.6424,1037.8,519.0,1058.2,541.6,False,False
Header/h51/Header_h51_f000444_t7.400.jpg,True,0.4361,1061.6,536.8,1082.5,555.0,False,False
Header/h51/Header_h51_f000450_t7.500.jpg,True,0.4965,1074.3,542.2,1095.1,562.2,False,False
Header/h51/Header_h51_f000456_t7.600.jpg,False,0.1959,1017.8,522.4,1042.7,540.8,True,False
Header/h51/Header_h51_f000462_t7.700.jpg,False,0.0,,,,,False,False
Header/h51/Header_h51_f000468_t7.800.jpg,False,0.0,,,,,False,False
Header/h51/Header_h51_f000474_t7.900.jpg,False,0.123,1371.9,595.6,1389.2,603.4,True,False
Header/h51/Header_h51_f000480_t8.000.jpg,False,0.0,,,,,False,False
Header/h52/Header_h52_f000000_t0.000.jpg,False,0.0,,,,,False,False
Header/h52/Header_h52_f000006_t0.100.jpg,False,0.0,,,,,False,False
Header/h52/Header_h52_f000012_t0.200.jpg,False,0.0,,,,,False,False
Header/h52/Header_h52_f000018_t0.300.jpg,False,0.0,,,,,False,False
Header/h52/Header_h52_f000024_t0.400.jpg,False,0.0,,,,,False,False
Header/h52/Header_h52_f000030_t0.500.jpg,False,0.0,,,,,False,False
Header/h52/Header_h52_f000036_t0.600.jpg,False,0.0,,,,,False,False
Header/h52/Header_h52_f000042_t0.700.jpg,False,0.0,,,,,False,False
Header/h52/Header_h52_f000048_t0.800.jpg,False,0.0,,,,,False,False
Header/h52/Header_h52_f000054_t0.900.jpg,False,0.0,,,,,False,False
Header/h52/Header_h52_f000060_t1.000.jpg,False,0.0,,,,,False,False
Header/h52/Header_h52_f000066_t1.100.jpg,False,0.0,,,,,False,False
Header/h52/Header_h52_f000072_t1.200.jpg,False,0.0,,,,,False,False
Header/h52/Header_h52_f000078_t1.300.jpg,False,0.0,,,,,False,False
Header/h52/Header_h52_f000084_t1.400.jpg,False,0.0,,,,,False,False
Header/h52/Header_h52_f000090_t1.500.jpg,False,0.0,,,,,False,False
Header/h52/Header_h52_f000096_t1.600.jpg,False,0.0,,,,,False,False
Header/h52/Header_h52_f000102_t1.700.jpg,False,0.0,,,,,False,False
Header/h52/Header_h52_f000108_t1.800.jpg,False,0.0,,,,,False,False
Header/h52/Header_h52_f000114_t1.900.jpg,False,0.0,,,,,False,False
Header/h52/Header_h52_f000120_t2.000.jpg,False,0.0,,,,,False,False
Header/h52/Header_h52_f000126_t2.100.jpg,False,0.0,,,,,False,False
Header/h52/Header_h52_f000132_t2.200.jpg,False,0.0,,,,,False,False
Header/h52/Header_h52_f000138_t2.300.jpg,False,0.0,,,,,False,False
Header/h52/Header_h52_f000144_t2.400.jpg,False,0.0,,,,,False,False
Header/h52/Header_h52_f000150_t2.500.jpg,False,0.0,,,,,False,False
Header/h52/Header_h52_f000156_t2.600.jpg,False,0.0,,,,,False,False
Header/h52/Header_h52_f000162_t2.700.jpg,False,0.0,,,,,False,False
Header/h52/Header_h52_f000168_t2.800.jpg,False,0.0,,,,,False,False
Header/h52/Header_h52_f000174_t2.900.jpg,False,0.0,,,,,False,False
Header/h52/Header_h52_f000180_t3.000.jpg,False,0.0,,,,,False,False
Header/h52/Header_h52_f000186_t3.100.jpg,False,0.0,,,,,False,False
Header/h52/Header_h52_f000192_t3.200.jpg,False,0.0,,,,,False,False
Header/h52/Header_h52_f000198_t3.300.jpg,False,0.0,,,,,False,False
Header/h52/Header_h52_f000204_t3.400.jpg,False,0.0,,,,,False,False
Header/h52/Header_h52_f000210_t3.500.jpg,False,0.0,,,,,False,False
Header/h52/Header_h52_f000216_t3.600.jpg,False,0.0,,,,,False,False
Header/h52/Header_h52_f000222_t3.700.jpg,False,0.0,,,,,False,False
Header/h52/Header_h52_f000228_t3.800.jpg,False,0.0,,,,,False,False
Header/h52/Header_h52_f000234_t3.900.jpg,False,0.0,,,,,False,False
Header/h52/Header_h52_f000240_t4.000.jpg,False,0.0,,,,,False,False
Header/h52/Header_h52_f000246_t4.100.jpg,False,0.0,,,,,False,False
Header/h52/Header_h52_f000252_t4.200.jpg,True,0.3007,537.9,568.8,554.7,586.3,False,False
Header/h52/Header_h52_f000258_t4.300.jpg,False,0.0,,,,,False,False
Header/h52/Header_h52_f000264_t4.400.jpg,False,0.0,,,,,False,False
Header/h52/Header_h52_f000270_t4.500.jpg,False,0.0,,,,,False,False
Header/h52/Header_h52_f000276_t4.600.jpg,False,0.0,,,,,False,False
Header/h52/Header_h52_f000282_t4.700.jpg,False,0.0,,,,,False,False
Header/h52/Header_h52_f000288_t4.800.jpg,False,0.0,,,,,False,False
Header/h52/Header_h52_f000294_t4.900.jpg,False,0.0,,,,,False,False
Header/h52/Header_h52_f000300_t5.000.jpg,False,0.136,605.5,829.6,623.8,850.3,True,False
Header/h52/Header_h52_f000306_t5.100.jpg,False,0.0,,,,,False,False
Header/h52/Header_h52_f000312_t5.200.jpg,False,0.0,,,,,False,False
Header/h52/Header_h52_f000318_t5.300.jpg,False,0.0,,,,,False,False
Header/h52/Header_h52_f000324_t5.400.jpg,False,0.0,,,,,False,False
Header/h52/Header_h52_f000330_t5.500.jpg,False,0.2109,1024.0,513.0,1042.4,524.6,True,False
Header/h52/Header_h52_f000336_t5.600.jpg,False,0.0,,,,,False,False
Header/h52/Header_h52_f000342_t5.700.jpg,False,0.0,,,,,False,False
Header/h52/Header_h52_f000348_t5.800.jpg,False,0.0,,,,,False,False
Header/h52/Header_h52_f000354_t5.900.jpg,False,0.0,,,,,False,False
Header/h52/Header_h52_f000360_t6.000.jpg,False,0.1547,1299.4,575.0,1322.6,590.7,True,False
Header/h52/Header_h52_f000366_t6.100.jpg,False,0.2246,1345.8,591.0,1366.8,608.0,True,False
Header/h52/Header_h52_f000372_t6.200.jpg,False,0.0,,,,,False,False
Header/h52/Header_h52_f000378_t6.300.jpg,False,0.0,,,,,False,False
Header/h52/Header_h52_f000384_t6.400.jpg,False,0.0,,,,,False,False
Header/h52/Header_h52_f000390_t6.500.jpg,False,0.0,,,,,False,False
Header/h52/Header_h52_f000396_t6.600.jpg,False,0.0,,,,,False,False
Header/h52/Header_h52_f000402_t6.700.jpg,False,0.0,,,,,False,False
Header/h52/Header_h52_f000408_t6.800.jpg,False,0.0,,,,,False,False
Header/h52/Header_h52_f000414_t6.900.jpg,False,0.0,,,,,False,False
Header/h52/Header_h52_f000420_t7.000.jpg,False,0.0,,,,,False,False
Header/h53/Header_h53_f000000_t0.000.jpg,False,0.0,,,,,False,True
Header/h53/Header_h53_f000006_t0.100.jpg,False,0.0,,,,,False,True
Header/h53/Header_h53_f000012_t0.200.jpg,False,0.0,,,,,False,True
Header/h53/Header_h53_f000018_t0.300.jpg,False,0.0,,,,,False,True
Header/h53/Header_h53_f000024_t0.400.jpg,False,0.0,,,,,False,True
Header/h53/Header_h53_f000030_t0.500.jpg,False,0.0,,,,,False,True
Header/h53/Header_h53_f000036_t0.600.jpg,False,0.0,,,,,False,True
Header/h53/Header_h53_f000042_t0.700.jpg,False,0.0,,,,,False,True
Header/h53/Header_h53_f000048_t0.800.jpg,False,0.0,,,,,False,True
Header/h53/Header_h53_f000054_t0.900.jpg,False,0.0,,,,,False,False
Header/h53/Header_h53_f000060_t1.000.jpg,False,0.0,,,,,False,False
Header/h53/Header_h53_f000066_t1.100.jpg,False,0.0,,,,,False,False
Header/h53/Header_h53_f000072_t1.200.jpg,False,0.0,,,,,False,False
Header/h53/Header_h53_f000078_t1.300.jpg,False,0.0,,,,,False,False
Header/h53/Header_h53_f000084_t1.400.jpg,False,0.0,,,,,False,False
Header/h53/Header_h53_f000090_t1.500.jpg,False,0.0,,,,,False,False
Header/h53/Header_h53_f000096_t1.600.jpg,False,0.0,,,,,False,False
Header/h53/Header_h53_f000102_t1.700.jpg,False,0.0,,,,,False,False
Header/h53/Header_h53_f000108_t1.800.jpg,False,0.0,,,,,False,False
Header/h53/Header_h53_f000114_t1.900.jpg,False,0.0,,,,,False,False
Header/h53/Header_h53_f000120_t2.000.jpg,False,0.0,,,,,False,False
Header/h53/Header_h53_f000126_t2.100.jpg,False,0.0,,,,,False,False
Header/h53/Header_h53_f000132_t2.200.jpg,False,0.0,,,,,False,False
Header/h53/Header_h53_f000138_t2.300.jpg,False,0.0,,,,,False,False
Header/h53/Header_h53_f000144_t2.400.jpg,False,0.0,,,,,False,False
Header/h53/Header_h53_f000150_t2.500.jpg,False,0.0,,,,,False,False
Header/h53/Header_h53_f000156_t2.600.jpg,False,0.0,,,,,False,False
Header/h53/Header_h53_f000162_t2.700.jpg,False,0.0,,,,,False,False
Header/h53/Header_h53_f000168_t2.800.jpg,False,0.0,,,,,False,False
Header/h53/Header_h53_f000174_t2.900.jpg,False,0.0,,,,,False,False
Header/h53/Header_h53_f000180_t3.000.jpg,False,0.0,,,,,False,False
Header/h53/Header_h53_f000186_t3.100.jpg,False,0.0,,,,,False,False
Header/h53/Header_h53_f000192_t3.200.jpg,False,0.0,,,,,False,False
Header/h53/Header_h53_f000198_t3.300.jpg,False,0.0,,,,,False,False
Header/h53/Header_h53_f000204_t3.400.jpg,False,0.0,,,,,False,False
Header/h53/Header_h53_f000210_t3.500.jpg,False,0.0,,,,,False,False
Header/h53/Header_h53_f000216_t3.600.jpg,False,0.0,,,,,False,False
Header/h53/Header_h53_f000222_t3.700.jpg,False,0.0,,,,,False,False
Header/h53/Header_h53_f000228_t3.800.jpg,False,0.0,,,,,False,False
Header/h53/Header_h53_f000234_t3.900.jpg,True,0.293,618.0,452.7,643.2,470.5,False,False
Header/h53/Header_h53_f000240_t4.000.jpg,False,0.0,,,,,False,False
Header/h53/Header_h53_f000246_t4.100.jpg,True,0.347,740.3,458.0,765.7,477.4,False,False
Header/h53/Header_h53_f000252_t4.200.jpg,False,0.0,,,,,False,False
Header/h53/Header_h53_f000258_t4.300.jpg,False,0.1553,794.0,507.0,817.5,530.9,True,False
Header/h53/Header_h53_f000264_t4.400.jpg,False,0.0,,,,,False,False
Header/h53/Header_h53_f000270_t4.500.jpg,False,0.0,,,,,False,False
Header/h53/Header_h53_f000276_t4.600.jpg,False,0.0,,,,,False,False
Header/h53/Header_h53_f000282_t4.700.jpg,False,0.1064,407.6,491.7,441.7,515.8,True,False
Header/h53/Header_h53_f000288_t4.800.jpg,False,0.1982,343.0,597.3,360.8,610.5,True,False
Header/h53/Header_h53_f000294_t4.900.jpg,False,0.1325,338.8,598.0,355.2,610.0,True,False
Header/h53/Header_h53_f000300_t5.000.jpg,False,0.0,,,,,False,False
Header/h53/Header_h53_f000306_t5.100.jpg,False,0.2433,320.9,597.1,337.7,611.4,True,False
Header/h53/Header_h53_f000312_t5.200.jpg,False,0.2391,663.0,594.2,696.8,615.4,True,False
Header/h53/Header_h53_f000318_t5.300.jpg,False,0.0,,,,,False,False
Header/h53/Header_h53_f000324_t5.400.jpg,False,0.0,,,,,False,False
Header/h53/Header_h53_f000330_t5.500.jpg,False,0.2289,302.5,604.8,323.5,620.0,True,False
Header/h53/Header_h53_f000336_t5.600.jpg,False,0.0,,,,,False,False
Header/h53/Header_h53_f000342_t5.700.jpg,False,0.0,,,,,False,False
Header/h53/Header_h53_f000348_t5.800.jpg,False,0.0,,,,,False,False
Header/h53/Header_h53_f000354_t5.900.jpg,False,0.1376,664.0,612.9,696.7,628.7,True,False
Header/h53/Header_h53_f000360_t6.000.jpg,False,0.0,,,,,False,False
Header/h54/Header_h54_f000000_t0.000.jpg,False,0.0,,,,,False,False
Header/h54/Header_h54_f000006_t0.100.jpg,False,0.0,,,,,False,False
Header/h54/Header_h54_f000012_t0.200.jpg,False,0.0,,,,,False,False
Header/h54/Header_h54_f000018_t0.300.jpg,False,0.0,,,,,False,False
Header/h54/Header_h54_f000024_t0.400.jpg,False,0.0,,,,,False,False
Header/h54/Header_h54_f000030_t0.500.jpg,False,0.0,,,,,False,False
Header/h54/Header_h54_f000036_t0.600.jpg,False,0.0,,,,,False,False
Header/h54/Header_h54_f000042_t0.700.jpg,False,0.0,,,,,False,False
Header/h54/Header_h54_f000048_t0.800.jpg,False,0.0,,,,,False,False
Header/h54/Header_h54_f000054_t0.900.jpg,False,0.0,,,,,False,False
Header/h54/Header_h54_f000060_t1.000.jpg,False,0.0,,,,,False,False
Header/h54/Header_h54_f000066_t1.100.jpg,False,0.0,,,,,False,False
Header/h54/Header_h54_f000072_t1.200.jpg,False,0.0,,,,,False,False
Header/h54/Header_h54_f000078_t1.300.jpg,False,0.0,,,,,False,False
Header/h54/Header_h54_f000084_t1.400.jpg,False,0.0,,,,,False,False
Header/h54/Header_h54_f000090_t1.500.jpg,False,0.0,,,,,False,False
Header/h54/Header_h54_f000096_t1.600.jpg,False,0.0,,,,,False,False
Header/h54/Header_h54_f000102_t1.700.jpg,False,0.0,,,,,False,False
Header/h54/Header_h54_f000108_t1.800.jpg,False,0.0,,,,,False,False
Header/h54/Header_h54_f000114_t1.900.jpg,False,0.0,,,,,False,False
Header/h54/Header_h54_f000120_t2.000.jpg,False,0.0,,,,,False,False
Header/h54/Header_h54_f000126_t2.100.jpg,False,0.0,,,,,False,False
Header/h54/Header_h54_f000132_t2.200.jpg,False,0.0,,,,,False,False
Header/h54/Header_h54_f000138_t2.300.jpg,False,0.0,,,,,False,False
Header/h54/Header_h54_f000144_t2.400.jpg,False,0.0,,,,,False,False
Header/h54/Header_h54_f000150_t2.500.jpg,False,0.0,,,,,False,False
Header/h54/Header_h54_f000156_t2.600.jpg,False,0.0,,,,,False,False
Header/h54/Header_h54_f000162_t2.700.jpg,False,0.0,,,,,False,False
Header/h54/Header_h54_f000168_t2.800.jpg,False,0.0,,,,,False,False
Header/h54/Header_h54_f000174_t2.900.jpg,False,0.0,,,,,False,False
Header/h54/Header_h54_f000180_t3.000.jpg,False,0.0,,,,,False,False
Header/h54/Header_h54_f000186_t3.100.jpg,False,0.0,,,,,False,False
Header/h54/Header_h54_f000192_t3.200.jpg,False,0.0,,,,,False,False
Header/h54/Header_h54_f000198_t3.300.jpg,False,0.0,,,,,False,False
Header/h54/Header_h54_f000204_t3.400.jpg,False,0.0,,,,,False,False
Header/h54/Header_h54_f000210_t3.500.jpg,False,0.0,,,,,False,False
Header/h54/Header_h54_f000216_t3.600.jpg,False,0.0,,,,,False,False
Header/h54/Header_h54_f000222_t3.700.jpg,False,0.0,,,,,False,False
Header/h54/Header_h54_f000228_t3.800.jpg,False,0.0,,,,,False,False
Header/h54/Header_h54_f000234_t3.900.jpg,False,0.0,,,,,False,False
Header/h54/Header_h54_f000240_t4.000.jpg,False,0.0,,,,,False,False
Header/h54/Header_h54_f000246_t4.100.jpg,False,0.0,,,,,False,False
Header/h54/Header_h54_f000252_t4.200.jpg,False,0.0,,,,,False,False
Header/h54/Header_h54_f000258_t4.300.jpg,False,0.0,,,,,False,False
Header/h54/Header_h54_f000264_t4.400.jpg,False,0.0,,,,,False,False
Header/h54/Header_h54_f000270_t4.500.jpg,False,0.0,,,,,False,False
Header/h54/Header_h54_f000276_t4.600.jpg,False,0.0,,,,,False,False
Header/h54/Header_h54_f000282_t4.700.jpg,False,0.0,,,,,False,False
Header/h54/Header_h54_f000288_t4.800.jpg,False,0.0,,,,,False,False
Header/h54/Header_h54_f000294_t4.900.jpg,False,0.0,,,,,False,False
Header/h54/Header_h54_f000300_t5.000.jpg,False,0.0,,,,,False,False
Header/h55/Header_h55_f000000_t0.000.jpg,False,0.0,,,,,False,False
Header/h55/Header_h55_f000006_t0.100.jpg,True,0.3014,0.0,303.5,21.9,330.3,False,False
Header/h55/Header_h55_f000012_t0.200.jpg,False,0.0,,,,,False,False
Header/h55/Header_h55_f000018_t0.300.jpg,False,0.0,,,,,False,False
Header/h55/Header_h55_f000024_t0.400.jpg,False,0.0,,,,,False,False
Header/h55/Header_h55_f000030_t0.500.jpg,False,0.0,,,,,False,False
Header/h55/Header_h55_f000036_t0.600.jpg,False,0.1185,1905.3,676.0,1919.1,699.6,True,False
Header/h55/Header_h55_f000042_t0.700.jpg,True,0.3461,1257.5,873.2,1281.5,894.0,False,False
Header/h55/Header_h55_f000048_t0.800.jpg,True,0.7076,1183.8,865.5,1207.1,886.9,False,False
Header/h55/Header_h55_f000054_t0.900.jpg,True,0.4422,1137.9,863.0,1161.5,882.2,False,False
Header/h55/Header_h55_f000060_t1.000.jpg,True,0.2642,1077.9,853.9,1100.6,872.7,False,False
Header/h55/Header_h55_f000066_t1.100.jpg,True,0.5522,1041.9,849.4,1064.5,867.7,False,False
Header/h55/Header_h55_f000072_t1.200.jpg,False,0.0,,,,,False,False
Header/h55/Header_h55_f000078_t1.300.jpg,True,0.6195,965.4,839.9,986.8,859.5,False,False
Header/h55/Header_h55_f000084_t1.400.jpg,True,0.6408,926.6,837.0,947.1,856.5,False,False
Header/h55/Header_h55_f000090_t1.500.jpg,False,0.0,,,,,False,False
Header/h55/Header_h55_f000096_t1.600.jpg,False,0.0,,,,,False,False
Header/h55/Header_h55_f000102_t1.700.jpg,False,0.1203,181.0,224.1,206.3,254.7,True,False
Header/h55/Header_h55_f000108_t1.800.jpg,True,0.5598,825.4,839.7,844.6,859.8,False,False
Header/h55/Header_h55_f000114_t1.900.jpg,False,0.2094,808.4,839.0,829.2,860.4,True,False
Header/h55/Header_h55_f000120_t2.000.jpg,True,0.5827,783.8,842.2,806.0,862.9,False,False
Header/h55/Header_h55_f000126_t2.100.jpg,False,0.1539,213.8,196.9,240.7,231.2,True,False
Header/h55/Header_h55_f000132_t2.200.jpg,True,0.4265,750.4,848.7,769.2,867.9,False,False
Header/h55/Header_h55_f000138_t2.300.jpg,False,0.0,,,,,False,False
Header/h55/Header_h55_f000144_t2.400.jpg,False,0.0,,,,,False,False
Header/h55/Header_h55_f000150_t2.500.jpg,False,0.1153,249.6,154.2,278.2,190.8,True,False
Header/h55/Header_h55_f000156_t2.600.jpg,False,0.0,,,,,False,False
Header/h55/Header_h55_f000162_t2.700.jpg,False,0.0,,,,,False,False
Header/h55/Header_h55_f000168_t2.800.jpg,False,0.0,,,,,False,False
Header/h55/Header_h55_f000174_t2.900.jpg,False,0.0,,,,,False,False
Header/h55/Header_h55_f000180_t3.000.jpg,False,0.1003,1089.1,824.6,1119.1,846.5,True,False
Header/h55/Header_h55_f000186_t3.100.jpg,True,0.6176,1146.5,819.0,1175.7,842.8,False,False
Header/h55/Header_h55_f000192_t3.200.jpg,True,0.5996,1194.8,812.9,1219.5,836.6,False,False
Header/h55/Header_h55_f000198_t3.300.jpg,True,0.6938,1221.8,807.4,1243.2,827.9,False,False
Header/h55/Header_h55_f000204_t3.400.jpg,True,0.7536,1253.5,798.3,1276.2,820.6,False,False
Header/h55/Header_h55_f000210_t3.500.jpg,True,0.4701,1268.5,792.0,1291.0,815.1,False,False
Header/h55/Header_h55_f000216_t3.600.jpg,False,0.1279,1283.4,783.1,1304.3,804.7,True,False
Header/h55/Header_h55_f000222_t3.700.jpg,True,0.5203,1289.5,778.7,1311.5,799.3,False,False
Header/h55/Header_h55_f000228_t3.800.jpg,True,0.5558,1301.4,781.0,1322.0,801.9,False,False
Header/h55/Header_h55_f000234_t3.900.jpg,True,0.2707,1310.6,779.9,1332.9,802.2,False,False
Header/h55/Header_h55_f000240_t4.000.jpg,True,0.6905,1329.7,775.1,1351.0,795.5,False,False
Header/h55/Header_h55_f000246_t4.100.jpg,False,0.1294,1351.4,770.6,1375.0,792.8,True,False
Header/h55/Header_h55_f000252_t4.200.jpg,False,0.0,,,,,False,False
Header/h55/Header_h55_f000258_t4.300.jpg,False,0.0,,,,,False,False
Header/h55/Header_h55_f000264_t4.400.jpg,False,0.0,,,,,False,False
Header/h55/Header_h55_f000270_t4.500.jpg,False,0.0,,,,,False,False
Header/h55/Header_h55_f000276_t4.600.jpg,True,0.3986,1102.9,418.8,1121.7,437.0,False,False
Header/h55/Header_h55_f000282_t4.700.jpg,False,0.0,,,,,False,False
Header/h55/Header_h55_f000288_t4.800.jpg,False,0.1269,0.1,98.4,28.2,141.3,True,False
Header/h55/Header_h55_f000294_t4.900.jpg,False,0.0,,,,,False,False
Header/h55/Header_h55_f000300_t5.000.jpg,True,0.3177,962.5,376.2,983.2,395.5,False,False
Header/h55/Header_h55_f000306_t5.100.jpg,False,0.1369,945.7,383.0,966.3,404.0,True,False
Header/h55/Header_h55_f000312_t5.200.jpg,False,0.1484,917.5,405.0,939.8,425.4,True,False
Header/h55/Header_h55_f000318_t5.300.jpg,False,0.0,,,,,False,False
Header/h55/Header_h55_f000324_t5.400.jpg,False,0.0,,,,,False,False
Header/h55/Header_h55_f000330_t5.500.jpg,False,0.1244,22.0,182.2,47.7,206.4,True,False
Header/h55/Header_h55_f000336_t5.600.jpg,False,0.0,,,,,False,False
Header/h55/Header_h55_f000342_t5.700.jpg,False,0.0,,,,,False,False
Header/h55/Header_h55_f000348_t5.800.jpg,False,0.0,,,,,False,False
Header/h55/Header_h55_f000354_t5.900.jpg,False,0.0,,,,,False,False
Header/h55/Header_h55_f000360_t6.000.jpg,False,0.0,,,,,False,False
Header/h55/Header_h55_f000366_t6.100.jpg,False,0.0,,,,,False,False
Header/h55/Header_h55_f000372_t6.200.jpg,False,0.0,,,,,False,False
Header/h55/Header_h55_f000378_t6.300.jpg,False,0.1434,0.2,198.5,103.9,320.2,True,False
Header/h55/Header_h55_f000384_t6.400.jpg,False,0.0,,,,,False,False
Header/h55/Header_h55_f000390_t6.500.jpg,False,0.0,,,,,False,False
Header/h55/Header_h55_f000396_t6.600.jpg,True,0.2701,213.2,577.6,341.8,663.4,False,False
Header/h55/Header_h55_f000402_t6.700.jpg,False,0.1795,1022.4,634.5,1050.4,669.1,True,False
Header/h55/Header_h55_f000408_t6.800.jpg,False,0.0,,,,,False,False
Header/h55/Header_h55_f000414_t6.900.jpg,False,0.0,,,,,False,False
Header/h55/Header_h55_f000420_t7.000.jpg,True,0.362,1885.2,542.7,1919.1,630.6,False,False
Header/h56/Header_h56_f000000_t0.000.jpg,False,0.0,,,,,False,False
Header/h56/Header_h56_f000006_t0.100.jpg,False,0.0,,,,,False,False
Header/h56/Header_h56_f000012_t0.200.jpg,False,0.0,,,,,False,False
Header/h56/Header_h56_f000018_t0.300.jpg,False,0.0,,,,,False,False
Header/h56/Header_h56_f000024_t0.400.jpg,False,0.0,,,,,False,False
Header/h56/Header_h56_f000030_t0.500.jpg,False,0.0,,,,,False,False
Header/h56/Header_h56_f000036_t0.600.jpg,False,0.0,,,,,False,False
Header/h56/Header_h56_f000042_t0.700.jpg,False,0.0,,,,,False,False
Header/h56/Header_h56_f000048_t0.800.jpg,False,0.0,,,,,False,False
Header/h56/Header_h56_f000054_t0.900.jpg,False,0.0,,,,,False,False
Header/h56/Header_h56_f000060_t1.000.jpg,False,0.0,,,,,False,False
Header/h56/Header_h56_f000066_t1.100.jpg,False,0.0,,,,,False,False
Header/h56/Header_h56_f000072_t1.200.jpg,False,0.0,,,,,False,False
Header/h56/Header_h56_f000078_t1.300.jpg,False,0.0,,,,,False,False
Header/h56/Header_h56_f000084_t1.400.jpg,False,0.0,,,,,False,False
Header/h56/Header_h56_f000090_t1.500.jpg,False,0.1964,1413.1,221.9,1427.7,246.2,True,False
Header/h56/Header_h56_f000096_t1.600.jpg,False,0.172,1401.2,197.9,1416.2,221.8,True,False
Header/h56/Header_h56_f000102_t1.700.jpg,False,0.0,,,,,False,False
Header/h56/Header_h56_f000108_t1.800.jpg,False,0.0,,,,,False,False
Header/h56/Header_h56_f000114_t1.900.jpg,False,0.0,,,,,False,False
Header/h56/Header_h56_f000120_t2.000.jpg,False,0.1297,774.6,355.8,806.8,389.5,True,False
Header/h56/Header_h56_f000126_t2.100.jpg,False,0.1539,722.8,335.1,758.4,372.3,True,False
Header/h56/Header_h56_f000132_t2.200.jpg,False,0.0,,,,,False,False
Header/h56/Header_h56_f000138_t2.300.jpg,False,0.0,,,,,False,False
Header/h56/Header_h56_f000144_t2.400.jpg,False,0.0,,,,,False,False
Header/h56/Header_h56_f000150_t2.500.jpg,False,0.0,,,,,False,False
Header/h56/Header_h56_f000156_t2.600.jpg,False,0.0,,,,,False,False
Header/h56/Header_h56_f000162_t2.700.jpg,False,0.0,,,,,False,False
Header/h56/Header_h56_f000168_t2.800.jpg,False,0.0,,,,,False,False
Header/h56/Header_h56_f000174_t2.900.jpg,False,0.0,,,,,False,False
Header/h56/Header_h56_f000180_t3.000.jpg,False,0.0,,,,,False,False
Header/h56/Header_h56_f000186_t3.100.jpg,False,0.0,,,,,False,False
Header/h56/Header_h56_f000192_t3.200.jpg,False,0.0,,,,,False,False
Header/h56/Header_h56_f000198_t3.300.jpg,False,0.0,,,,,False,False
Header/h56/Header_h56_f000204_t3.400.jpg,False,0.0,,,,,False,False
Header/h56/Header_h56_f000210_t3.500.jpg,False,0.0,,,,,False,False
Header/h56/Header_h56_f000216_t3.600.jpg,False,0.0,,,,,False,False
Header/h56/Header_h56_f000222_t3.700.jpg,False,0.0,,,,,False,False
Header/h56/Header_h56_f000228_t3.800.jpg,False,0.0,,,,,False,False
Header/h56/Header_h56_f000234_t3.900.jpg,False,0.0,,,,,False,False
Header/h56/Header_h56_f000240_t4.000.jpg,False,0.0,,,,,False,False
Header/h57/Header_h57_f000000_t0.000.jpg,True,0.3807,1044.2,711.0,1082.2,765.4,False,False
Header/h57/Header_h57_f000006_t0.100.jpg,True,0.8876,1008.5,696.5,1059.0,744.0,False,False
Header/h57/Header_h57_f000012_t0.200.jpg,True,0.8887,973.8,673.5,1015.9,715.4,False,False
Header/h57/Header_h57_f000018_t0.300.jpg,True,0.8827,960.6,662.7,998.8,700.0,False,False
Header/h57/Header_h57_f000024_t0.400.jpg,True,0.8874,946.6,673.6,982.2,707.8,False,False
Header/h57/Header_h57_f000030_t0.500.jpg,True,0.8845,944.2,668.9,976.7,703.1,False,False
Header/h57/Header_h57_f000036_t0.600.jpg,True,0.8915,941.5,677.3,973.9,711.7,False,False
Header/h57/Header_h57_f000042_t0.700.jpg,True,0.8779,939.3,680.7,973.4,715.6,False,False
Header/h57/Header_h57_f000048_t0.800.jpg,True,0.8847,926.5,674.6,959.9,707.2,False,False
Header/h57/Header_h57_f000054_t0.900.jpg,True,0.8446,912.3,680.3,944.6,711.8,False,False
Header/h57/Header_h57_f000060_t1.000.jpg,True,0.8912,875.5,673.0,910.4,706.8,False,False
Header/h57/Header_h57_f000066_t1.100.jpg,True,0.8461,847.1,679.7,883.4,711.4,False,False
Header/h57/Header_h57_f000072_t1.200.jpg,True,0.8422,794.9,680.3,830.5,715.0,False,False
Header/h57/Header_h57_f000078_t1.300.jpg,True,0.7799,752.4,688.6,789.5,721.9,False,False
Header/h57/Header_h57_f000084_t1.400.jpg,False,0.0,,,,,False,False
Header/h57/Header_h57_f000090_t1.500.jpg,True,0.7437,768.5,725.1,810.2,764.0,False,False
Header/h57/Header_h57_f000096_t1.600.jpg,True,0.6937,891.0,760.1,949.1,806.2,False,False
Header/h57/Header_h57_f000102_t1.700.jpg,True,0.7783,993.2,784.9,1055.5,832.3,False,False
Header/h57/Header_h57_f000108_t1.800.jpg,True,0.7562,1142.9,807.0,1204.7,859.5,False,False
Header/h57/Header_h57_f000114_t1.900.jpg,True,0.8495,1198.6,800.9,1262.2,856.7,False,False
Header/h57/Header_h57_f000120_t2.000.jpg,True,0.8644,1253.6,797.5,1315.6,855.6,False,False
Header/h57/Header_h57_f000126_t2.100.jpg,True,0.2644,1731.8,121.6,1919.1,302.2,False,False
Header/h57/Header_h57_f000132_t2.200.jpg,True,0.4167,1738.6,158.0,1919.3,292.9,False,False
Header/h57/Header_h57_f000138_t2.300.jpg,True,0.527,350.8,746.5,371.8,766.9,False,False
Header/h57/Header_h57_f000144_t2.400.jpg,True,0.5813,317.7,765.2,336.3,783.5,False,False
Header/h57/Header_h57_f000150_t2.500.jpg,True,0.5537,296.2,777.6,314.9,796.5,False,False
Header/h57/Header_h57_f000156_t2.600.jpg,True,0.3244,1713.1,124.6,1919.3,303.5,False,False
Header/h57/Header_h57_f000162_t2.700.jpg,True,0.3513,1708.8,136.6,1919.2,307.6,False,False
Header/h57/Header_h57_f000168_t2.800.jpg,True,0.2532,1694.1,131.3,1919.1,314.9,False,False
Header/h57/Header_h57_f000174_t2.900.jpg,True,0.2718,596.8,511.8,623.4,530.9,False,False
Header/h57/Header_h57_f000180_t3.000.jpg,False,0.0,,,,,False,False
Header/h57/Header_h57_f000186_t3.100.jpg,False,0.0,,,,,False,False
Header/h57/Header_h57_f000192_t3.200.jpg,False,0.0,,,,,False,False
Header/h57/Header_h57_f000198_t3.300.jpg,False,0.0,,,,,False,False
Header/h57/Header_h57_f000204_t3.400.jpg,False,0.0,,,,,False,False
Header/h57/Header_h57_f000210_t3.500.jpg,False,0.0,,,,,False,False
Header/h57/Header_h57_f000216_t3.600.jpg,False,0.0,,,,,False,False
Header/h57/Header_h57_f000222_t3.700.jpg,False,0.0,,,,,False,False
Header/h57/Header_h57_f000228_t3.800.jpg,False,0.0,,,,,False,False
Header/h57/Header_h57_f000234_t3.900.jpg,False,0.0,,,,,False,False
Header/h57/Header_h57_f000240_t4.000.jpg,False,0.0,,,,,False,False
Header/h57/Header_h57_f000246_t4.100.jpg,False,0.0,,,,,False,False
Header/h57/Header_h57_f000252_t4.200.jpg,False,0.0,,,,,False,False
Header/h57/Header_h57_f000258_t4.300.jpg,False,0.1698,1062.2,323.6,1083.0,338.1,True,False
Header/h57/Header_h57_f000264_t4.400.jpg,False,0.0,,,,,False,False
Header/h57/Header_h57_f000270_t4.500.jpg,False,0.0,,,,,False,False
Header/h57/Header_h57_f000276_t4.600.jpg,False,0.0,,,,,False,False
Header/h57/Header_h57_f000282_t4.700.jpg,False,0.0,,,,,False,False
Header/h57/Header_h57_f000288_t4.800.jpg,False,0.0,,,,,False,False
Header/h57/Header_h57_f000294_t4.900.jpg,False,0.0,,,,,False,False
Header/h57/Header_h57_f000300_t5.000.jpg,True,0.5039,1746.0,114.7,1919.4,300.1,False,False
Header/h57/Header_h57_f000306_t5.100.jpg,True,0.4691,1756.8,115.9,1919.3,294.2,False,False
Header/h57/Header_h57_f000312_t5.200.jpg,True,0.6846,1780.6,120.1,1918.9,281.1,False,False
Header/h57/Header_h57_f000318_t5.300.jpg,True,0.7491,1794.2,124.2,1919.3,275.0,False,False
Header/h57/Header_h57_f000324_t5.400.jpg,True,0.6564,1806.8,126.8,1919.1,267.7,False,False
Header/h57/Header_h57_f000330_t5.500.jpg,True,0.6627,1809.0,127.1,1919.3,265.9,False,False
Header/h57/Header_h57_f000336_t5.600.jpg,True,0.6885,1812.7,128.2,1919.2,267.2,False,False
Header/h57/Header_h57_f000342_t5.700.jpg,True,0.6105,1816.3,129.2,1919.2,268.3,False,False
Header/h57/Header_h57_f000348_t5.800.jpg,True,0.6225,1815.7,130.4,1919.2,268.6,False,False
Header/h57/Header_h57_f000354_t5.900.jpg,True,0.678,1814.9,132.9,1919.2,269.9,False,False
Header/h58/Header_h58_f000000_t0.000.jpg,False,0.0,,,,,False,False
Header/h58/Header_h58_f000006_t0.100.jpg,False,0.0,,,,,False,False
Header/h58/Header_h58_f000012_t0.200.jpg,False,0.0,,,,,False,False
Header/h58/Header_h58_f000018_t0.300.jpg,False,0.0,,,,,False,False
Header/h58/Header_h58_f000024_t0.400.jpg,False,0.0,,,,,False,False
Header/h58/Header_h58_f000030_t0.500.jpg,False,0.0,,,,,False,False
Header/h58/Header_h58_f000036_t0.600.jpg,False,0.0,,,,,False,False
Header/h58/Header_h58_f000042_t0.700.jpg,False,0.0,,,,,False,False
Header/h58/Header_h58_f000048_t0.800.jpg,False,0.0,,,,,False,False
Header/h58/Header_h58_f000054_t0.900.jpg,False,0.0,,,,,False,False
Header/h58/Header_h58_f000060_t1.000.jpg,False,0.0,,,,,False,False
Header/h58/Header_h58_f000066_t1.100.jpg,False,0.0,,,,,False,False
Header/h58/Header_h58_f000072_t1.200.jpg,False,0.0,,,,,False,False
Header/h58/Header_h58_f000078_t1.300.jpg,False,0.0,,,,,False,False
Header/h58/Header_h58_f000084_t1.400.jpg,False,0.0,,,,,False,False
Header/h58/Header_h58_f000090_t1.500.jpg,False,0.0,,,,,False,False
Header/h58/Header_h58_f000096_t1.600.jpg,False,0.0,,,,,False,False
Header/h58/Header_h58_f000102_t1.700.jpg,False,0.0,,,,,False,False
Header/h58/Header_h58_f000108_t1.800.jpg,False,0.0,,,,,False,False
Header/h58/Header_h58_f000114_t1.900.jpg,False,0.0,,,,,False,False
Header/h58/Header_h58_f000120_t2.000.jpg,False,0.0,,,,,False,False
Header/h58/Header_h58_f000126_t2.100.jpg,False,0.0,,,,,False,False
Header/h58/Header_h58_f000132_t2.200.jpg,False,0.0,,,,,False,False
Header/h58/Header_h58_f000138_t2.300.jpg,False,0.0,,,,,False,False
Header/h58/Header_h58_f000144_t2.400.jpg,False,0.0,,,,,False,False
Header/h58/Header_h58_f000150_t2.500.jpg,False,0.0,,,,,False,False
Header/h58/Header_h58_f000156_t2.600.jpg,False,0.0,,,,,False,False
Header/h58/Header_h58_f000162_t2.700.jpg,False,0.0,,,,,False,False
Header/h58/Header_h58_f000168_t2.800.jpg,False,0.0,,,,,False,False
Header/h58/Header_h58_f000174_t2.900.jpg,False,0.1576,1893.7,314.9,1918.8,348.4,True,False
Header/h58/Header_h58_f000180_t3.000.jpg,False,0.0,,,,,False,False
Header/h58/Header_h58_f000186_t3.100.jpg,False,0.0,,,,,False,False
Header/h58/Header_h58_f000192_t3.200.jpg,False,0.0,,,,,False,False
Header/h58/Header_h58_f000198_t3.300.jpg,False,0.0,,,,,False,False
Header/h58/Header_h58_f000204_t3.400.jpg,True,0.399,752.3,588.9,783.0,610.9,False,False
Header/h58/Header_h58_f000210_t3.500.jpg,False,0.0,,,,,False,False
Header/h58/Header_h58_f000216_t3.600.jpg,False,0.119,534.2,687.3,563.1,720.1,True,False
Header/h58/Header_h58_f000222_t3.700.jpg,True,0.5649,507.0,639.9,530.1,666.0,False,False
Header/h58/Header_h58_f000228_t3.800.jpg,False,0.0,,,,,False,False
Header/h58/Header_h58_f000234_t3.900.jpg,False,0.0,,,,,False,False
Header/h58/Header_h58_f000240_t4.000.jpg,True,0.3162,437.8,607.8,457.9,626.1,False,False
Header/h58/Header_h58_f000246_t4.100.jpg,False,0.0,,,,,False,False
Header/h58/Header_h58_f000252_t4.200.jpg,False,0.2389,626.1,596.6,643.9,613.3,True,False
Header/h58/Header_h58_f000258_t4.300.jpg,True,0.2882,429.1,538.8,452.7,558.5,False,False
Header/h58/Header_h58_f000264_t4.400.jpg,False,0.1571,405.7,565.9,432.3,587.1,True,False
Header/h58/Header_h58_f000270_t4.500.jpg,False,0.2224,575.6,570.0,598.4,585.6,True,False
Header/h58/Header_h58_f000276_t4.600.jpg,False,0.0,,,,,False,False
Header/h58/Header_h58_f000282_t4.700.jpg,False,0.0,,,,,False,False
Header/h58/Header_h58_f000288_t4.800.jpg,False,0.2283,153.6,719.0,167.9,731.6,True,False
Header/h58/Header_h58_f000294_t4.900.jpg,False,0.1986,421.1,674.3,435.5,689.6,True,False
Header/h58/Header_h58_f000300_t5.000.jpg,True,0.4509,427.4,677.5,441.5,692.1,False,False
Header/h58/Header_h58_f000306_t5.100.jpg,True,0.3548,497.2,730.4,529.9,753.5,False,False
Header/h58/Header_h58_f000312_t5.200.jpg,False,0.0,,,,,False,False
Header/h58/Header_h58_f000318_t5.300.jpg,True,0.339,645.8,770.4,681.2,797.5,False,False
Header/h58/Header_h58_f000324_t5.400.jpg,True,0.4915,723.4,759.1,755.9,784.7,False,False
Header/h58/Header_h58_f000330_t5.500.jpg,True,0.5444,778.4,757.2,808.7,783.5,False,False
Header/h58/Header_h58_f000336_t5.600.jpg,True,0.756,842.4,761.8,869.9,785.4,False,False
Header/h58/Header_h58_f000342_t5.700.jpg,True,0.8364,872.5,771.3,899.1,797.7,False,False
Header/h58/Header_h58_f000348_t5.800.jpg,True,0.7473,903.4,767.0,934.0,794.2,False,False
Header/h58/Header_h58_f000354_t5.900.jpg,True,0.5449,928.0,769.9,960.0,797.8,False,False
Header/h58/Header_h58_f000360_t6.000.jpg,True,0.429,970.7,771.6,998.8,800.5,False,False
Header/h58/Header_h58_f000366_t6.100.jpg,True,0.7543,993.9,773.1,1025.1,800.7,False,False
Header/h58/Header_h58_f000372_t6.200.jpg,True,0.6062,957.2,769.9,989.5,796.9,False,False
Header/h58/Header_h58_f000378_t6.300.jpg,True,0.2912,400.6,658.8,415.1,669.4,False,False
Header/h58/Header_h58_f000384_t6.400.jpg,True,0.4213,873.4,755.1,901.5,781.6,False,False
Header/h58/Header_h58_f000390_t6.500.jpg,True,0.4118,858.5,751.9,885.4,780.0,False,False
Header/h58/Header_h58_f000396_t6.600.jpg,True,0.4559,852.2,753.9,879.8,782.8,False,False
Header/h58/Header_h58_f000402_t6.700.jpg,True,0.7303,848.7,758.8,876.5,786.1,False,False
Header/h58/Header_h58_f000408_t6.800.jpg,True,0.7582,840.4,761.0,868.6,787.4,False,False
Header/h58/Header_h58_f000414_t6.900.jpg,True,0.7937,833.5,760.9,861.8,787.6,False,False
Header/h58/Header_h58_f000420_t7.000.jpg,False,0.0,,,,,False,False
Header/h59/Header_h59_f000000_t0.000.jpg,False,0.0,,,,,False,False
Header/h59/Header_h59_f000006_t0.100.jpg,False,0.0,,,,,False,False
Header/h59/Header_h59_f000012_t0.200.jpg,False,0.0,,,,,False,False
Header/h59/Header_h59_f000018_t0.300.jpg,False,0.0,,,,,False,False
Header/h59/Header_h59_f000024_t0.400.jpg,False,0.0,,,,,False,False
Header/h59/Header_h59_f000030_t0.500.jpg,False,0.0,,,,,False,False
Header/h59/Header_h59_f000036_t0.600.jpg,False,0.0,,,,,False,False
Header/h59/Header_h59_f000042_t0.700.jpg,False,0.0,,,,,False,False
Header/h59/Header_h59_f000048_t0.800.jpg,False,0.0,,,,,False,False
Header/h59/Header_h59_f000054_t0.900.jpg,False,0.0,,,,,False,False
Header/h59/Header_h59_f000060_t1.000.jpg,False,0.0,,,,,False,False
Header/h59/Header_h59_f000066_t1.100.jpg,False,0.0,,,,,False,False
Header/h59/Header_h59_f000072_t1.200.jpg,False,0.0,,,,,False,False
Header/h59/Header_h59_f000078_t1.300.jpg,False,0.0,,,,,False,False
Header/h59/Header_h59_f000084_t1.400.jpg,False,0.0,,,,,False,False
Header/h59/Header_h59_f000090_t1.500.jpg,False,0.0,,,,,False,False
Header/h59/Header_h59_f000096_t1.600.jpg,False,0.0,,,,,False,False
Header/h59/Header_h59_f000102_t1.700.jpg,False,0.0,,,,,False,False
Header/h59/Header_h59_f000108_t1.800.jpg,False,0.0,,,,,False,False
Header/h59/Header_h59_f000114_t1.900.jpg,False,0.0,,,,,False,False
Header/h59/Header_h59_f000120_t2.000.jpg,False,0.0,,,,,False,False
Header/h59/Header_h59_f000126_t2.100.jpg,False,0.0,,,,,False,False
Header/h59/Header_h59_f000132_t2.200.jpg,False,0.0,,,,,False,False
Header/h59/Header_h59_f000138_t2.300.jpg,False,0.0,,,,,False,False
Header/h59/Header_h59_f000144_t2.400.jpg,False,0.0,,,,,False,False
Header/h59/Header_h59_f000150_t2.500.jpg,False,0.0,,,,,False,False
Header/h59/Header_h59_f000156_t2.600.jpg,False,0.0,,,,,False,False
Header/h59/Header_h59_f000162_t2.700.jpg,False,0.0,,,,,False,False
Header/h59/Header_h59_f000168_t2.800.jpg,False,0.0,,,,,False,False
Header/h59/Header_h59_f000174_t2.900.jpg,False,0.1576,1893.7,314.9,1918.8,348.4,True,False
Header/h59/Header_h59_f000180_t3.000.jpg,False,0.0,,,,,False,False
Header/h59/Header_h59_f000186_t3.100.jpg,False,0.0,,,,,False,False
Header/h59/Header_h59_f000192_t3.200.jpg,False,0.0,,,,,False,False
Header/h59/Header_h59_f000198_t3.300.jpg,False,0.0,,,,,False,False
Header/h59/Header_h59_f000204_t3.400.jpg,True,0.399,752.3,588.9,783.0,610.9,False,False
Header/h59/Header_h59_f000210_t3.500.jpg,False,0.0,,,,,False,False
Header/h59/Header_h59_f000216_t3.600.jpg,False,0.119,534.2,687.3,563.1,720.1,True,False
Header/h59/Header_h59_f000222_t3.700.jpg,True,0.5649,507.0,639.9,530.1,666.0,False,False
Header/h59/Header_h59_f000228_t3.800.jpg,False,0.0,,,,,False,False
Header/h59/Header_h59_f000234_t3.900.jpg,False,0.0,,,,,False,False
Header/h59/Header_h59_f000240_t4.000.jpg,True,0.3162,437.8,607.8,457.9,626.1,False,False
Header/h59/Header_h59_f000246_t4.100.jpg,False,0.0,,,,,False,False
Header/h59/Header_h59_f000252_t4.200.jpg,False,0.2389,626.1,596.6,643.9,613.3,True,False
Header/h59/Header_h59_f000258_t4.300.jpg,True,0.2882,429.1,538.8,452.7,558.5,False,False
Header/h59/Header_h59_f000264_t4.400.jpg,False,0.1571,405.7,565.9,432.3,587.1,True,False
Header/h59/Header_h59_f000270_t4.500.jpg,False,0.2224,575.6,570.0,598.4,585.6,True,False
Header/h59/Header_h59_f000276_t4.600.jpg,False,0.0,,,,,False,False
Header/h59/Header_h59_f000282_t4.700.jpg,False,0.0,,,,,False,False
Header/h59/Header_h59_f000288_t4.800.jpg,False,0.2283,153.6,719.0,167.9,731.6,True,False
Header/h59/Header_h59_f000294_t4.900.jpg,False,0.1986,421.1,674.3,435.5,689.6,True,False
Header/h59/Header_h59_f000300_t5.000.jpg,True,0.4509,427.4,677.5,441.5,692.1,False,False
Header/h59/Header_h59_f000306_t5.100.jpg,True,0.3548,497.2,730.4,529.9,753.5,False,False
Header/h59/Header_h59_f000312_t5.200.jpg,False,0.0,,,,,False,False
Header/h59/Header_h59_f000318_t5.300.jpg,True,0.339,645.8,770.4,681.2,797.5,False,False
Header/h59/Header_h59_f000324_t5.400.jpg,True,0.4915,723.4,759.1,755.9,784.7,False,False
Header/h59/Header_h59_f000330_t5.500.jpg,True,0.5444,778.4,757.2,808.7,783.5,False,False
Header/h59/Header_h59_f000336_t5.600.jpg,True,0.756,842.4,761.8,869.9,785.4,False,False
Header/h59/Header_h59_f000342_t5.700.jpg,True,0.8364,872.5,771.3,899.1,797.7,False,False
Header/h59/Header_h59_f000348_t5.800.jpg,True,0.7473,903.4,767.0,934.0,794.2,False,False
Header/h59/Header_h59_f000354_t5.900.jpg,True,0.5449,928.0,769.9,960.0,797.8,False,False
Header/h59/Header_h59_f000360_t6.000.jpg,True,0.429,970.7,771.6,998.8,800.5,False,False
Header/h59/Header_h59_f000366_t6.100.jpg,True,0.7543,993.9,773.1,1025.1,800.7,False,False
Header/h59/Header_h59_f000372_t6.200.jpg,True,0.6062,957.2,769.9,989.5,796.9,False,False
Header/h59/Header_h59_f000378_t6.300.jpg,True,0.2912,400.6,658.8,415.1,669.4,False,False
Header/h59/Header_h59_f000384_t6.400.jpg,True,0.4213,873.4,755.1,901.5,781.6,False,False
Header/h59/Header_h59_f000390_t6.500.jpg,True,0.4118,858.5,751.9,885.4,780.0,False,False
Header/h59/Header_h59_f000396_t6.600.jpg,True,0.4559,852.2,753.9,879.8,782.8,False,False
Header/h59/Header_h59_f000402_t6.700.jpg,True,0.7303,848.7,758.8,876.5,786.1,False,False
Header/h59/Header_h59_f000408_t6.800.jpg,True,0.7582,840.4,761.0,868.6,787.4,False,False
Header/h59/Header_h59_f000414_t6.900.jpg,True,0.7937,833.5,760.9,861.8,787.6,False,False
Header/h59/Header_h59_f000420_t7.000.jpg,False,0.0,,,,,False,False
Header/h6/Header_h6_f000000_t0.000.jpg,False,0.0,,,,,False,False
Header/h6/Header_h6_f000006_t0.100.jpg,False,0.0,,,,,False,False
Header/h6/Header_h6_f000012_t0.200.jpg,False,0.0,,,,,False,False
Header/h6/Header_h6_f000018_t0.300.jpg,False,0.0,,,,,False,False
Header/h6/Header_h6_f000024_t0.400.jpg,False,0.0,,,,,False,False
Header/h6/Header_h6_f000030_t0.500.jpg,False,0.0,,,,,False,False
Header/h6/Header_h6_f000036_t0.600.jpg,False,0.0,,,,,False,False
Header/h6/Header_h6_f000042_t0.700.jpg,False,0.0,,,,,False,False
Header/h6/Header_h6_f000048_t0.800.jpg,False,0.0,,,,,False,False
Header/h6/Header_h6_f000054_t0.900.jpg,False,0.0,,,,,False,False
Header/h6/Header_h6_f000060_t1.000.jpg,False,0.0,,,,,False,False
Header/h6/Header_h6_f000066_t1.100.jpg,False,0.0,,,,,False,False
Header/h6/Header_h6_f000072_t1.200.jpg,False,0.0,,,,,False,False
Header/h6/Header_h6_f000078_t1.300.jpg,False,0.0,,,,,False,False
Header/h6/Header_h6_f000084_t1.400.jpg,False,0.0,,,,,False,False
Header/h6/Header_h6_f000090_t1.500.jpg,False,0.0,,,,,False,False
Header/h6/Header_h6_f000096_t1.600.jpg,False,0.0,,,,,False,False
Header/h6/Header_h6_f000102_t1.700.jpg,False,0.0,,,,,False,False
Header/h6/Header_h6_f000108_t1.800.jpg,False,0.0,,,,,False,False
Header/h6/Header_h6_f000114_t1.900.jpg,False,0.0,,,,,False,False
Header/h6/Header_h6_f000120_t2.000.jpg,False,0.0,,,,,False,False
Header/h6/Header_h6_f000126_t2.100.jpg,False,0.0,,,,,False,False
Header/h6/Header_h6_f000132_t2.200.jpg,False,0.0,,,,,False,False
Header/h6/Header_h6_f000138_t2.300.jpg,False,0.0,,,,,False,False
Header/h6/Header_h6_f000144_t2.400.jpg,False,0.0,,,,,False,False
Header/h6/Header_h6_f000150_t2.500.jpg,False,0.0,,,,,False,False
Header/h6/Header_h6_f000156_t2.600.jpg,False,0.0,,,,,False,False
Header/h6/Header_h6_f000162_t2.700.jpg,False,0.0,,,,,False,False
Header/h6/Header_h6_f000168_t2.800.jpg,False,0.0,,,,,False,False
Header/h6/Header_h6_f000174_t2.900.jpg,False,0.0,,,,,False,False
Header/h6/Header_h6_f000180_t3.000.jpg,False,0.0,,,,,False,False
Header/h6/Header_h6_f000186_t3.100.jpg,False,0.0,,,,,False,False
Header/h6/Header_h6_f000192_t3.200.jpg,False,0.0,,,,,False,False
Header/h6/Header_h6_f000198_t3.300.jpg,False,0.0,,,,,False,False
Header/h6/Header_h6_f000204_t3.400.jpg,False,0.0,,,,,False,False
Header/h6/Header_h6_f000210_t3.500.jpg,False,0.0,,,,,False,False
Header/h6/Header_h6_f000216_t3.600.jpg,False,0.0,,,,,False,False
Header/h6/Header_h6_f000222_t3.700.jpg,False,0.0,,,,,False,False
Header/h6/Header_h6_f000228_t3.800.jpg,False,0.0,,,,,False,False
Header/h6/Header_h6_f000234_t3.900.jpg,False,0.0,,,,,False,False
Header/h6/Header_h6_f000240_t4.000.jpg,False,0.0,,,,,False,False
Header/h60/Header_h60_f000000_t0.000.jpg,False,0.1646,488.6,646.2,497.9,655.5,True,False
Header/h60/Header_h60_f000006_t0.100.jpg,False,0.1063,233.6,681.9,248.7,695.2,True,False
Header/h60/Header_h60_f000012_t0.200.jpg,False,0.0,,,,,False,False
Header/h60/Header_h60_f000018_t0.300.jpg,False,0.0,,,,,False,False
Header/h60/Header_h60_f000024_t0.400.jpg,False,0.0,,,,,False,False
Header/h60/Header_h60_f000030_t0.500.jpg,False,0.0,,,,,False,False
Header/h60/Header_h60_f000036_t0.600.jpg,False,0.232,1232.3,760.8,1403.3,933.0,True,False
Header/h60/Header_h60_f000042_t0.700.jpg,False,0.0,,,,,False,False
Header/h60/Header_h60_f000048_t0.800.jpg,False,0.0,,,,,False,False
Header/h60/Header_h60_f000054_t0.900.jpg,True,0.3375,1311.2,785.3,1408.7,944.9,False,False
Header/h60/Header_h60_f000060_t1.000.jpg,False,0.0,,,,,False,False
Header/h60/Header_h60_f000066_t1.100.jpg,False,0.1072,95.8,61.0,160.6,99.8,True,False
Header/h60/Header_h60_f000072_t1.200.jpg,False,0.1978,830.9,633.2,852.8,650.5,True,False
Header/h60/Header_h60_f000078_t1.300.jpg,True,0.577,812.3,637.3,832.3,654.5,False,False
Header/h60/Header_h60_f000084_t1.400.jpg,True,0.78,775.3,642.1,797.1,658.6,False,False
Header/h60/Header_h60_f000090_t1.500.jpg,False,0.0,,,,,False,False
Header/h60/Header_h60_f000096_t1.600.jpg,False,0.0,,,,,False,False
Header/h60/Header_h60_f000102_t1.700.jpg,False,0.0,,,,,False,False
Header/h60/Header_h60_f000108_t1.800.jpg,True,0.3952,708.4,661.9,734.2,677.6,False,False
Header/h60/Header_h60_f000114_t1.900.jpg,False,0.2306,765.7,667.1,788.4,684.1,True,False
Header/h60/Header_h60_f000120_t2.000.jpg,True,0.3147,844.6,689.6,867.4,707.1,False,False
Header/h60/Header_h60_f000126_t2.100.jpg,True,0.554,891.2,692.6,913.7,710.7,False,False
Header/h60/Header_h60_f000132_t2.200.jpg,True,0.3949,950.7,707.5,973.3,724.9,False,False
Header/h60/Header_h60_f000138_t2.300.jpg,False,0.1243,982.1,709.6,1004.7,727.7,True,False
Header/h60/Header_h60_f000144_t2.400.jpg,True,0.4181,1028.7,719.3,1053.2,738.9,False,False
Header/h60/Header_h60_f000150_t2.500.jpg,True,0.5296,1059.2,725.9,1080.6,745.6,False,False
Header/h60/Header_h60_f000156_t2.600.jpg,True,0.4421,1103.3,737.9,1122.7,755.3,False,False
Header/h60/Header_h60_f000162_t2.700.jpg,True,0.5232,1128.3,742.5,1150.1,762.5,False,False
Header/h60/Header_h60_f000168_t2.800.jpg,True,0.2882,1172.4,754.0,1195.3,770.1,False,False
Header/h60/Header_h60_f000174_t2.900.jpg,True,0.3411,1209.8,761.8,1232.5,780.7,False,False
Header/h60/Header_h60_f000180_t3.000.jpg,False,0.0,,,,,False,False
Header/h60/Header_h60_f000186_t3.100.jpg,True,0.5157,1300.7,783.3,1322.5,801.8,False,False
Header/h60/Header_h60_f000192_t3.200.jpg,True,0.4764,1348.5,801.1,1372.6,820.5,False,False
Header/h60/Header_h60_f000198_t3.300.jpg,False,0.1576,1382.0,815.0,1405.7,835.2,True,False
Header/h60/Header_h60_f000204_t3.400.jpg,True,0.5848,1432.3,829.8,1457.0,850.4,False,False
Header/h60/Header_h60_f000210_t3.500.jpg,False,0.0,,,,,False,False
Header/h60/Header_h60_f000216_t3.600.jpg,False,0.0,,,,,False,False
Header/h60/Header_h60_f000222_t3.700.jpg,False,0.0,,,,,False,False
Header/h60/Header_h60_f000228_t3.800.jpg,False,0.0,,,,,False,False
Header/h60/Header_h60_f000234_t3.900.jpg,False,0.0,,,,,False,False
Header/h60/Header_h60_f000240_t4.000.jpg,False,0.0,,,,,False,False
Header/h60/Header_h60_f000246_t4.100.jpg,False,0.0,,,,,False,False
Header/h60/Header_h60_f000252_t4.200.jpg,False,0.0,,,,,False,False
Header/h60/Header_h60_f000258_t4.300.jpg,False,0.0,,,,,False,False
Header/h60/Header_h60_f000264_t4.400.jpg,False,0.0,,,,,False,False
Header/h60/Header_h60_f000270_t4.500.jpg,False,0.0,,,,,False,False
Header/h60/Header_h60_f000276_t4.600.jpg,False,0.0,,,,,False,False
Header/h60/Header_h60_f000282_t4.700.jpg,False,0.0,,,,,False,False
Header/h60/Header_h60_f000288_t4.800.jpg,True,0.3924,1293.1,579.0,1316.7,604.4,False,False
Header/h60/Header_h60_f000294_t4.900.jpg,False,0.1013,1262.8,553.0,1285.8,574.0,True,False
Header/h60/Header_h60_f000300_t5.000.jpg,False,0.0,,,,,False,False
Header/h60/Header_h60_f000306_t5.100.jpg,False,0.1059,1192.1,494.2,1214.7,513.6,True,False
Header/h60/Header_h60_f000312_t5.200.jpg,False,0.2103,1159.2,468.0,1181.4,488.0,True,False
Header/h60/Header_h60_f000318_t5.300.jpg,False,0.1283,1133.9,455.0,1157.6,477.7,True,False
Header/h60/Header_h60_f000324_t5.400.jpg,True,0.5779,1094.3,445.8,1118.8,464.9,False,False
Header/h60/Header_h60_f000330_t5.500.jpg,False,0.0,,,,,False,False
Header/h60/Header_h60_f000336_t5.600.jpg,False,0.0,,,,,False,False
Header/h60/Header_h60_f000342_t5.700.jpg,False,0.1341,1052.6,435.1,1075.9,457.2,True,False
Header/h60/Header_h60_f000348_t5.800.jpg,False,0.1091,1086.1,431.2,1109.8,454.8,True,False
Header/h60/Header_h60_f000354_t5.900.jpg,False,0.0,,,,,False,False
Header/h60/Header_h60_f000360_t6.000.jpg,False,0.0,,,,,False,False
Header/h60/Header_h60_f000366_t6.100.jpg,False,0.0,,,,,False,False
Header/h60/Header_h60_f000372_t6.200.jpg,False,0.0,,,,,False,False
Header/h60/Header_h60_f000378_t6.300.jpg,False,0.0,,,,,False,False
Header/h60/Header_h60_f000384_t6.400.jpg,False,0.0,,,,,False,False
Header/h60/Header_h60_f000390_t6.500.jpg,False,0.0,,,,,False,False
Header/h60/Header_h60_f000396_t6.600.jpg,False,0.0,,,,,False,False
Header/h60/Header_h60_f000402_t6.700.jpg,True,0.2702,1123.6,608.1,1160.7,639.6,False,False
Header/h60/Header_h60_f000408_t6.800.jpg,False,0.0,,,,,False,False
Header/h60/Header_h60_f000414_t6.900.jpg,False,0.0,,,,,False,False
Header/h60/Header_h60_f000420_t7.000.jpg,False,0.0,,,,,False,False
Header/h60/Header_h60_f000426_t7.100.jpg,False,0.1311,776.7,362.9,803.6,393.9,True,False
Header/h60/Header_h60_f000432_t7.200.jpg,False,0.1399,756.9,431.3,783.8,464.0,True,False
Header/h60/Header_h60_f000438_t7.300.jpg,True,0.474,739.2,485.8,768.0,521.2,False,False
Header/h60/Header_h60_f000444_t7.400.jpg,True,0.3882,744.3,438.8,767.4,464.1,False,False
Header/h60/Header_h60_f000450_t7.500.jpg,True,0.3127,745.2,398.5,771.4,431.9,False,False
Header/h60/Header_h60_f000456_t7.600.jpg,True,0.2542,753.0,353.3,780.3,382.5,False,False
Header/h60/Header_h60_f000462_t7.700.jpg,True,0.3968,761.2,333.8,789.7,360.1,False,False
Header/h60/Header_h60_f000468_t7.800.jpg,False,0.1088,778.6,318.7,806.1,345.2,True,False
Header/h60/Header_h60_f000474_t7.900.jpg,False,0.1253,795.1,317.5,822.7,346.7,True,False
Header/h60/Header_h60_f000480_t8.000.jpg,True,0.5379,820.5,331.6,848.0,359.7,False,False
Header/h61/Header_h61_f000000_t0.000.jpg,False,0.0,,,,,False,False
Header/h61/Header_h61_f000006_t0.100.jpg,False,0.0,,,,,False,False
Header/h61/Header_h61_f000012_t0.200.jpg,False,0.0,,,,,False,False
Header/h61/Header_h61_f000018_t0.300.jpg,False,0.0,,,,,False,False
Header/h61/Header_h61_f000024_t0.400.jpg,False,0.0,,,,,False,False
Header/h61/Header_h61_f000030_t0.500.jpg,False,0.0,,,,,False,False
Header/h61/Header_h61_f000036_t0.600.jpg,False,0.0,,,,,False,False
Header/h61/Header_h61_f000042_t0.700.jpg,False,0.0,,,,,False,False
Header/h61/Header_h61_f000048_t0.800.jpg,False,0.0,,,,,False,False
Header/h61/Header_h61_f000054_t0.900.jpg,False,0.0,,,,,False,False
Header/h61/Header_h61_f000060_t1.000.jpg,False,0.0,,,,,False,False
Header/h61/Header_h61_f000066_t1.100.jpg,False,0.0,,,,,False,False
Header/h61/Header_h61_f000072_t1.200.jpg,False,0.0,,,,,False,False
Header/h61/Header_h61_f000078_t1.300.jpg,False,0.0,,,,,False,False
Header/h61/Header_h61_f000084_t1.400.jpg,False,0.0,,,,,False,False
Header/h61/Header_h61_f000090_t1.500.jpg,False,0.0,,,,,False,False
Header/h61/Header_h61_f000096_t1.600.jpg,False,0.0,,,,,False,False
Header/h61/Header_h61_f000102_t1.700.jpg,False,0.0,,,,,False,False
Header/h61/Header_h61_f000108_t1.800.jpg,False,0.0,,,,,False,False
Header/h61/Header_h61_f000114_t1.900.jpg,False,0.0,,,,,False,False
Header/h61/Header_h61_f000120_t2.000.jpg,False,0.0,,,,,False,False
Header/h61/Header_h61_f000126_t2.100.jpg,False,0.0,,,,,False,False
Header/h61/Header_h61_f000132_t2.200.jpg,False,0.0,,,,,False,False
Header/h61/Header_h61_f000138_t2.300.jpg,False,0.0,,,,,False,False
Header/h61/Header_h61_f000144_t2.400.jpg,False,0.0,,,,,False,False
Header/h61/Header_h61_f000150_t2.500.jpg,False,0.1303,359.3,572.7,384.4,588.1,True,False
Header/h61/Header_h61_f000156_t2.600.jpg,False,0.0,,,,,False,False
Header/h61/Header_h61_f000162_t2.700.jpg,False,0.0,,,,,False,False
Header/h61/Header_h61_f000168_t2.800.jpg,False,0.0,,,,,False,False
Header/h61/Header_h61_f000174_t2.900.jpg,False,0.0,,,,,False,False
Header/h61/Header_h61_f000180_t3.000.jpg,False,0.0,,,,,False,False
Header/h61/Header_h61_f000186_t3.100.jpg,False,0.0,,,,,False,False
Header/h61/Header_h61_f000192_t3.200.jpg,False,0.1423,1613.8,156.3,1644.8,201.1,True,False
Header/h61/Header_h61_f000198_t3.300.jpg,False,0.0,,,,,False,False
Header/h61/Header_h61_f000204_t3.400.jpg,False,0.0,,,,,False,False
Header/h61/Header_h61_f000210_t3.500.jpg,False,0.1555,187.9,652.0,219.4,670.0,True,False
Header/h61/Header_h61_f000216_t3.600.jpg,False,0.0,,,,,False,False
Header/h61/Header_h61_f000222_t3.700.jpg,False,0.0,,,,,False,False
Header/h61/Header_h61_f000228_t3.800.jpg,False,0.0,,,,,False,False
Header/h61/Header_h61_f000234_t3.900.jpg,False,0.1023,244.3,704.8,267.4,714.9,True,False
Header/h61/Header_h61_f000240_t4.000.jpg,False,0.0,,,,,False,False
Header/h61/Header_h61_f000246_t4.100.jpg,False,0.0,,,,,False,False
Header/h61/Header_h61_f000252_t4.200.jpg,False,0.0,,,,,False,False
Header/h61/Header_h61_f000258_t4.300.jpg,False,0.21,1419.8,613.2,1435.8,640.1,True,False
Header/h61/Header_h61_f000264_t4.400.jpg,False,0.0,,,,,False,False
Header/h61/Header_h61_f000270_t4.500.jpg,False,0.0,,,,,False,False
Header/h61/Header_h61_f000276_t4.600.jpg,False,0.0,,,,,False,False
Header/h61/Header_h61_f000282_t4.700.jpg,False,0.1078,586.1,399.1,608.3,418.1,True,False
Header/h61/Header_h61_f000288_t4.800.jpg,False,0.0,,,,,False,False
Header/h61/Header_h61_f000294_t4.900.jpg,False,0.2363,552.7,401.3,575.2,424.2,True,False
Header/h61/Header_h61_f000300_t5.000.jpg,False,0.1848,530.4,424.0,551.1,446.6,True,False
Header/h62/Header_h62_f000000_t0.000.jpg,False,0.0,,,,,False,False
Header/h62/Header_h62_f000006_t0.100.jpg,False,0.0,,,,,False,False
Header/h62/Header_h62_f000012_t0.200.jpg,False,0.0,,,,,False,False
Header/h62/Header_h62_f000018_t0.300.jpg,False,0.0,,,,,False,False
Header/h62/Header_h62_f000024_t0.400.jpg,False,0.0,,,,,False,False
Header/h62/Header_h62_f000030_t0.500.jpg,False,0.0,,,,,False,False
Header/h62/Header_h62_f000036_t0.600.jpg,False,0.0,,,,,False,False
Header/h62/Header_h62_f000042_t0.700.jpg,False,0.0,,,,,False,False
Header/h62/Header_h62_f000048_t0.800.jpg,True,0.4318,1053.5,815.1,1071.9,831.3,False,False
Header/h62/Header_h62_f000054_t0.900.jpg,True,0.4533,1028.7,800.5,1049.9,817.0,False,False
Header/h62/Header_h62_f000060_t1.000.jpg,True,0.6075,996.6,767.6,1018.9,789.7,False,False
Header/h62/Header_h62_f000066_t1.100.jpg,True,0.4373,979.5,754.5,996.5,772.2,False,False
Header/h62/Header_h62_f000072_t1.200.jpg,True,0.2519,959.2,736.2,975.6,755.4,False,False
Header/h62/Header_h62_f000078_t1.300.jpg,False,0.0,,,,,False,False
Header/h62/Header_h62_f000084_t1.400.jpg,False,0.0,,,,,False,False
Header/h62/Header_h62_f000090_t1.500.jpg,True,0.4253,960.5,711.4,975.1,728.4,False,False
Header/h62/Header_h62_f000096_t1.600.jpg,True,0.4508,964.6,713.2,982.0,729.1,False,False
Header/h62/Header_h62_f000102_t1.700.jpg,False,0.1874,968.7,717.3,982.9,734.8,True,False
Header/h62/Header_h62_f000108_t1.800.jpg,False,0.0,,,,,False,False
Header/h62/Header_h62_f000114_t1.900.jpg,False,0.0,,,,,False,False
Header/h62/Header_h62_f000120_t2.000.jpg,False,0.0,,,,,False,False
Header/h62/Header_h62_f000126_t2.100.jpg,False,0.0,,,,,False,False
Header/h62/Header_h62_f000132_t2.200.jpg,False,0.0,,,,,False,False
Header/h62/Header_h62_f000138_t2.300.jpg,False,0.0,,,,,False,False
Header/h62/Header_h62_f000144_t2.400.jpg,True,0.38,996.2,676.6,1014.0,696.2,False,False
Header/h62/Header_h62_f000150_t2.500.jpg,False,0.0,,,,,False,False
Header/h62/Header_h62_f000156_t2.600.jpg,True,0.3225,1052.4,638.5,1069.4,654.3,False,False
Header/h62/Header_h62_f000162_t2.700.jpg,False,0.0,,,,,False,False
Header/h62/Header_h62_f000168_t2.800.jpg,True,0.4042,1083.4,611.7,1097.6,626.4,False,False
Header/h62/Header_h62_f000174_t2.900.jpg,False,0.0,,,,,False,False
Header/h62/Header_h62_f000180_t3.000.jpg,False,0.2136,1090.8,587.8,1104.6,604.8,True,False
Header/h62/Header_h62_f000186_t3.100.jpg,True,0.4067,1091.8,582.0,1108.1,598.6,False,False
Header/h62/Header_h62_f000192_t3.200.jpg,False,0.0,,,,,False,False
Header/h62/Header_h62_f000198_t3.300.jpg,True,0.3926,1102.1,566.5,1117.2,581.9,False,False
Header/h62/Header_h62_f000204_t3.400.jpg,False,0.0,,,,,False,False
Header/h62/Header_h62_f000210_t3.500.jpg,False,0.0,,,,,False,False
Header/h62/Header_h62_f000216_t3.600.jpg,False,0.0,,,,,False,False
Header/h62/Header_h62_f000222_t3.700.jpg,False,0.0,,,,,False,False
Header/h62/Header_h62_f000228_t3.800.jpg,False,0.0,,,,,False,False
Header/h62/Header_h62_f000234_t3.900.jpg,False,0.0,,,,,False,False
Header/h62/Header_h62_f000240_t4.000.jpg,False,0.0,,,,,False,False
Header/h62/Header_h62_f000246_t4.100.jpg,False,0.0,,,,,False,False
Header/h62/Header_h62_f000252_t4.200.jpg,False,0.0,,,,,False,False
Header/h62/Header_h62_f000258_t4.300.jpg,False,0.2099,1305.0,628.9,1329.3,650.7,True,False
Header/h62/Header_h62_f000264_t4.400.jpg,True,0.5649,1349.9,645.8,1374.9,670.6,False,False
Header/h62/Header_h62_f000270_t4.500.jpg,True,0.422,1372.4,659.5,1395.3,682.0,False,False
Header/h62/Header_h62_f000276_t4.600.jpg,True,0.6748,1394.2,680.5,1418.0,704.3,False,False
Header/h62/Header_h62_f000282_t4.700.jpg,True,0.4308,1400.3,695.9,1423.4,720.1,False,False
Header/h62/Header_h62_f000288_t4.800.jpg,False,0.2268,1159.2,662.5,1178.8,694.4,True,False
Header/h62/Header_h62_f000294_t4.900.jpg,False,0.1978,1324.2,516.4,1342.5,529.3,True,False
Header/h62/Header_h62_f000300_t5.000.jpg,False,0.222,1133.0,726.6,1149.9,754.8,True,False
Header/h62/Header_h62_f000306_t5.100.jpg,False,0.0,,,,,False,False
Header/h62/Header_h62_f000312_t5.200.jpg,False,0.0,,,,,False,False
Header/h62/Header_h62_f000318_t5.300.jpg,False,0.0,,,,,False,False
Header/h62/Header_h62_f000324_t5.400.jpg,False,0.0,,,,,False,False
Header/h62/Header_h62_f000330_t5.500.jpg,False,0.0,,,,,False,False
Header/h62/Header_h62_f000336_t5.600.jpg,False,0.0,,,,,False,False
Header/h62/Header_h62_f000342_t5.700.jpg,False,0.0,,,,,False,False
Header/h62/Header_h62_f000348_t5.800.jpg,False,0.0,,,,,False,False
Header/h62/Header_h62_f000354_t5.900.jpg,False,0.0,,,,,False,False
Header/h62/Header_h62_f000360_t6.000.jpg,False,0.0,,,,,False,False
Header/h62/Header_h62_f000366_t6.100.jpg,False,0.0,,,,,False,False
Header/h62/Header_h62_f000372_t6.200.jpg,False,0.0,,,,,False,False
Header/h62/Header_h62_f000378_t6.300.jpg,False,0.0,,,,,False,False
Header/h62/Header_h62_f000384_t6.400.jpg,False,0.0,,,,,False,False
Header/h62/Header_h62_f000390_t6.500.jpg,False,0.0,,,,,False,False
Header/h62/Header_h62_f000396_t6.600.jpg,False,0.0,,,,,False,False
Header/h62/Header_h62_f000402_t6.700.jpg,False,0.0,,,,,False,False
Header/h62/Header_h62_f000408_t6.800.jpg,False,0.0,,,,,False,False
Header/h62/Header_h62_f000414_t6.900.jpg,True,0.5471,1117.5,518.8,1141.7,537.8,False,False
Header/h62/Header_h62_f000420_t7.000.jpg,False,0.0,,,,,False,False
Header/h62/Header_h62_f000426_t7.100.jpg,False,0.0,,,,,False,False
Header/h62/Header_h62_f000432_t7.200.jpg,False,0.0,,,,,False,False
Header/h62/Header_h62_f000438_t7.300.jpg,False,0.0,,,,,False,False
Header/h62/Header_h62_f000444_t7.400.jpg,False,0.1763,1110.7,516.9,1125.1,535.7,True,False
Header/h62/Header_h62_f000450_t7.500.jpg,False,0.0,,,,,False,False
Header/h62/Header_h62_f000456_t7.600.jpg,False,0.0,,,,,False,False
Header/h62/Header_h62_f000462_t7.700.jpg,False,0.0,,,,,False,False
Header/h62/Header_h62_f000468_t7.800.jpg,False,0.0,,,,,False,False
Header/h62/Header_h62_f000474_t7.900.jpg,False,0.0,,,,,False,False
Header/h62/Header_h62_f000480_t8.000.jpg,False,0.0,,,,,False,False
Header/h63/Header_h63_f000000_t0.000.jpg,False,0.0,,,,,False,False
Header/h63/Header_h63_f000006_t0.100.jpg,False,0.1636,1102.3,841.7,1138.5,858.4,True,False
Header/h63/Header_h63_f000012_t0.200.jpg,True,0.3601,953.0,842.7,990.9,858.8,False,False
Header/h63/Header_h63_f000018_t0.300.jpg,False,0.1858,861.2,848.2,897.3,866.2,True,False
Header/h63/Header_h63_f000024_t0.400.jpg,True,0.4266,741.2,843.3,778.0,865.1,False,False
Header/h63/Header_h63_f000030_t0.500.jpg,True,0.657,670.4,838.0,702.5,856.6,False,False
Header/h63/Header_h63_f000036_t0.600.jpg,True,0.2838,562.6,839.3,595.7,861.6,False,False
Header/h63/Header_h63_f000042_t0.700.jpg,True,0.7248,506.2,837.0,537.2,860.7,False,False
Header/h63/Header_h63_f000048_t0.800.jpg,True,0.5367,428.4,828.1,457.0,846.8,False,False
Header/h63/Header_h63_f000054_t0.900.jpg,True,0.6714,377.8,827.3,406.8,846.0,False,False
Header/h63/Header_h63_f000060_t1.000.jpg,False,0.0,,,,,False,False
Header/h63/Header_h63_f000066_t1.100.jpg,False,0.0,,,,,False,False
Header/h63/Header_h63_f000072_t1.200.jpg,False,0.0,,,,,False,False
Header/h63/Header_h63_f000078_t1.300.jpg,False,0.0,,,,,False,False
Header/h63/Header_h63_f000084_t1.400.jpg,False,0.0,,,,,False,False
Header/h63/Header_h63_f000090_t1.500.jpg,False,0.0,,,,,False,False
Header/h63/Header_h63_f000096_t1.600.jpg,False,0.0,,,,,False,False
Header/h63/Header_h63_f000102_t1.700.jpg,True,0.2847,535.9,779.3,555.1,799.1,False,False
Header/h63/Header_h63_f000108_t1.800.jpg,True,0.5015,558.4,779.7,580.9,802.0,False,False
Header/h63/Header_h63_f000114_t1.900.jpg,False,0.0,,,,,False,False
Header/h63/Header_h63_f000120_t2.000.jpg,True,0.2886,593.4,784.1,615.2,806.0,False,False
Header/h63/Header_h63_f000126_t2.100.jpg,True,0.253,602.0,788.4,624.7,806.7,False,False
Header/h63/Header_h63_f000132_t2.200.jpg,False,0.0,,,,,False,False
Header/h63/Header_h63_f000138_t2.300.jpg,False,0.0,,,,,False,False
Header/h63/Header_h63_f000144_t2.400.jpg,False,0.0,,,,,False,False
Header/h63/Header_h63_f000150_t2.500.jpg,True,0.4317,773.4,562.5,801.0,589.6,False,False
Header/h63/Header_h63_f000156_t2.600.jpg,False,0.0,,,,,False,False
Header/h63/Header_h63_f000162_t2.700.jpg,False,0.0,,,,,False,False
Header/h63/Header_h63_f000168_t2.800.jpg,True,0.529,912.5,397.1,929.6,416.8,False,False
Header/h63/Header_h63_f000174_t2.900.jpg,False,0.0,,,,,False,False
Header/h63/Header_h63_f000180_t3.000.jpg,False,0.113,966.2,126.7,990.5,154.6,True,False
Header/h63/Header_h63_f000186_t3.100.jpg,False,0.1364,946.8,322.8,966.4,340.4,True,False
Header/h63/Header_h63_f000192_t3.200.jpg,False,0.1243,946.3,304.0,962.2,320.7,True,False
Header/h63/Header_h63_f000198_t3.300.jpg,False,0.0,,,,,False,False
Header/h63/Header_h63_f000204_t3.400.jpg,False,0.0,,,,,False,False
Header/h63/Header_h63_f000210_t3.500.jpg,False,0.0,,,,,False,False
Header/h63/Header_h63_f000216_t3.600.jpg,False,0.0,,,,,False,False
Header/h63/Header_h63_f000222_t3.700.jpg,False,0.1013,1097.0,301.0,1118.3,316.7,True,False
Header/h63/Header_h63_f000228_t3.800.jpg,False,0.0,,,,,False,False
Header/h63/Header_h63_f000234_t3.900.jpg,False,0.0,,,,,False,False
Header/h63/Header_h63_f000240_t4.000.jpg,False,0.2374,1347.4,327.1,1374.2,345.1,True,False
Header/h63/Header_h63_f000246_t4.100.jpg,False,0.0,,,,,False,False
Header/h63/Header_h63_f000252_t4.200.jpg,True,0.3514,1473.4,371.8,1497.7,391.6,False,False
Header/h63/Header_h63_f000258_t4.300.jpg,False,0.129,1626.3,412.7,1657.0,440.6,True,False
Header/h63/Header_h63_f000264_t4.400.jpg,False,0.0,,,,,False,False
Header/h63/Header_h63_f000270_t4.500.jpg,False,0.0,,,,,False,False
Header/h63/Header_h63_f000276_t4.600.jpg,False,0.0,,,,,False,False
Header/h63/Header_h63_f000282_t4.700.jpg,False,0.0,,,,,False,False
Header/h63/Header_h63_f000288_t4.800.jpg,False,0.0,,,,,False,False
Header/h63/Header_h63_f000294_t4.900.jpg,False,0.0,,,,,False,False
Header/h63/Header_h63_f000300_t5.000.jpg,False,0.0,,,,,False,False
Header/h64/Header_h64_f000000_t0.000.jpg,False,0.0,,,,,False,True
Header/h64/Header_h64_f000006_t0.100.jpg,False,0.0,,,,,False,True
Header/h64/Header_h64_f000012_t0.200.jpg,True,0.5727,347.8,790.5,365.3,807.4,False,False
Header/h64/Header_h64_f000018_t0.300.jpg,True,0.6686,334.5,788.6,351.3,804.1,False,False
Header/h64/Header_h64_f000024_t0.400.jpg,False,0.1089,322.1,790.9,341.7,810.8,True,False
Header/h64/Header_h64_f000030_t0.500.jpg,False,0.0,,,,,False,False
Header/h64/Header_h64_f000036_t0.600.jpg,False,0.0,,,,,False,False
Header/h64/Header_h64_f000042_t0.700.jpg,False,0.0,,,,,False,False
Header/h64/Header_h64_f000048_t0.800.jpg,False,0.0,,,,,False,False
Header/h64/Header_h64_f000054_t0.900.jpg,False,0.1479,303.9,764.9,324.9,783.0,True,False
Header/h64/Header_h64_f000060_t1.000.jpg,False,0.0,,,,,False,False
Header/h64/Header_h64_f000066_t1.100.jpg,False,0.1903,301.5,750.3,320.3,768.2,True,False
Header/h64/Header_h64_f000072_t1.200.jpg,True,0.3928,302.9,745.4,320.0,762.0,False,False
Header/h64/Header_h64_f000078_t1.300.jpg,False,0.0,,,,,False,False
Header/h64/Header_h64_f000084_t1.400.jpg,False,0.0,,,,,False,False
Header/h64/Header_h64_f000090_t1.500.jpg,False,0.0,,,,,False,False
Header/h64/Header_h64_f000096_t1.600.jpg,False,0.0,,,,,False,False
Header/h64/Header_h64_f000102_t1.700.jpg,False,0.1032,1730.0,636.1,1743.7,653.3,True,False
Header/h64/Header_h64_f000108_t1.800.jpg,False,0.0,,,,,False,False
Header/h64/Header_h64_f000114_t1.900.jpg,False,0.0,,,,,False,False
Header/h64/Header_h64_f000120_t2.000.jpg,False,0.0,,,,,False,False
Header/h64/Header_h64_f000126_t2.100.jpg,False,0.0,,,,,False,False
Header/h64/Header_h64_f000132_t2.200.jpg,False,0.0,,,,,False,False
Header/h64/Header_h64_f000138_t2.300.jpg,False,0.0,,,,,False,False
Header/h64/Header_h64_f000144_t2.400.jpg,False,0.0,,,,,False,False
Header/h64/Header_h64_f000150_t2.500.jpg,False,0.0,,,,,False,False
Header/h64/Header_h64_f000156_t2.600.jpg,False,0.0,,,,,False,False
Header/h64/Header_h64_f000162_t2.700.jpg,True,0.5796,479.1,669.4,498.2,686.6,False,False
Header/h64/Header_h64_f000168_t2.800.jpg,True,0.5969,509.8,664.9,528.7,682.0,False,False
Header/h64/Header_h64_f000174_t2.900.jpg,True,0.5207,534.6,664.7,554.3,681.1,False,False
Header/h64/Header_h64_f000180_t3.000.jpg,False,0.1155,568.7,662.1,588.9,680.9,True,False
Header/h64/Header_h64_f000186_t3.100.jpg,False,0.0,,,,,False,False
Header/h64/Header_h64_f000192_t3.200.jpg,True,0.4835,610.4,668.0,628.3,683.5,False,False
Header/h64/Header_h64_f000198_t3.300.jpg,True,0.5004,627.5,668.8,644.1,683.9,False,False
Header/h64/Header_h64_f000204_t3.400.jpg,False,0.0,,,,,False,False
Header/h64/Header_h64_f000210_t3.500.jpg,True,0.38,654.6,671.1,671.1,685.3,False,False
Header/h64/Header_h64_f000216_t3.600.jpg,False,0.1346,667.2,671.1,684.8,686.7,True,False
Header/h64/Header_h64_f000222_t3.700.jpg,True,0.4207,676.7,671.1,694.2,685.3,False,False
Header/h64/Header_h64_f000228_t3.800.jpg,False,0.0,,,,,False,False
Header/h64/Header_h64_f000234_t3.900.jpg,False,0.0,,,,,False,False
Header/h64/Header_h64_f000240_t4.000.jpg,False,0.0,,,,,False,False
Header/h64/Header_h64_f000246_t4.100.jpg,False,0.0,,,,,False,False
Header/h64/Header_h64_f000252_t4.200.jpg,False,0.0,,,,,False,False
Header/h64/Header_h64_f000258_t4.300.jpg,False,0.0,,,,,False,False
Header/h64/Header_h64_f000264_t4.400.jpg,False,0.0,,,,,False,False
Header/h64/Header_h64_f000270_t4.500.jpg,False,0.0,,,,,False,False
Header/h64/Header_h64_f000276_t4.600.jpg,False,0.0,,,,,False,False
Header/h64/Header_h64_f000282_t4.700.jpg,False,0.0,,,,,False,False
Header/h64/Header_h64_f000288_t4.800.jpg,False,0.0,,,,,False,False
Header/h64/Header_h64_f000294_t4.900.jpg,False,0.1599,627.1,539.5,663.2,566.6,True,False
Header/h65/Header_h65_f000000_t0.000.jpg,False,0.0,,,,,False,False
Header/h65/Header_h65_f000006_t0.100.jpg,False,0.0,,,,,False,False
Header/h65/Header_h65_f000012_t0.200.jpg,False,0.0,,,,,False,False
Header/h65/Header_h65_f000018_t0.300.jpg,False,0.0,,,,,False,False
Header/h65/Header_h65_f000024_t0.400.jpg,False,0.0,,,,,False,False
Header/h65/Header_h65_f000030_t0.500.jpg,False,0.0,,,,,False,False
Header/h65/Header_h65_f000036_t0.600.jpg,False,0.0,,,,,False,False
Header/h65/Header_h65_f000042_t0.700.jpg,False,0.0,,,,,False,False
Header/h65/Header_h65_f000048_t0.800.jpg,False,0.0,,,,,False,False
Header/h65/Header_h65_f000054_t0.900.jpg,False,0.0,,,,,False,False
Header/h65/Header_h65_f000060_t1.000.jpg,False,0.0,,,,,False,False
Header/h65/Header_h65_f000066_t1.100.jpg,False,0.0,,,,,False,False
Header/h65/Header_h65_f000072_t1.200.jpg,False,0.0,,,,,False,False
Header/h65/Header_h65_f000078_t1.300.jpg,False,0.0,,,,,False,False
Header/h65/Header_h65_f000084_t1.400.jpg,False,0.0,,,,,False,False
Header/h65/Header_h65_f000090_t1.500.jpg,False,0.0,,,,,False,False
Header/h65/Header_h65_f000096_t1.600.jpg,False,0.0,,,,,False,False
Header/h65/Header_h65_f000102_t1.700.jpg,False,0.0,,,,,False,False
Header/h65/Header_h65_f000108_t1.800.jpg,False,0.0,,,,,False,False
Header/h65/Header_h65_f000114_t1.900.jpg,False,0.0,,,,,False,False
Header/h65/Header_h65_f000120_t2.000.jpg,False,0.0,,,,,False,False
Header/h65/Header_h65_f000126_t2.100.jpg,False,0.0,,,,,False,False
Header/h65/Header_h65_f000132_t2.200.jpg,False,0.0,,,,,False,False
Header/h65/Header_h65_f000138_t2.300.jpg,False,0.0,,,,,False,False
Header/h65/Header_h65_f000144_t2.400.jpg,False,0.0,,,,,False,False
Header/h65/Header_h65_f000150_t2.500.jpg,False,0.0,,,,,False,False
Header/h65/Header_h65_f000156_t2.600.jpg,False,0.0,,,,,False,False
Header/h65/Header_h65_f000162_t2.700.jpg,False,0.0,,,,,False,False
Header/h65/Header_h65_f000168_t2.800.jpg,False,0.0,,,,,False,False
Header/h65/Header_h65_f000174_t2.900.jpg,False,0.0,,,,,False,False
Header/h65/Header_h65_f000180_t3.000.jpg,False,0.0,,,,,False,False
Header/h65/Header_h65_f000186_t3.100.jpg,False,0.0,,,,,False,False
Header/h65/Header_h65_f000192_t3.200.jpg,False,0.0,,,,,False,False
Header/h65/Header_h65_f000198_t3.300.jpg,False,0.0,,,,,False,False
Header/h65/Header_h65_f000204_t3.400.jpg,False,0.0,,,,,False,False
Header/h65/Header_h65_f000210_t3.500.jpg,False,0.0,,,,,False,False
Header/h65/Header_h65_f000216_t3.600.jpg,False,0.0,,,,,False,False
Header/h65/Header_h65_f000222_t3.700.jpg,False,0.0,,,,,False,False
Header/h65/Header_h65_f000228_t3.800.jpg,False,0.0,,,,,False,False
Header/h65/Header_h65_f000234_t3.900.jpg,False,0.1538,288.0,545.4,304.7,558.4,True,False
Header/h65/Header_h65_f000240_t4.000.jpg,False,0.2205,288.5,543.7,306.9,560.4,True,False
Header/h66/Header_h66_f000000_t0.000.jpg,False,0.0,,,,,False,False
Header/h66/Header_h66_f000006_t0.100.jpg,False,0.0,,,,,False,False
Header/h66/Header_h66_f000012_t0.200.jpg,False,0.0,,,,,False,False
Header/h66/Header_h66_f000018_t0.300.jpg,False,0.0,,,,,False,False
Header/h66/Header_h66_f000024_t0.400.jpg,True,0.4966,680.8,755.7,699.0,771.1,False,False
Header/h66/Header_h66_f000030_t0.500.jpg,True,0.4612,713.1,769.5,732.9,788.9,False,False
Header/h66/Header_h66_f000036_t0.600.jpg,True,0.3566,746.1,777.8,766.0,794.8,False,False
Header/h66/Header_h66_f000042_t0.700.jpg,True,0.6752,779.0,791.8,797.7,808.6,False,False
Header/h66/Header_h66_f000048_t0.800.jpg,False,0.0,,,,,False,False
Header/h66/Header_h66_f000054_t0.900.jpg,True,0.4813,837.0,811.6,856.0,826.9,False,False
Header/h66/Header_h66_f000060_t1.000.jpg,False,0.1912,857.2,815.2,878.0,834.1,True,False
Header/h66/Header_h66_f000066_t1.100.jpg,True,0.3888,885.5,827.3,904.5,844.2,False,False
Header/h66/Header_h66_f000072_t1.200.jpg,True,0.2834,907.4,835.1,925.1,850.9,False,False
Header/h66/Header_h66_f000078_t1.300.jpg,True,0.7127,925.7,841.5,943.5,857.9,False,False
Header/h66/Header_h66_f000084_t1.400.jpg,False,0.0,,,,,False,False
Header/h66/Header_h66_f000090_t1.500.jpg,True,0.435,957.1,853.5,975.4,872.2,False,False
Header/h66/Header_h66_f000096_t1.600.jpg,True,0.2723,970.4,860.7,989.6,878.0,False,False
Header/h66/Header_h66_f000102_t1.700.jpg,False,0.0,,,,,False,False
Header/h66/Header_h66_f000108_t1.800.jpg,False,0.0,,,,,False,False
Header/h66/Header_h66_f000114_t1.900.jpg,False,0.0,,,,,False,False
Header/h66/Header_h66_f000120_t2.000.jpg,False,0.0,,,,,False,False
Header/h66/Header_h66_f000126_t2.100.jpg,False,0.0,,,,,False,False
Header/h66/Header_h66_f000132_t2.200.jpg,False,0.0,,,,,False,False
Header/h66/Header_h66_f000138_t2.300.jpg,True,0.2679,979.6,856.2,998.0,875.4,False,False
Header/h66/Header_h66_f000144_t2.400.jpg,True,0.4817,982.3,853.5,1000.8,871.8,False,False
Header/h66/Header_h66_f000150_t2.500.jpg,True,0.4054,983.9,851.0,1002.6,868.4,False,False
Header/h66/Header_h66_f000156_t2.600.jpg,False,0.2168,985.1,847.6,1003.8,865.6,True,False
Header/h66/Header_h66_f000162_t2.700.jpg,False,0.1114,985.4,845.1,1004.6,865.2,True,False
Header/h66/Header_h66_f000168_t2.800.jpg,False,0.0,,,,,False,False
Header/h66/Header_h66_f000174_t2.900.jpg,False,0.0,,,,,False,False
Header/h66/Header_h66_f000180_t3.000.jpg,True,0.4631,987.8,838.7,1005.5,856.1,False,False
Header/h66/Header_h66_f000186_t3.100.jpg,True,0.6663,989.1,836.4,1005.5,854.0,False,False
Header/h66/Header_h66_f000192_t3.200.jpg,False,0.0,,,,,False,False
Header/h66/Header_h66_f000198_t3.300.jpg,False,0.0,,,,,False,False
Header/h66/Header_h66_f000204_t3.400.jpg,False,0.0,,,,,False,False
Header/h66/Header_h66_f000210_t3.500.jpg,False,0.0,,,,,False,False
Header/h66/Header_h66_f000216_t3.600.jpg,False,0.0,,,,,False,False
Header/h66/Header_h66_f000222_t3.700.jpg,False,0.0,,,,,False,False
Header/h66/Header_h66_f000228_t3.800.jpg,False,0.0,,,,,False,False
Header/h66/Header_h66_f000234_t3.900.jpg,False,0.0,,,,,False,False
Header/h66/Header_h66_f000240_t4.000.jpg,True,0.2804,816.6,523.8,830.0,537.3,False,False
Header/h66/Header_h66_f000246_t4.100.jpg,False,0.0,,,,,False,False
Header/h66/Header_h66_f000252_t4.200.jpg,False,0.1106,265.1,538.1,286.4,571.3,True,False
Header/h66/Header_h66_f000258_t4.300.jpg,False,0.0,,,,,False,False
Header/h66/Header_h66_f000264_t4.400.jpg,False,0.0,,,,,False,False
Header/h66/Header_h66_f000270_t4.500.jpg,False,0.0,,,,,False,False
Header/h66/Header_h66_f000276_t4.600.jpg,False,0.0,,,,,False,False
Header/h66/Header_h66_f000282_t4.700.jpg,False,0.0,,,,,False,False
Header/h66/Header_h66_f000288_t4.800.jpg,False,0.0,,,,,False,False
Header/h66/Header_h66_f000294_t4.900.jpg,False,0.0,,,,,False,False
Header/h66/Header_h66_f000300_t5.000.jpg,False,0.0,,,,,False,False
Header/h66/Header_h66_f000306_t5.100.jpg,False,0.0,,,,,False,False
Header/h66/Header_h66_f000312_t5.200.jpg,False,0.0,,,,,False,False
Header/h66/Header_h66_f000318_t5.300.jpg,False,0.0,,,,,False,False
Header/h66/Header_h66_f000324_t5.400.jpg,False,0.0,,,,,False,False
Header/h66/Header_h66_f000330_t5.500.jpg,False,0.0,,,,,False,False
Header/h66/Header_h66_f000336_t5.600.jpg,False,0.0,,,,,False,False
Header/h66/Header_h66_f000342_t5.700.jpg,False,0.0,,,,,False,False
Header/h66/Header_h66_f000348_t5.800.jpg,False,0.0,,,,,False,False
Header/h66/Header_h66_f000354_t5.900.jpg,False,0.0,,,,,False,False
Header/h66/Header_h66_f000360_t6.000.jpg,False,0.0,,,,,False,False
Header/h67/Header_h67_f000000_t0.000.jpg,True,0.5177,696.4,834.3,807.4,947.2,False,False
Header/h67/Header_h67_f000006_t0.100.jpg,True,0.3594,1051.6,560.8,1145.8,672.5,False,False
Header/h67/Header_h67_f000012_t0.200.jpg,False,0.1537,378.3,216.8,415.7,238.3,True,False
Header/h67/Header_h67_f000018_t0.300.jpg,False,0.0,,,,,False,False
Header/h67/Header_h67_f000024_t0.400.jpg,True,0.861,1270.5,87.1,1362.4,177.9,False,False
Header/h67/Header_h67_f000030_t0.500.jpg,True,0.8885,1202.5,60.7,1293.9,144.0,False,False
Header/h67/Header_h67_f000036_t0.600.jpg,True,0.8667,1108.6,89.6,1197.0,174.8,False,False
Header/h67/Header_h67_f000042_t0.700.jpg,True,0.8814,1010.2,135.6,1095.1,217.6,False,False
Header/h67/Header_h67_f000048_t0.800.jpg,True,0.8842,930.7,178.5,1009.4,255.5,False,False
Header/h67/Header_h67_f000054_t0.900.jpg,True,0.8763,872.4,201.0,948.4,275.9,False,False
Header/h67/Header_h67_f000060_t1.000.jpg,True,0.7495,851.2,197.7,925.5,271.7,False,False
Header/h67/Header_h67_f000066_t1.100.jpg,True,0.5467,854.4,167.3,927.4,239.2,False,False
Header/h67/Header_h67_f000072_t1.200.jpg,True,0.6728,872.5,125.8,944.8,196.4,False,False
Header/h67/Header_h67_f000078_t1.300.jpg,True,0.3679,897.4,96.4,967.6,163.4,False,False
Header/h67/Header_h67_f000084_t1.400.jpg,True,0.6532,916.4,86.0,985.6,149.4,False,False
Header/h67/Header_h67_f000090_t1.500.jpg,True,0.4397,928.4,93.7,996.1,157.2,False,False
Header/h67/Header_h67_f000096_t1.600.jpg,False,0.0,,,,,False,False
Header/h67/Header_h67_f000102_t1.700.jpg,True,0.6192,927.3,116.6,996.3,184.8,False,False
Header/h67/Header_h67_f000108_t1.800.jpg,True,0.4464,919.8,118.1,990.5,189.9,False,False
Header/h67/Header_h67_f000114_t1.900.jpg,True,0.6263,916.5,131.4,990.7,205.7,False,False
Header/h67/Header_h67_f000120_t2.000.jpg,True,0.6956,925.2,172.2,1002.1,249.0,False,False
Header/h67/Header_h67_f000126_t2.100.jpg,True,0.4015,945.8,224.6,1028.4,305.0,False,False
Header/h67/Header_h67_f000132_t2.200.jpg,True,0.3581,971.2,273.1,1059.2,351.8,False,False
Header/h67/Header_h67_f000138_t2.300.jpg,True,0.7101,889.5,227.7,992.5,317.6,False,False
Header/h67/Header_h67_f000144_t2.400.jpg,True,0.7581,784.0,169.5,874.4,258.0,False,False
Header/h67/Header_h67_f000150_t2.500.jpg,True,0.7615,682.4,122.7,768.6,220.6,False,False
Header/h67/Header_h67_f000156_t2.600.jpg,True,0.8759,568.3,80.5,660.1,175.9,False,False
Header/h67/Header_h67_f000162_t2.700.jpg,True,0.4745,467.8,49.0,569.4,144.7,False,False
Header/h67/Header_h67_f000168_t2.800.jpg,True,0.7423,391.5,31.4,490.0,130.6,False,False
Header/h67/Header_h67_f000174_t2.900.jpg,True,0.4174,334.2,26.9,427.9,125.8,False,False
Header/h67/Header_h67_f000180_t3.000.jpg,True,0.4839,279.5,33.4,380.8,128.8,False,False
Header/h67/Header_h67_f000186_t3.100.jpg,True,0.8784,253.2,54.2,350.6,146.9,False,False
Header/h67/Header_h67_f000192_t3.200.jpg,True,0.8904,244.6,64.2,343.8,163.7,False,False
Header/h67/Header_h67_f000198_t3.300.jpg,True,0.6326,254.5,87.6,354.6,180.3,False,False
Header/h67/Header_h67_f000204_t3.400.jpg,True,0.8961,286.7,114.0,389.6,216.7,False,False
Header/h67/Header_h67_f000210_t3.500.jpg,True,0.5876,339.5,157.9,437.0,244.6,False,False
Header/h67/Header_h67_f000216_t3.600.jpg,True,0.5037,405.0,202.8,517.9,298.0,False,False
Header/h67/Header_h67_f000222_t3.700.jpg,True,0.891,474.9,256.8,576.7,355.0,False,False
Header/h67/Header_h67_f000228_t3.800.jpg,True,0.7914,536.8,312.7,642.3,403.8,False,False
Header/h67/Header_h67_f000234_t3.900.jpg,True,0.6491,592.6,364.7,690.8,457.9,False,False
Header/h67/Header_h67_f000240_t4.000.jpg,True,0.8851,623.6,404.8,719.7,505.3,False,False
Header/h67/Header_h67_f000246_t4.100.jpg,True,0.7216,654.0,464.6,748.6,561.4,False,False
Header/h67/Header_h67_f000252_t4.200.jpg,True,0.4544,681.5,503.7,772.8,604.8,False,False
Header/h67/Header_h67_f000258_t4.300.jpg,True,0.2539,716.4,518.6,805.5,612.6,False,False
Header/h67/Header_h67_f000264_t4.400.jpg,False,0.1514,326.6,862.0,418.9,945.6,True,False
Header/h67/Header_h67_f000270_t4.500.jpg,False,0.0,,,,,False,False
Header/h67/Header_h67_f000276_t4.600.jpg,False,0.0,,,,,False,False
Header/h67/Header_h67_f000282_t4.700.jpg,True,0.5386,469.1,763.6,563.3,852.2,False,False
Header/h67/Header_h67_f000288_t4.800.jpg,True,0.3669,506.5,719.4,599.2,809.1,False,False
Header/h67/Header_h67_f000294_t4.900.jpg,True,0.6655,526.0,683.0,618.9,772.7,False,False
Header/h67/Header_h67_f000300_t5.000.jpg,True,0.5216,533.1,652.2,627.3,740.9,False,False
Header/h68/Header_h68_f000000_t0.000.jpg,False,0.0,,,,,False,False
Header/h68/Header_h68_f000006_t0.100.jpg,False,0.0,,,,,False,False
Header/h68/Header_h68_f000012_t0.200.jpg,False,0.0,,,,,False,False
Header/h68/Header_h68_f000018_t0.300.jpg,False,0.0,,,,,False,False
Header/h68/Header_h68_f000024_t0.400.jpg,False,0.0,,,,,False,False
Header/h68/Header_h68_f000030_t0.500.jpg,False,0.0,,,,,False,False
Header/h68/Header_h68_f000036_t0.600.jpg,False,0.0,,,,,False,False
Header/h68/Header_h68_f000042_t0.700.jpg,False,0.0,,,,,False,False
Header/h68/Header_h68_f000048_t0.800.jpg,False,0.0,,,,,False,False
Header/h68/Header_h68_f000054_t0.900.jpg,False,0.0,,,,,False,False
Header/h68/Header_h68_f000060_t1.000.jpg,False,0.0,,,,,False,False
Header/h68/Header_h68_f000066_t1.100.jpg,False,0.0,,,,,False,False
Header/h68/Header_h68_f000072_t1.200.jpg,False,0.0,,,,,False,False
Header/h68/Header_h68_f000078_t1.300.jpg,False,0.0,,,,,False,False
Header/h68/Header_h68_f000084_t1.400.jpg,False,0.0,,,,,False,False
Header/h68/Header_h68_f000090_t1.500.jpg,True,0.2933,831.7,320.6,844.8,335.0,False,False
Header/h68/Header_h68_f000096_t1.600.jpg,False,0.0,,,,,False,False
Header/h68/Header_h68_f000102_t1.700.jpg,False,0.0,,,,,False,False
Header/h68/Header_h68_f000108_t1.800.jpg,True,0.6055,873.3,332.0,887.9,345.9,False,False
Header/h68/Header_h68_f000114_t1.900.jpg,False,0.1941,888.2,346.8,904.5,361.5,True,False
Header/h68/Header_h68_f000120_t2.000.jpg,False,0.0,,,,,False,False
Header/h68/Header_h68_f000126_t2.100.jpg,False,0.0,,,,,False,False
Header/h68/Header_h68_f000132_t2.200.jpg,False,0.0,,,,,False,False
Header/h68/Header_h68_f000138_t2.300.jpg,False,0.0,,,,,False,False
Header/h68/Header_h68_f000144_t2.400.jpg,False,0.1988,1023.0,440.6,1050.1,459.1,True,False
Header/h68/Header_h68_f000150_t2.500.jpg,False,0.2457,1100.8,422.8,1126.1,437.9,True,False
Header/h68/Header_h68_f000156_t2.600.jpg,True,0.3491,1173.4,410.6,1198.8,427.7,False,False
Header/h68/Header_h68_f000162_t2.700.jpg,False,0.0,,,,,False,False
Header/h68/Header_h68_f000168_t2.800.jpg,False,0.0,,,,,False,False
Header/h68/Header_h68_f000174_t2.900.jpg,False,0.0,,,,,False,False
Header/h68/Header_h68_f000180_t3.000.jpg,False,0.0,,,,,False,False
Header/h68/Header_h68_f000186_t3.100.jpg,False,0.0,,,,,False,False
Header/h68/Header_h68_f000192_t3.200.jpg,False,0.0,,,,,False,False
Header/h68/Header_h68_f000198_t3.300.jpg,False,0.0,,,,,False,False
Header/h68/Header_h68_f000204_t3.400.jpg,False,0.0,,,,,False,False
Header/h68/Header_h68_f000210_t3.500.jpg,False,0.0,,,,,False,False
Header/h68/Header_h68_f000216_t3.600.jpg,False,0.0,,,,,False,False
Header/h68/Header_h68_f000222_t3.700.jpg,False,0.0,,,,,False,False
Header/h68/Header_h68_f000228_t3.800.jpg,False,0.0,,,,,False,False
Header/h68/Header_h68_f000234_t3.900.jpg,False,0.0,,,,,False,False
Header/h68/Header_h68_f000240_t4.000.jpg,False,0.0,,,,,False,False
Header/h68/Header_h68_f000246_t4.100.jpg,False,0.0,,,,,False,False
Header/h68/Header_h68_f000252_t4.200.jpg,False,0.0,,,,,False,False
Header/h68/Header_h68_f000258_t4.300.jpg,False,0.0,,,,,False,False
Header/h68/Header_h68_f000264_t4.400.jpg,False,0.0,,,,,False,False
Header/h68/Header_h68_f000270_t4.500.jpg,True,0.36,1408.6,597.0,1428.3,617.0,False,False
Header/h68/Header_h68_f000276_t4.600.jpg,True,0.5133,1392.8,593.3,1412.4,612.4,False,False
Header/h68/Header_h68_f000282_t4.700.jpg,True,0.5688,1375.0,593.7,1394.5,613.9,False,False
Header/h68/Header_h68_f000288_t4.800.jpg,False,0.1833,1360.5,591.2,1381.0,610.8,True,False
Header/h68/Header_h68_f000294_t4.900.jpg,True,0.6031,1345.1,590.3,1364.6,607.9,False,False
Header/h68/Header_h68_f000300_t5.000.jpg,True,0.6304,1330.0,587.5,1349.9,606.9,False,False
Header/h68/Header_h68_f000306_t5.100.jpg,True,0.6946,1315.9,585.1,1335.5,604.3,False,False
Header/h68/Header_h68_f000312_t5.200.jpg,True,0.5887,1302.3,584.0,1322.5,602.1,False,False
Header/h68/Header_h68_f000318_t5.300.jpg,True,0.5848,1288.5,582.0,1308.6,599.4,False,False
Header/h68/Header_h68_f000324_t5.400.jpg,False,0.1,1276.1,579.0,1297.6,598.2,True,False
Header/h68/Header_h68_f000330_t5.500.jpg,False,0.0,,,,,False,False
Header/h68/Header_h68_f000336_t5.600.jpg,True,0.2902,1251.5,575.3,1270.1,594.0,False,False
Header/h68/Header_h68_f000342_t5.700.jpg,False,0.0,,,,,False,False
Header/h68/Header_h68_f000348_t5.800.jpg,True,0.6956,1226.6,573.1,1246.5,591.0,False,False
Header/h68/Header_h68_f000354_t5.900.jpg,True,0.3398,1217.0,572.2,1236.7,588.6,False,False
Header/h68/Header_h68_f000360_t6.000.jpg,True,0.4078,1205.2,569.6,1223.2,587.3,False,False
Header/h69/Header_h69_f000000_t0.000.jpg,False,0.0,,,,,False,False
Header/h69/Header_h69_f000006_t0.100.jpg,False,0.0,,,,,False,False
Header/h69/Header_h69_f000012_t0.200.jpg,False,0.0,,,,,False,False
Header/h69/Header_h69_f000018_t0.300.jpg,False,0.0,,,,,False,False
Header/h69/Header_h69_f000024_t0.400.jpg,False,0.0,,,,,False,False
Header/h69/Header_h69_f000030_t0.500.jpg,False,0.0,,,,,False,False
Header/h69/Header_h69_f000036_t0.600.jpg,False,0.0,,,,,False,False
Header/h69/Header_h69_f000042_t0.700.jpg,False,0.0,,,,,False,False
Header/h69/Header_h69_f000048_t0.800.jpg,False,0.0,,,,,False,False
Header/h69/Header_h69_f000054_t0.900.jpg,False,0.0,,,,,False,False
Header/h69/Header_h69_f000060_t1.000.jpg,False,0.0,,,,,False,False
Header/h69/Header_h69_f000066_t1.100.jpg,False,0.0,,,,,False,False
Header/h69/Header_h69_f000072_t1.200.jpg,False,0.0,,,,,False,False
Header/h69/Header_h69_f000078_t1.300.jpg,False,0.0,,,,,False,False
Header/h69/Header_h69_f000084_t1.400.jpg,False,0.0,,,,,False,False
Header/h69/Header_h69_f000090_t1.500.jpg,False,0.0,,,,,False,False
Header/h69/Header_h69_f000096_t1.600.jpg,False,0.0,,,,,False,False
Header/h69/Header_h69_f000102_t1.700.jpg,False,0.0,,,,,False,False
Header/h69/Header_h69_f000108_t1.800.jpg,False,0.0,,,,,False,False
Header/h69/Header_h69_f000114_t1.900.jpg,False,0.0,,,,,False,False
Header/h69/Header_h69_f000120_t2.000.jpg,False,0.0,,,,,False,False
Header/h69/Header_h69_f000126_t2.100.jpg,False,0.0,,,,,False,False
Header/h69/Header_h69_f000132_t2.200.jpg,False,0.1018,114.7,102.4,136.5,138.4,True,False
Header/h69/Header_h69_f000138_t2.300.jpg,False,0.0,,,,,False,False
Header/h69/Header_h69_f000144_t2.400.jpg,False,0.0,,,,,False,False
Header/h69/Header_h69_f000150_t2.500.jpg,True,0.2856,934.3,407.7,954.6,431.6,False,False
Header/h69/Header_h69_f000156_t2.600.jpg,False,0.0,,,,,False,False
Header/h69/Header_h69_f000162_t2.700.jpg,False,0.2486,895.7,539.8,915.2,561.9,True,False
Header/h69/Header_h69_f000168_t2.800.jpg,False,0.0,,,,,False,False
Header/h69/Header_h69_f000174_t2.900.jpg,True,0.3687,827.7,605.5,848.6,624.3,False,False
Header/h69/Header_h69_f000180_t3.000.jpg,False,0.116,794.0,626.4,815.3,649.5,True,False
Header/h69/Header_h69_f000186_t3.100.jpg,True,0.4948,761.1,659.1,782.2,680.3,False,False
Header/h69/Header_h69_f000192_t3.200.jpg,True,0.4812,729.4,698.4,751.4,720.5,False,False
Header/h69/Header_h69_f000198_t3.300.jpg,True,0.5208,703.7,692.9,723.7,715.1,False,False
Header/h69/Header_h69_f000204_t3.400.jpg,True,0.5926,677.2,660.5,698.0,680.8,False,False
Header/h69/Header_h69_f000210_t3.500.jpg,True,0.4604,652.5,636.3,671.6,655.3,False,False
Header/h69/Header_h69_f000216_t3.600.jpg,True,0.3322,628.3,619.4,648.8,638.3,False,False
Header/h69/Header_h69_f000222_t3.700.jpg,True,0.3941,603.5,611.1,624.1,630.8,False,False
Header/h69/Header_h69_f000228_t3.800.jpg,True,0.3931,580.6,609.1,600.6,629.8,False,False
Header/h69/Header_h69_f000234_t3.900.jpg,True,0.5583,560.2,615.4,578.6,635.0,False,False
Header/h69/Header_h69_f000240_t4.000.jpg,False,0.0,,,,,False,False
Header/h69/Header_h69_f000246_t4.100.jpg,False,0.0,,,,,False,False
Header/h69/Header_h69_f000252_t4.200.jpg,False,0.1193,686.1,589.1,728.9,610.7,True,False
Header/h69/Header_h69_f000258_t4.300.jpg,False,0.0,,,,,False,False
Header/h69/Header_h69_f000264_t4.400.jpg,False,0.0,,,,,False,False
Header/h69/Header_h69_f000270_t4.500.jpg,False,0.0,,,,,False,False
Header/h69/Header_h69_f000276_t4.600.jpg,False,0.0,,,,,False,False
Header/h69/Header_h69_f000282_t4.700.jpg,False,0.0,,,,,False,False
Header/h69/Header_h69_f000288_t4.800.jpg,False,0.0,,,,,False,False
Header/h69/Header_h69_f000294_t4.900.jpg,False,0.0,,,,,False,False
Header/h69/Header_h69_f000300_t5.000.jpg,True,0.3758,1725.2,547.6,1750.3,576.5,False,False
Header/h7/Header_h7_f000000_t0.000.jpg,True,0.2605,842.0,684.3,860.0,698.0,False,False
Header/h7/Header_h7_f000006_t0.100.jpg,False,0.0,,,,,False,False
Header/h7/Header_h7_f000012_t0.200.jpg,False,0.0,,,,,False,False
Header/h7/Header_h7_f000018_t0.300.jpg,False,0.0,,,,,False,False
Header/h7/Header_h7_f000024_t0.400.jpg,False,0.0,,,,,False,False
Header/h7/Header_h7_f000030_t0.500.jpg,False,0.0,,,,,False,False
Header/h7/Header_h7_f000036_t0.600.jpg,False,0.0,,,,,False,False
Header/h7/Header_h7_f000042_t0.700.jpg,False,0.0,,,,,False,False
Header/h7/Header_h7_f000048_t0.800.jpg,False,0.0,,,,,False,False
Header/h7/Header_h7_f000054_t0.900.jpg,False,0.0,,,,,False,False
Header/h7/Header_h7_f000060_t1.000.jpg,False,0.0,,,,,False,False
Header/h7/Header_h7_f000066_t1.100.jpg,False,0.0,,,,,False,False
Header/h7/Header_h7_f000072_t1.200.jpg,False,0.0,,,,,False,False
Header/h7/Header_h7_f000078_t1.300.jpg,False,0.0,,,,,False,False
Header/h7/Header_h7_f000084_t1.400.jpg,False,0.0,,,,,False,False
Header/h7/Header_h7_f000090_t1.500.jpg,False,0.0,,,,,False,False
Header/h7/Header_h7_f000096_t1.600.jpg,False,0.0,,,,,False,False
Header/h7/Header_h7_f000102_t1.700.jpg,False,0.0,,,,,False,False
Header/h7/Header_h7_f000108_t1.800.jpg,False,0.0,,,,,False,False
Header/h7/Header_h7_f000114_t1.900.jpg,False,0.0,,,,,False,False
Header/h7/Header_h7_f000120_t2.000.jpg,False,0.0,,,,,False,False
Header/h7/Header_h7_f000126_t2.100.jpg,False,0.0,,,,,False,False
Header/h7/Header_h7_f000132_t2.200.jpg,False,0.0,,,,,False,False
Header/h7/Header_h7_f000138_t2.300.jpg,False,0.0,,,,,False,False
Header/h7/Header_h7_f000144_t2.400.jpg,False,0.0,,,,,False,False
Header/h7/Header_h7_f000150_t2.500.jpg,False,0.1902,753.7,661.9,767.7,676.0,True,False
Header/h7/Header_h7_f000156_t2.600.jpg,False,0.0,,,,,False,False
Header/h7/Header_h7_f000162_t2.700.jpg,True,0.3199,715.6,680.7,729.9,696.3,False,False
Header/h7/Header_h7_f000168_t2.800.jpg,False,0.179,706.5,675.1,722.8,691.5,True,False
Header/h7/Header_h7_f000174_t2.900.jpg,False,0.0,,,,,False,False
Header/h7/Header_h7_f000180_t3.000.jpg,False,0.0,,,,,False,False
Header/h7/Header_h7_f000186_t3.100.jpg,False,0.1047,706.3,674.5,724.4,691.6,True,False
Header/h7/Header_h7_f000192_t3.200.jpg,True,0.3056,711.4,675.0,730.2,691.8,False,False
Header/h7/Header_h7_f000198_t3.300.jpg,False,0.0,,,,,False,False
Header/h7/Header_h7_f000204_t3.400.jpg,False,0.0,,,,,False,False
Header/h7/Header_h7_f000210_t3.500.jpg,False,0.0,,,,,False,False
Header/h7/Header_h7_f000216_t3.600.jpg,False,0.0,,,,,False,False
Header/h7/Header_h7_f000222_t3.700.jpg,False,0.0,,,,,False,False
Header/h7/Header_h7_f000228_t3.800.jpg,False,0.0,,,,,False,False
Header/h7/Header_h7_f000234_t3.900.jpg,False,0.0,,,,,False,False
Header/h7/Header_h7_f000240_t4.000.jpg,False,0.0,,,,,False,False
Header/h7/Header_h7_f000246_t4.100.jpg,False,0.0,,,,,False,False
Header/h7/Header_h7_f000252_t4.200.jpg,False,0.0,,,,,False,False
Header/h7/Header_h7_f000258_t4.300.jpg,False,0.0,,,,,False,False
Header/h7/Header_h7_f000264_t4.400.jpg,False,0.0,,,,,False,False
Header/h7/Header_h7_f000270_t4.500.jpg,False,0.0,,,,,False,False
Header/h7/Header_h7_f000276_t4.600.jpg,False,0.0,,,,,False,False
Header/h7/Header_h7_f000282_t4.700.jpg,False,0.0,,,,,False,False
Header/h7/Header_h7_f000288_t4.800.jpg,False,0.0,,,,,False,False
Header/h7/Header_h7_f000294_t4.900.jpg,False,0.0,,,,,False,False
Header/h7/Header_h7_f000300_t5.000.jpg,False,0.0,,,,,False,False
Header/h70/Header_h70_f000000_t0.000.jpg,False,0.0,,,,,False,False
Header/h70/Header_h70_f000006_t0.100.jpg,False,0.184,1502.6,674.1,1550.0,725.8,True,False
Header/h70/Header_h70_f000012_t0.200.jpg,False,0.0,,,,,False,False
Header/h70/Header_h70_f000018_t0.300.jpg,False,0.0,,,,,False,False
Header/h70/Header_h70_f000024_t0.400.jpg,False,0.0,,,,,False,False
Header/h70/Header_h70_f000030_t0.500.jpg,False,0.0,,,,,False,False
Header/h70/Header_h70_f000036_t0.600.jpg,False,0.2391,341.8,517.8,359.6,534.0,True,False
Header/h70/Header_h70_f000042_t0.700.jpg,True,0.481,364.9,501.0,380.3,515.2,False,False
Header/h70/Header_h70_f000048_t0.800.jpg,True,0.2537,386.6,489.3,402.9,505.7,False,False
Header/h70/Header_h70_f000054_t0.900.jpg,False,0.0,,,,,False,False
Header/h70/Header_h70_f000060_t1.000.jpg,False,0.0,,,,,False,False
Header/h70/Header_h70_f000066_t1.100.jpg,False,0.1194,442.8,460.4,458.3,475.2,True,False
Header/h70/Header_h70_f000072_t1.200.jpg,True,0.4776,452.5,456.2,465.2,469.6,False,False
Header/h70/Header_h70_f000078_t1.300.jpg,True,0.4243,459.4,444.3,474.2,458.1,False,False
Header/h70/Header_h70_f000084_t1.400.jpg,False,0.0,,,,,False,False
Header/h70/Header_h70_f000090_t1.500.jpg,False,0.0,,,,,False,False
Header/h70/Header_h70_f000096_t1.600.jpg,False,0.0,,,,,False,False
Header/h70/Header_h70_f000102_t1.700.jpg,False,0.0,,,,,False,False
Header/h70/Header_h70_f000108_t1.800.jpg,False,0.0,,,,,False,False
Header/h70/Header_h70_f000114_t1.900.jpg,False,0.2362,488.0,407.2,501.6,420.1,True,False
Header/h70/Header_h70_f000120_t2.000.jpg,True,0.3507,487.9,403.7,501.3,417.1,False,False
Header/h70/Header_h70_f000126_t2.100.jpg,True,0.286,485.3,401.2,499.4,413.9,False,False
Header/h70/Header_h70_f000132_t2.200.jpg,False,0.1201,481.4,397.0,494.7,410.0,True,False
Header/h70/Header_h70_f000138_t2.300.jpg,False,0.0,,,,,False,False
Header/h70/Header_h70_f000144_t2.400.jpg,False,0.0,,,,,False,False
Header/h70/Header_h70_f000150_t2.500.jpg,False,0.0,,,,,False,False
Header/h70/Header_h70_f000156_t2.600.jpg,False,0.0,,,,,False,False
Header/h70/Header_h70_f000162_t2.700.jpg,False,0.0,,,,,False,False
Header/h70/Header_h70_f000168_t2.800.jpg,False,0.0,,,,,False,False
Header/h70/Header_h70_f000174_t2.900.jpg,False,0.0,,,,,False,False
Header/h70/Header_h70_f000180_t3.000.jpg,False,0.0,,,,,False,False
Header/h70/Header_h70_f000186_t3.100.jpg,False,0.0,,,,,False,False
Header/h70/Header_h70_f000192_t3.200.jpg,False,0.0,,,,,False,False
Header/h70/Header_h70_f000198_t3.300.jpg,False,0.0,,,,,False,False
Header/h70/Header_h70_f000204_t3.400.jpg,False,0.0,,,,,False,False
Header/h70/Header_h70_f000210_t3.500.jpg,False,0.0,,,,,False,False
Header/h70/Header_h70_f000216_t3.600.jpg,False,0.1122,1009.6,36.0,1030.6,58.7,True,False
Header/h70/Header_h70_f000222_t3.700.jpg,False,0.1515,933.0,252.7,949.9,267.0,True,False
Header/h70/Header_h70_f000228_t3.800.jpg,True,0.3307,966.6,262.6,982.6,276.8,False,False
Header/h70/Header_h70_f000234_t3.900.jpg,False,0.0,,,,,False,False
Header/h70/Header_h70_f000240_t4.000.jpg,False,0.0,,,,,False,False
Header/h70/Header_h70_f000246_t4.100.jpg,False,0.0,,,,,False,False
Header/h70/Header_h70_f000252_t4.200.jpg,True,0.2789,1082.2,350.8,1097.0,367.8,False,False
Header/h70/Header_h70_f000258_t4.300.jpg,False,0.0,,,,,False,False
Header/h70/Header_h70_f000264_t4.400.jpg,False,0.0,,,,,False,False
Header/h70/Header_h70_f000270_t4.500.jpg,False,0.1055,1157.1,423.6,1174.2,447.0,True,False
Header/h70/Header_h70_f000276_t4.600.jpg,False,0.0,,,,,False,False
Header/h70/Header_h70_f000282_t4.700.jpg,True,0.342,1177.0,403.7,1190.4,414.1,False,False
Header/h70/Header_h70_f000288_t4.800.jpg,False,0.194,1866.9,565.5,1886.1,580.6,True,False
Header/h70/Header_h70_f000294_t4.900.jpg,True,0.25,1846.1,565.6,1865.4,581.4,False,False
Header/h70/Header_h70_f000300_t5.000.jpg,False,0.0,,,,,False,False
Header/h70/Header_h70_f000306_t5.100.jpg,False,0.0,,,,,False,False
Header/h70/Header_h70_f000312_t5.200.jpg,False,0.0,,,,,False,False
Header/h70/Header_h70_f000318_t5.300.jpg,False,0.1158,1807.2,564.7,1824.2,583.7,True,False
Header/h70/Header_h70_f000324_t5.400.jpg,True,0.2819,1807.7,567.8,1823.5,584.7,False,False
Header/h70/Header_h70_f000330_t5.500.jpg,True,0.42,1807.1,568.3,1823.7,586.6,False,False
Header/h70/Header_h70_f000336_t5.600.jpg,True,0.479,1805.6,569.7,1823.0,587.3,False,False
Header/h70/Header_h70_f000342_t5.700.jpg,True,0.4207,1799.8,569.3,1818.4,587.2,False,False
Header/h70/Header_h70_f000348_t5.800.jpg,True,0.2704,1794.8,570.0,1813.5,587.3,False,False
Header/h70/Header_h70_f000354_t5.900.jpg,False,0.0,,,,,False,False
Header/h70/Header_h70_f000360_t6.000.jpg,True,0.4377,1785.6,569.6,1803.0,589.5,False,False
Header/h71/Header_h71_f000000_t0.000.jpg,False,0.0,,,,,False,False
Header/h71/Header_h71_f000006_t0.100.jpg,False,0.0,,,,,False,False
Header/h71/Header_h71_f000012_t0.200.jpg,False,0.0,,,,,False,False
Header/h71/Header_h71_f000018_t0.300.jpg,False,0.0,,,,,False,False
Header/h71/Header_h71_f000024_t0.400.jpg,False,0.0,,,,,False,False
Header/h71/Header_h71_f000030_t0.500.jpg,False,0.0,,,,,False,False
Header/h71/Header_h71_f000036_t0.600.jpg,False,0.0,,,,,False,False
Header/h71/Header_h71_f000042_t0.700.jpg,False,0.0,,,,,False,False
Header/h71/Header_h71_f000048_t0.800.jpg,False,0.0,,,,,False,False
Header/h71/Header_h71_f000054_t0.900.jpg,False,0.0,,,,,False,False
Header/h71/Header_h71_f000060_t1.000.jpg,False,0.0,,,,,False,False
Header/h71/Header_h71_f000066_t1.100.jpg,False,0.0,,,,,False,False
Header/h71/Header_h71_f000072_t1.200.jpg,False,0.0,,,,,False,False
Header/h71/Header_h71_f000078_t1.300.jpg,False,0.0,,,,,False,False
Header/h71/Header_h71_f000084_t1.400.jpg,False,0.0,,,,,False,False
Header/h71/Header_h71_f000090_t1.500.jpg,False,0.0,,,,,False,False
Header/h71/Header_h71_f000096_t1.600.jpg,False,0.1858,1129.5,254.1,1142.3,265.8,True,False
Header/h71/Header_h71_f000102_t1.700.jpg,False,0.2351,1135.3,252.7,1148.4,268.2,True,False
Header/h71/Header_h71_f000108_t1.800.jpg,False,0.1389,1137.5,256.7,1152.0,271.7,True,False
Header/h71/Header_h71_f000114_t1.900.jpg,False,0.0,,,,,False,False
Header/h71/Header_h71_f000120_t2.000.jpg,False,0.0,,,,,False,False
Header/h71/Header_h71_f000126_t2.100.jpg,False,0.0,,,,,False,False
Header/h71/Header_h71_f000132_t2.200.jpg,False,0.0,,,,,False,False
Header/h71/Header_h71_f000138_t2.300.jpg,False,0.0,,,,,False,False
Header/h71/Header_h71_f000144_t2.400.jpg,False,0.0,,,,,False,False
Header/h71/Header_h71_f000150_t2.500.jpg,False,0.0,,,,,False,False
Header/h71/Header_h71_f000156_t2.600.jpg,False,0.0,,,,,False,False
Header/h71/Header_h71_f000162_t2.700.jpg,False,0.0,,,,,False,False
Header/h71/Header_h71_f000168_t2.800.jpg,False,0.0,,,,,False,False
Header/h71/Header_h71_f000174_t2.900.jpg,False,0.0,,,,,False,False
Header/h71/Header_h71_f000180_t3.000.jpg,False,0.0,,,,,False,False
Header/h71/Header_h71_f000186_t3.100.jpg,False,0.0,,,,,False,False
Header/h71/Header_h71_f000192_t3.200.jpg,False,0.0,,,,,False,False
Header/h71/Header_h71_f000198_t3.300.jpg,False,0.0,,,,,False,False
Header/h71/Header_h71_f000204_t3.400.jpg,False,0.0,,,,,False,False
Header/h71/Header_h71_f000210_t3.500.jpg,False,0.0,,,,,False,False
Header/h71/Header_h71_f000216_t3.600.jpg,False,0.0,,,,,False,False
Header/h71/Header_h71_f000222_t3.700.jpg,False,0.0,,,,,False,False
Header/h71/Header_h71_f000228_t3.800.jpg,False,0.1629,1896.2,60.1,1919.3,94.4,True,False
Header/h71/Header_h71_f000234_t3.900.jpg,False,0.0,,,,,False,False
Header/h71/Header_h71_f000240_t4.000.jpg,False,0.0,,,,,False,False
Header/h71/Header_h71_f000246_t4.100.jpg,False,0.0,,,,,False,False
Header/h71/Header_h71_f000252_t4.200.jpg,False,0.0,,,,,False,False
Header/h71/Header_h71_f000258_t4.300.jpg,False,0.1081,1825.2,65.7,1848.9,93.8,True,False
Header/h71/Header_h71_f000264_t4.400.jpg,False,0.0,,,,,False,False
Header/h71/Header_h71_f000270_t4.500.jpg,True,0.3011,954.1,230.2,973.7,244.6,False,False
Header/h71/Header_h71_f000276_t4.600.jpg,False,0.0,,,,,False,False
Header/h71/Header_h71_f000282_t4.700.jpg,False,0.1532,1840.3,70.4,1865.3,96.3,True,False
Header/h71/Header_h71_f000288_t4.800.jpg,False,0.1225,1863.8,68.4,1889.8,97.7,True,False
Header/h71/Header_h71_f000294_t4.900.jpg,False,0.1084,800.3,239.0,817.2,253.4,True,False
Header/h71/Header_h71_f000300_t5.000.jpg,True,0.527,774.8,255.4,790.0,270.1,False,False
Header/h71/Header_h71_f000306_t5.100.jpg,True,0.2973,749.9,273.8,764.8,289.8,False,False
Header/h71/Header_h71_f000312_t5.200.jpg,False,0.1488,722.2,296.1,739.5,313.6,True,False
Header/h71/Header_h71_f000318_t5.300.jpg,False,0.1484,697.2,323.9,714.4,339.2,True,False
Header/h71/Header_h71_f000324_t5.400.jpg,False,0.0,,,,,False,False
Header/h71/Header_h71_f000330_t5.500.jpg,False,0.0,,,,,False,False
Header/h71/Header_h71_f000336_t5.600.jpg,False,0.0,,,,,False,False
Header/h71/Header_h71_f000342_t5.700.jpg,False,0.0,,,,,False,False
Header/h71/Header_h71_f000348_t5.800.jpg,False,0.0,,,,,False,False
Header/h71/Header_h71_f000354_t5.900.jpg,False,0.0,,,,,False,False
Header/h71/Header_h71_f000360_t6.000.jpg,False,0.0,,,,,False,False
Header/h72/Header_h72_f000000_t0.000.jpg,False,0.0,,,,,False,False
Header/h72/Header_h72_f000006_t0.100.jpg,False,0.0,,,,,False,False
Header/h72/Header_h72_f000012_t0.200.jpg,False,0.0,,,,,False,False
Header/h72/Header_h72_f000018_t0.300.jpg,False,0.0,,,,,False,False
Header/h72/Header_h72_f000024_t0.400.jpg,False,0.0,,,,,False,False
Header/h72/Header_h72_f000030_t0.500.jpg,True,0.3718,0.1,465.0,31.7,533.9,False,False
Header/h72/Header_h72_f000036_t0.600.jpg,False,0.0,,,,,False,False
Header/h72/Header_h72_f000042_t0.700.jpg,False,0.0,,,,,False,False
Header/h72/Header_h72_f000048_t0.800.jpg,True,0.6093,1119.3,127.7,1179.4,190.5,False,False
Header/h72/Header_h72_f000054_t0.900.jpg,True,0.3349,1090.3,146.5,1151.6,206.9,False,False
Header/h72/Header_h72_f000060_t1.000.jpg,True,0.7934,1063.2,164.7,1123.5,224.5,False,False
Header/h72/Header_h72_f000066_t1.100.jpg,True,0.8139,1035.7,181.4,1097.3,238.0,False,False
Header/h72/Header_h72_f000072_t1.200.jpg,True,0.7702,1012.2,200.2,1072.0,257.5,False,False
Header/h72/Header_h72_f000078_t1.300.jpg,True,0.873,989.5,221.4,1049.2,283.7,False,False
Header/h72/Header_h72_f000084_t1.400.jpg,True,0.5613,969.2,242.3,1029.9,300.6,False,False
Header/h72/Header_h72_f000090_t1.500.jpg,True,0.8343,951.8,263.8,1013.8,327.3,False,False
Header/h72/Header_h72_f000096_t1.600.jpg,True,0.8495,936.8,283.3,999.3,349.7,False,False
Header/h72/Header_h72_f000102_t1.700.jpg,True,0.8791,917.4,316.8,983.1,385.9,False,False
Header/h72/Header_h72_f000108_t1.800.jpg,True,0.8439,909.1,344.6,973.3,416.3,False,False
Header/h72/Header_h72_f000114_t1.900.jpg,True,0.741,906.1,376.5,972.3,450.0,False,False
Header/h72/Header_h72_f000120_t2.000.jpg,True,0.4154,938.2,393.3,1014.9,459.7,False,False
Header/h72/Header_h72_f000126_t2.100.jpg,False,0.0,,,,,False,False
Header/h72/Header_h72_f000132_t2.200.jpg,False,0.1121,1098.5,394.4,1173.7,460.5,True,False
Header/h72/Header_h72_f000138_t2.300.jpg,False,0.0,,,,,False,False
Header/h72/Header_h72_f000144_t2.400.jpg,True,0.7363,1269.0,410.4,1346.6,480.7,False,False
Header/h72/Header_h72_f000150_t2.500.jpg,True,0.8118,1345.5,420.1,1425.6,494.6,False,False
Header/h72/Header_h72_f000156_t2.600.jpg,True,0.8662,1412.1,432.3,1491.9,507.2,False,False
Header/h72/Header_h72_f000162_t2.700.jpg,True,0.8789,1463.5,438.0,1543.5,517.5,False,False
Header/h72/Header_h72_f000168_t2.800.jpg,True,0.8741,1488.3,446.2,1568.9,528.9,False,False
Header/h72/Header_h72_f000174_t2.900.jpg,True,0.8609,1483.7,462.4,1566.9,542.1,False,False
Header/h72/Header_h72_f000180_t3.000.jpg,True,0.8223,1457.4,488.9,1542.5,576.3,False,False
Header/h72/Header_h72_f000186_t3.100.jpg,True,0.8659,1428.0,516.6,1514.8,602.3,False,False
Header/h72/Header_h72_f000192_t3.200.jpg,False,0.0,,,,,False,False
Header/h72/Header_h72_f000198_t3.300.jpg,True,0.8518,1426.1,587.3,1515.4,677.3,False,False
Header/h72/Header_h72_f000204_t3.400.jpg,True,0.8839,1453.8,627.5,1545.9,724.3,False,False
Header/h72/Header_h72_f000210_t3.500.jpg,True,0.3154,1428.8,680.6,1503.2,759.9,False,False
Header/h72/Header_h72_f000216_t3.600.jpg,False,0.0,,,,,False,False
Header/h72/Header_h72_f000222_t3.700.jpg,True,0.523,1374.3,753.2,1445.7,865.3,False,False
Header/h72/Header_h72_f000228_t3.800.jpg,True,0.8554,1322.7,819.5,1423.2,924.2,False,False
Header/h72/Header_h72_f000234_t3.900.jpg,True,0.8918,1318.9,869.2,1426.2,977.1,False,False
Header/h72/Header_h72_f000240_t4.000.jpg,True,0.8775,1324.5,801.2,1435.2,912.7,False,False
Header/h73/Header_h73_f000000_t0.000.jpg,True,0.8523,943.6,657.1,1023.4,750.0,False,False
Header/h73/Header_h73_f000006_t0.100.jpg,False,0.0,,,,,False,False
Header/h73/Header_h73_f000012_t0.200.jpg,True,0.8804,1104.3,334.3,1185.1,415.3,False,False
Header/h73/Header_h73_f000018_t0.300.jpg,False,0.0,,,,,False,False
Header/h73/Header_h73_f000024_t0.400.jpg,True,0.8679,1124.5,186.7,1196.9,258.4,False,False
Header/h73/Header_h73_f000030_t0.500.jpg,False,0.18,1096.8,168.0,1166.5,236.3,True,False
Header/h73/Header_h73_f000036_t0.600.jpg,True,0.8355,1054.5,177.1,1124.2,242.3,False,False
Header/h73/Header_h73_f000042_t0.700.jpg,True,0.5006,1019.2,203.0,1085.5,263.7,False,False
Header/h73/Header_h73_f000048_t0.800.jpg,True,0.3378,992.8,232.1,1057.0,296.0,False,False
Header/h73/Header_h73_f000054_t0.900.jpg,True,0.7425,970.3,244.4,1034.1,306.9,False,False
Header/h73/Header_h73_f000060_t1.000.jpg,True,0.7013,942.1,240.2,1007.9,306.4,False,False
Header/h73/Header_h73_f000066_t1.100.jpg,True,0.5103,913.1,231.0,979.4,296.5,False,False
Header/h73/Header_h73_f000072_t1.200.jpg,True,0.5464,883.5,223.4,953.9,287.5,False,False
Header/h73/Header_h73_f000078_t1.300.jpg,True,0.6574,851.2,225.8,921.1,295.1,False,False
Header/h73/Header_h73_f000084_t1.400.jpg,True,0.6965,832.6,243.9,904.0,321.9,False,False
Header/h73/Header_h73_f000090_t1.500.jpg,True,0.3711,825.3,277.8,894.9,351.4,False,False
Header/h73/Header_h73_f000096_t1.600.jpg,False,0.2336,840.0,326.2,909.3,400.2,True,False
Header/h73/Header_h73_f000102_t1.700.jpg,True,0.8502,897.7,388.9,965.9,462.1,False,False
Header/h73/Header_h73_f000108_t1.800.jpg,True,0.4319,981.6,462.2,1055.7,526.7,False,False
Header/h73/Header_h73_f000114_t1.900.jpg,False,0.0,,,,,False,False
Header/h73/Header_h73_f000120_t2.000.jpg,False,0.0,,,,,False,False
Header/h73/Header_h73_f000126_t2.100.jpg,False,0.131,654.1,570.3,737.8,637.1,True,False
Header/h73/Header_h73_f000132_t2.200.jpg,True,0.4596,515.9,610.8,596.5,670.4,False,False
Header/h73/Header_h73_f000138_t2.300.jpg,False,0.0,,,,,False,False
Header/h73/Header_h73_f000144_t2.400.jpg,False,0.202,262.6,693.1,325.2,759.4,True,False
Header/h73/Header_h73_f000150_t2.500.jpg,True,0.5857,141.7,738.9,211.0,803.8,False,False
Header/h73/Header_h73_f000156_t2.600.jpg,True,0.8749,34.2,782.7,112.7,852.6,False,False
Header/h73/Header_h73_f000162_t2.700.jpg,False,0.0,,,,,False,False
Header/h73/Header_h73_f000168_t2.800.jpg,False,0.0,,,,,False,False
Header/h73/Header_h73_f000174_t2.900.jpg,False,0.0,,,,,False,False
Header/h73/Header_h73_f000180_t3.000.jpg,True,0.8182,80.9,941.5,153.3,1010.4,False,False
Header/h73/Header_h73_f000186_t3.100.jpg,False,0.1063,883.2,470.0,987.2,558.5,True,False
Header/h73/Header_h73_f000192_t3.200.jpg,False,0.1119,1149.8,428.2,1250.0,501.4,True,False
Header/h73/Header_h73_f000198_t3.300.jpg,True,0.4074,524.2,824.5,595.0,892.6,False,False
Header/h73/Header_h73_f000204_t3.400.jpg,False,0.1547,1637.2,325.3,1731.1,410.0,True,False
Header/h73/Header_h73_f000210_t3.500.jpg,True,0.5242,1831.7,279.7,1918.8,359.9,False,False
Header/h73/Header_h73_f000216_t3.600.jpg,False,0.0,,,,,False,False
Header/h73/Header_h73_f000222_t3.700.jpg,False,0.1484,318.7,770.2,385.9,835.3,True,False
Header/h73/Header_h73_f000228_t3.800.jpg,False,0.0,,,,,False,False
Header/h73/Header_h73_f000234_t3.900.jpg,False,0.1043,1208.2,879.0,1252.0,907.8,True,False
Header/h73/Header_h73_f000240_t4.000.jpg,False,0.0,,,,,False,False
Header/h74/Header_h74_f000000_t0.000.jpg,False,0.0,,,,,False,False
Header/h74/Header_h74_f000006_t0.100.jpg,False,0.1074,56.7,568.4,187.0,678.5,True,False
Header/h74/Header_h74_f000012_t0.200.jpg,False,0.0,,,,,False,False
Header/h74/Header_h74_f000018_t0.300.jpg,False,0.0,,,,,False,False
Header/h74/Header_h74_f000024_t0.400.jpg,True,0.4777,617.1,472.6,729.1,579.1,False,False
Header/h74/Header_h74_f000030_t0.500.jpg,False,0.0,,,,,False,False
Header/h74/Header_h74_f000036_t0.600.jpg,False,0.0,,,,,False,False
Header/h74/Header_h74_f000042_t0.700.jpg,False,0.0,,,,,False,False
Header/h74/Header_h74_f000048_t0.800.jpg,False,0.0,,,,,False,False
Header/h74/Header_h74_f000054_t0.900.jpg,False,0.0,,,,,False,False
Header/h74/Header_h74_f000060_t1.000.jpg,False,0.0,,,,,False,False
Header/h74/Header_h74_f000066_t1.100.jpg,False,0.0,,,,,False,False
Header/h74/Header_h74_f000072_t1.200.jpg,False,0.0,,,,,False,False
Header/h74/Header_h74_f000078_t1.300.jpg,False,0.0,,,,,False,False
Header/h74/Header_h74_f000084_t1.400.jpg,False,0.0,,,,,False,False
Header/h74/Header_h74_f000090_t1.500.jpg,False,0.0,,,,,False,False
Header/h74/Header_h74_f000096_t1.600.jpg,False,0.0,,,,,False,False
Header/h74/Header_h74_f000102_t1.700.jpg,False,0.0,,,,,False,False
Header/h74/Header_h74_f000108_t1.800.jpg,False,0.1373,478.6,465.7,531.1,524.6,True,False
Header/h74/Header_h74_f000114_t1.900.jpg,True,0.6075,1176.6,257.4,1281.5,365.8,False,False
Header/h74/Header_h74_f000120_t2.000.jpg,True,0.8502,1275.9,357.5,1383.4,462.0,False,False
Header/h74/Header_h74_f000126_t2.100.jpg,True,0.3434,374.9,526.0,424.3,576.8,False,False
Header/h74/Header_h74_f000132_t2.200.jpg,False,0.1853,328.9,536.4,378.7,592.4,True,False
Header/h74/Header_h74_f000138_t2.300.jpg,False,0.1232,268.5,536.8,318.5,590.5,True,False
Header/h74/Header_h74_f000144_t2.400.jpg,True,0.854,1572.7,734.4,1669.4,835.3,False,False
Header/h74/Header_h74_f000150_t2.500.jpg,True,0.8857,1589.8,810.4,1685.1,910.0,False,False
Header/h74/Header_h74_f000156_t2.600.jpg,True,0.8801,1579.3,878.3,1675.0,972.9,False,False
Header/h74/Header_h74_f000162_t2.700.jpg,True,0.8942,1548.0,937.3,1642.2,1030.5,False,False
Header/h74/Header_h74_f000168_t2.800.jpg,True,0.9125,1502.4,988.5,1594.9,1075.2,False,False
Header/h74/Header_h74_f000174_t2.900.jpg,True,0.7728,1440.8,969.0,1533.3,1067.7,False,False
Header/h74/Header_h74_f000180_t3.000.jpg,True,0.3559,1368.0,835.6,1450.1,915.7,False,False
Header/h74/Header_h74_f000186_t3.100.jpg,True,0.3546,1311.3,717.9,1387.0,788.0,False,False
Header/h74/Header_h74_f000192_t3.200.jpg,False,0.1263,1267.5,620.5,1336.7,686.2,True,False
Header/h74/Header_h74_f000198_t3.300.jpg,True,0.6239,1238.3,533.4,1301.2,597.7,False,False
Header/h74/Header_h74_f000204_t3.400.jpg,True,0.3348,1216.2,465.3,1276.8,520.1,False,False
Header/h74/Header_h74_f000210_t3.500.jpg,False,0.1817,1210.7,413.1,1255.2,457.9,True,False
Header/h74/Header_h74_f000216_t3.600.jpg,True,0.3746,1192.6,363.1,1243.6,419.0,False,False
Header/h74/Header_h74_f000222_t3.700.jpg,True,0.5243,1185.2,331.4,1233.5,379.9,False,False
Header/h74/Header_h74_f000228_t3.800.jpg,True,0.497,1185.1,310.1,1231.1,357.9,False,False
Header/h74/Header_h74_f000234_t3.900.jpg,False,0.0,,,,,False,False
Header/h74/Header_h74_f000240_t4.000.jpg,False,0.1162,1111.9,645.4,1128.5,660.7,True,False
Header/h75/Header_h75_f000000_t0.000.jpg,True,0.8961,845.0,743.5,939.9,834.7,False,False
Header/h75/Header_h75_f000006_t0.100.jpg,True,0.8818,805.4,735.1,900.8,824.4,False,False
Header/h75/Header_h75_f000012_t0.200.jpg,True,0.9042,766.7,727.6,861.5,814.5,False,False
Header/h75/Header_h75_f000018_t0.300.jpg,True,0.9138,718.9,721.0,812.9,809.1,False,False
Header/h75/Header_h75_f000024_t0.400.jpg,True,0.8874,658.8,710.2,755.9,800.2,False,False
Header/h75/Header_h75_f000030_t0.500.jpg,True,0.8943,591.1,698.1,688.9,790.3,False,False
Header/h75/Header_h75_f000036_t0.600.jpg,True,0.8957,620.5,693.5,720.3,787.4,False,False
Header/h75/Header_h75_f000042_t0.700.jpg,True,0.9022,716.3,721.7,814.8,810.0,False,False
Header/h75/Header_h75_f000048_t0.800.jpg,True,0.8947,790.7,739.7,889.4,833.7,False,False
Header/h75/Header_h75_f000054_t0.900.jpg,True,0.8924,853.1,772.9,950.4,865.7,False,False
Header/h75/Header_h75_f000060_t1.000.jpg,True,0.9027,897.1,792.8,992.2,884.9,False,False
Header/h75/Header_h75_f000066_t1.100.jpg,True,0.9027,922.0,797.3,1015.5,889.7,False,False
Header/h75/Header_h75_f000072_t1.200.jpg,True,0.9016,926.1,797.2,1021.0,892.3,False,False
Header/h75/Header_h75_f000078_t1.300.jpg,False,0.0,,,,,False,False
Header/h75/Header_h75_f000084_t1.400.jpg,False,0.0,,,,,False,False
Header/h75/Header_h75_f000090_t1.500.jpg,True,0.2643,400.0,322.3,414.2,336.0,False,False
Header/h75/Header_h75_f000096_t1.600.jpg,False,0.1875,392.2,325.5,406.1,337.7,True,False
Header/h75/Header_h75_f000102_t1.700.jpg,True,0.4072,389.1,327.3,401.5,339.1,False,False
Header/h75/Header_h75_f000108_t1.800.jpg,False,0.0,,,,,False,False
Header/h75/Header_h75_f000114_t1.900.jpg,False,0.0,,,,,False,False
Header/h75/Header_h75_f000120_t2.000.jpg,False,0.0,,,,,False,False
Header/h75/Header_h75_f000126_t2.100.jpg,False,0.0,,,,,False,False
Header/h75/Header_h75_f000132_t2.200.jpg,False,0.0,,,,,False,False
Header/h75/Header_h75_f000138_t2.300.jpg,False,0.0,,,,,False,False
Header/h75/Header_h75_f000144_t2.400.jpg,False,0.0,,,,,False,False
Header/h75/Header_h75_f000150_t2.500.jpg,False,0.0,,,,,False,False
Header/h75/Header_h75_f000156_t2.600.jpg,False,0.0,,,,,False,False
Header/h75/Header_h75_f000162_t2.700.jpg,True,0.4283,692.4,321.3,708.2,333.3,False,False
Header/h75/Header_h75_f000168_t2.800.jpg,False,0.182,724.8,324.5,742.0,337.7,True,False
Header/h75/Header_h75_f000174_t2.900.jpg,False,0.0,,,,,False,False
Header/h75/Header_h75_f000180_t3.000.jpg,False,0.0,,,,,False,False
Header/h75/Header_h75_f000186_t3.100.jpg,True,0.5604,841.3,354.7,859.0,369.4,False,False
Header/h75/Header_h75_f000192_t3.200.jpg,False,0.2466,889.2,371.9,908.2,386.2,True,False
Header/h75/Header_h75_f000198_t3.300.jpg,False,0.0,,,,,False,False
Header/h75/Header_h75_f000204_t3.400.jpg,False,0.1214,999.2,374.6,1021.5,390.9,True,False
Header/h75/Header_h75_f000210_t3.500.jpg,False,0.0,,,,,False,False
Header/h75/Header_h75_f000216_t3.600.jpg,True,0.4146,1110.5,364.7,1129.1,377.7,False,False
Header/h75/Header_h75_f000222_t3.700.jpg,False,0.0,,,,,False,False
Header/h75/Header_h75_f000228_t3.800.jpg,False,0.1135,1192.2,379.6,1213.2,395.1,True,False
Header/h75/Header_h75_f000234_t3.900.jpg,True,0.4754,1230.7,398.4,1249.2,413.7,False,False
Header/h75/Header_h75_f000240_t4.000.jpg,False,0.0,,,,,False,False
Header/h75/Header_h75_f000246_t4.100.jpg,False,0.0,,,,,False,False
Header/h75/Header_h75_f000252_t4.200.jpg,False,0.1141,1360.5,466.5,1378.5,484.9,True,False
Header/h75/Header_h75_f000258_t4.300.jpg,False,0.0,,,,,False,False
Header/h75/Header_h75_f000264_t4.400.jpg,False,0.0,,,,,False,False
Header/h75/Header_h75_f000270_t4.500.jpg,False,0.0,,,,,False,False
Header/h75/Header_h75_f000276_t4.600.jpg,False,0.0,,,,,False,False
Header/h75/Header_h75_f000282_t4.700.jpg,False,0.0,,,,,False,False
Header/h75/Header_h75_f000288_t4.800.jpg,False,0.0,,,,,False,False
Header/h75/Header_h75_f000294_t4.900.jpg,False,0.0,,,,,False,False
Header/h75/Header_h75_f000300_t5.000.jpg,False,0.0,,,,,False,False
Header/h75/Header_h75_f000306_t5.100.jpg,False,0.0,,,,,False,False
Header/h75/Header_h75_f000312_t5.200.jpg,False,0.0,,,,,False,False
Header/h75/Header_h75_f000318_t5.300.jpg,False,0.0,,,,,False,False
Header/h75/Header_h75_f000324_t5.400.jpg,False,0.0,,,,,False,False
Header/h75/Header_h75_f000330_t5.500.jpg,False,0.0,,,,,False,False
Header/h75/Header_h75_f000336_t5.600.jpg,False,0.0,,,,,False,False
Header/h75/Header_h75_f000342_t5.700.jpg,False,0.0,,,,,False,False
Header/h75/Header_h75_f000348_t5.800.jpg,False,0.0,,,,,False,False
Header/h75/Header_h75_f000354_t5.900.jpg,False,0.0,,,,,False,False
Header/h75/Header_h75_f000360_t6.000.jpg,False,0.0,,,,,False,False
Header/h76/Header_h76_f000000_t0.000.jpg,True,0.3765,246.9,388.4,366.1,452.0,False,False
Header/h76/Header_h76_f000006_t0.100.jpg,False,0.0,,,,,False,False
Header/h76/Header_h76_f000012_t0.200.jpg,False,0.0,,,,,False,False
Header/h76/Header_h76_f000018_t0.300.jpg,False,0.0,,,,,False,False
Header/h76/Header_h76_f000024_t0.400.jpg,False,0.0,,,,,False,False
Header/h76/Header_h76_f000030_t0.500.jpg,True,0.9043,638.9,844.9,754.4,947.4,False,False
Header/h76/Header_h76_f000036_t0.600.jpg,True,0.8931,565.8,850.5,680.3,954.6,False,False
Header/h76/Header_h76_f000042_t0.700.jpg,False,0.1902,603.2,816.9,755.5,921.1,True,False
Header/h76/Header_h76_f000048_t0.800.jpg,True,0.6521,894.8,738.6,1002.9,834.0,False,False
Header/h76/Header_h76_f000054_t0.900.jpg,True,0.8554,1041.0,843.7,1131.4,935.9,False,False
Header/h76/Header_h76_f000060_t1.000.jpg,True,0.8845,1064.1,773.2,1148.1,857.0,False,False
Header/h76/Header_h76_f000066_t1.100.jpg,True,0.5956,1050.0,691.3,1121.8,765.7,False,False
Header/h76/Header_h76_f000072_t1.200.jpg,True,0.9157,1016.6,641.9,1087.1,713.3,False,False
Header/h76/Header_h76_f000078_t1.300.jpg,False,0.0,,,,,False,False
Header/h76/Header_h76_f000084_t1.400.jpg,True,0.4694,927.9,562.2,994.1,626.6,False,False
Header/h76/Header_h76_f000090_t1.500.jpg,True,0.7275,907.5,498.1,971.3,564.4,False,False
Header/h76/Header_h76_f000096_t1.600.jpg,True,0.7293,884.7,429.3,944.6,492.9,False,False
Header/h76/Header_h76_f000102_t1.700.jpg,True,0.6499,849.4,383.0,911.3,443.0,False,False
Header/h76/Header_h76_f000108_t1.800.jpg,True,0.313,801.3,355.2,858.8,411.5,False,False
Header/h76/Header_h76_f000114_t1.900.jpg,False,0.1071,743.6,343.5,806.9,398.0,True,False
Header/h76/Header_h76_f000120_t2.000.jpg,True,0.7019,673.2,326.0,737.7,384.1,False,False
Header/h76/Header_h76_f000126_t2.100.jpg,False,0.0,,,,,False,False
Header/h76/Header_h76_f000132_t2.200.jpg,True,0.8437,561.2,263.6,629.8,327.5,False,False
Header/h76/Header_h76_f000138_t2.300.jpg,True,0.7785,525.1,232.0,594.6,301.1,False,False
Header/h76/Header_h76_f000144_t2.400.jpg,True,0.7855,493.8,204.1,566.7,276.3,False,False
Header/h76/Header_h76_f000150_t2.500.jpg,True,0.7093,478.6,190.2,572.3,272.4,False,False
Header/h76/Header_h76_f000156_t2.600.jpg,True,0.872,480.2,188.7,556.6,263.6,False,False
Header/h76/Header_h76_f000162_t2.700.jpg,True,0.8843,493.7,194.2,570.6,270.9,False,False
Header/h76/Header_h76_f000168_t2.800.jpg,True,0.4978,527.7,210.2,604.4,288.5,False,False
Header/h76/Header_h76_f000174_t2.900.jpg,False,0.0,,,,,False,False
Header/h76/Header_h76_f000180_t3.000.jpg,True,0.8898,632.4,252.1,707.5,331.0,False,False
Header/h76/Header_h76_f000186_t3.100.jpg,True,0.8244,682.8,275.0,765.9,352.9,False,False
Header/h76/Header_h76_f000192_t3.200.jpg,True,0.5818,735.4,295.3,814.2,372.4,False,False
Header/h76/Header_h76_f000198_t3.300.jpg,True,0.5962,782.5,317.8,865.3,399.9,False,False
Header/h76/Header_h76_f000204_t3.400.jpg,False,0.1254,805.3,312.9,891.2,390.0,True,False
Header/h76/Header_h76_f000210_t3.500.jpg,False,0.0,,,,,False,False
Header/h76/Header_h76_f000216_t3.600.jpg,True,0.748,780.7,222.1,859.0,302.7,False,False
Header/h76/Header_h76_f000222_t3.700.jpg,True,0.8633,773.3,191.0,848.7,270.4,False,False
Header/h76/Header_h76_f000228_t3.800.jpg,True,0.8007,779.3,157.1,851.7,235.1,False,False
Header/h76/Header_h76_f000234_t3.900.jpg,True,0.868,794.5,134.4,871.7,211.1,False,False
Header/h76/Header_h76_f000240_t4.000.jpg,True,0.7957,818.1,114.9,893.6,191.1,False,False
Header/h76/Header_h76_f000246_t4.100.jpg,True,0.4005,825.2,101.9,901.4,177.6,False,False
Header/h76/Header_h76_f000252_t4.200.jpg,False,0.0,,,,,False,False
Header/h76/Header_h76_f000258_t4.300.jpg,False,0.1291,801.2,96.2,875.2,167.4,True,False
Header/h76/Header_h76_f000264_t4.400.jpg,True,0.3829,320.5,355.5,425.0,510.6,False,False
Header/h76/Header_h76_f000270_t4.500.jpg,True,0.2689,759.4,121.2,832.2,195.4,False,False
Header/h76/Header_h76_f000276_t4.600.jpg,False,0.2105,738.1,147.0,816.6,220.6,True,False
Header/h76/Header_h76_f000282_t4.700.jpg,False,0.0,,,,,False,True
Header/h76/Header_h76_f000288_t4.800.jpg,False,0.0,,,,,False,True
Header/h76/Header_h76_f000294_t4.900.jpg,False,0.0,,,,,False,True
Header/h76/Header_h76_f000300_t5.000.jpg,False,0.0,,,,,False,True
Header/h76/Header_h76_f000306_t5.100.jpg,False,0.0,,,,,False,True
Header/h76/Header_h76_f000312_t5.200.jpg,False,0.0,,,,,False,True
Header/h76/Header_h76_f000318_t5.300.jpg,False,0.0,,,,,False,True
Header/h76/Header_h76_f000324_t5.400.jpg,False,0.0,,,,,False,True
Header/h76/Header_h76_f000330_t5.500.jpg,False,0.0,,,,,False,True
Header/h76/Header_h76_f000336_t5.600.jpg,False,0.0,,,,,False,True
Header/h76/Header_h76_f000342_t5.700.jpg,False,0.0,,,,,False,True
Header/h76/Header_h76_f000348_t5.800.jpg,False,0.0,,,,,False,True
Header/h76/Header_h76_f000354_t5.900.jpg,False,0.0,,,,,False,True
Header/h76/Header_h76_f000360_t6.000.jpg,False,0.0,,,,,False,True
Header/h76/Header_h76_f000366_t6.100.jpg,False,0.0,,,,,False,True
Header/h76/Header_h76_f000372_t6.200.jpg,True,0.8928,844.9,400.5,955.4,508.1,False,False
Header/h76/Header_h76_f000378_t6.300.jpg,True,0.8065,898.4,448.4,1005.2,558.6,False,False
Header/h76/Header_h76_f000384_t6.400.jpg,True,0.6967,954.9,511.0,1069.9,623.0,False,False
Header/h76/Header_h76_f000390_t6.500.jpg,True,0.8572,1011.3,585.1,1134.6,707.4,False,False
Header/h76/Header_h76_f000396_t6.600.jpg,True,0.4866,1074.8,688.1,1165.9,810.9,False,False
Header/h76/Header_h76_f000402_t6.700.jpg,False,0.1816,1111.6,785.6,1185.6,910.2,True,False
Header/h76/Header_h76_f000408_t6.800.jpg,False,0.1803,1069.3,847.6,1201.3,942.5,True,False
Header/h76/Header_h76_f000414_t6.900.jpg,False,0.1315,1001.1,844.1,1141.0,958.9,True,False
Header/h76/Header_h76_f000420_t7.000.jpg,True,0.6829,933.9,843.7,1061.3,960.3,False,False
Header/h77/Header_h77_f000000_t0.000.jpg,True,0.8751,48.8,809.6,196.9,956.6,False,False
Header/h77/Header_h77_f000006_t0.100.jpg,True,0.854,0.2,794.1,133.3,945.0,False,False
Header/h77/Header_h77_f000012_t0.200.jpg,False,0.0,,,,,False,False
Header/h77/Header_h77_f000018_t0.300.jpg,True,0.5096,983.3,470.7,1047.5,533.9,False,False
Header/h77/Header_h77_f000024_t0.400.jpg,False,0.0,,,,,False,False
Header/h77/Header_h77_f000030_t0.500.jpg,True,0.6218,1016.6,441.5,1071.5,499.0,False,False
Header/h77/Header_h77_f000036_t0.600.jpg,True,0.5875,1031.9,421.1,1091.4,483.4,False,False
Header/h77/Header_h77_f000042_t0.700.jpg,False,0.0,,,,,False,False
Header/h77/Header_h77_f000048_t0.800.jpg,False,0.0,,,,,False,False
Header/h77/Header_h77_f000054_t0.900.jpg,False,0.0,,,,,False,False
Header/h77/Header_h77_f000060_t1.000.jpg,True,0.717,1108.1,345.9,1171.5,409.1,False,False
Header/h77/Header_h77_f000066_t1.100.jpg,True,0.2876,1881.8,775.8,1919.5,828.0,False,False
Header/h77/Header_h77_f000072_t1.200.jpg,False,0.0,,,,,False,False
Header/h77/Header_h77_f000078_t1.300.jpg,False,0.0,,,,,False,False
Header/h77/Header_h77_f000084_t1.400.jpg,False,0.2004,1817.3,973.7,1919.1,1079.6,True,False
Header/h77/Header_h77_f000090_t1.500.jpg,True,0.4962,1867.7,1002.6,1919.2,1079.2,False,False
Header/h77/Header_h77_f000096_t1.600.jpg,False,0.2248,1245.5,340.6,1306.9,408.1,True,False
Header/h77/Header_h77_f000102_t1.700.jpg,False,0.0,,,,,False,False
Header/h77/Header_h77_f000108_t1.800.jpg,True,0.2789,1247.7,341.0,1310.2,405.0,False,False
Header/h77/Header_h77_f000114_t1.900.jpg,False,0.0,,,,,False,False
Header/h77/Header_h77_f000120_t2.000.jpg,False,0.0,,,,,False,False
Header/h77/Header_h77_f000126_t2.100.jpg,False,0.0,,,,,False,False
Header/h77/Header_h77_f000132_t2.200.jpg,False,0.0,,,,,False,False
Header/h77/Header_h77_f000138_t2.300.jpg,True,0.3374,641.7,821.7,676.3,850.6,False,False
Header/h77/Header_h77_f000144_t2.400.jpg,True,0.5271,1105.3,363.3,1185.7,439.8,False,False
Header/h77/Header_h77_f000150_t2.500.jpg,True,0.5272,1048.3,368.8,1129.2,448.0,False,False
Header/h77/Header_h77_f000156_t2.600.jpg,True,0.4935,1892.8,768.3,1919.2,814.6,False,False
Header/h77/Header_h77_f000162_t2.700.jpg,False,0.0,,,,,False,False
Header/h77/Header_h77_f000168_t2.800.jpg,True,0.7612,978.6,221.3,1064.8,309.6,False,False
Header/h77/Header_h77_f000174_t2.900.jpg,False,0.1802,974.2,160.1,1062.4,256.3,True,False
Header/h77/Header_h77_f000180_t3.000.jpg,False,0.1025,968.4,108.6,1062.8,203.5,True,False
Header/h77/Header_h77_f000186_t3.100.jpg,True,0.8043,967.7,57.6,1062.7,149.6,False,False
Header/h77/Header_h77_f000192_t3.200.jpg,False,0.0,,,,,False,False
Header/h77/Header_h77_f000198_t3.300.jpg,False,0.0,,,,,False,False
Header/h77/Header_h77_f000204_t3.400.jpg,True,0.2671,593.7,727.9,626.2,756.5,False,False
Header/h77/Header_h77_f000210_t3.500.jpg,False,0.0,,,,,False,False
Header/h77/Header_h77_f000216_t3.600.jpg,False,0.0,,,,,False,False
Header/h77/Header_h77_f000222_t3.700.jpg,False,0.0,,,,,False,False
Header/h77/Header_h77_f000228_t3.800.jpg,False,0.0,,,,,False,False
Header/h77/Header_h77_f000234_t3.900.jpg,False,0.1296,954.3,7.3,1069.6,130.7,True,False
Header/h77/Header_h77_f000240_t4.000.jpg,False,0.0,,,,,False,True
Header/h77/Header_h77_f000246_t4.100.jpg,False,0.0,,,,,False,True
Header/h77/Header_h77_f000252_t4.200.jpg,False,0.0,,,,,False,True
Header/h77/Header_h77_f000258_t4.300.jpg,False,0.0,,,,,False,True
Header/h77/Header_h77_f000264_t4.400.jpg,False,0.0,,,,,False,True
Header/h77/Header_h77_f000270_t4.500.jpg,False,0.0,,,,,False,True
Header/h77/Header_h77_f000276_t4.600.jpg,False,0.0,,,,,False,True
Header/h77/Header_h77_f000282_t4.700.jpg,False,0.0,,,,,False,True
Header/h77/Header_h77_f000288_t4.800.jpg,False,0.0,,,,,False,True
Header/h77/Header_h77_f000294_t4.900.jpg,False,0.0,,,,,False,True
Header/h77/Header_h77_f000300_t5.000.jpg,False,0.0,,,,,False,True
Header/h77/Header_h77_f000306_t5.100.jpg,False,0.0,,,,,False,True
Header/h77/Header_h77_f000312_t5.200.jpg,False,0.0,,,,,False,True
Header/h77/Header_h77_f000318_t5.300.jpg,False,0.0,,,,,False,True
Header/h77/Header_h77_f000324_t5.400.jpg,True,0.8624,906.4,720.8,1059.9,881.7,False,False
Header/h77/Header_h77_f000330_t5.500.jpg,True,0.8765,866.5,783.9,1042.7,959.0,False,False
Header/h77/Header_h77_f000336_t5.600.jpg,True,0.9054,830.0,869.6,1010.3,1050.0,False,False
Header/h77/Header_h77_f000342_t5.700.jpg,True,0.7693,788.5,977.3,975.2,1080.0,False,False
Header/h77/Header_h77_f000348_t5.800.jpg,True,0.2884,952.8,783.8,1121.0,975.0,False,False
Header/h77/Header_h77_f000354_t5.900.jpg,False,0.0,,,,,False,False
Header/h77/Header_h77_f000360_t6.000.jpg,False,0.182,1293.7,854.0,1391.8,969.0,True,False
Header/h78/Header_h78_f000000_t0.000.jpg,True,0.8699,1690.7,658.9,1740.6,702.9,False,False
Header/h78/Header_h78_f000006_t0.100.jpg,True,0.8718,1692.7,656.1,1741.8,701.1,False,False
Header/h78/Header_h78_f000012_t0.200.jpg,True,0.8834,1695.5,650.7,1744.1,697.9,False,False
Header/h78/Header_h78_f000018_t0.300.jpg,True,0.8894,1700.9,647.5,1749.8,695.0,False,False
Header/h78/Header_h78_f000024_t0.400.jpg,False,0.0,,,,,False,False
Header/h78/Header_h78_f000030_t0.500.jpg,False,0.0,,,,,False,False
Header/h78/Header_h78_f000036_t0.600.jpg,False,0.0,,,,,False,False
Header/h78/Header_h78_f000042_t0.700.jpg,False,0.0,,,,,False,False
Header/h78/Header_h78_f000048_t0.800.jpg,False,0.0,,,,,False,False
Header/h78/Header_h78_f000054_t0.900.jpg,False,0.0,,,,,False,False
Header/h78/Header_h78_f000060_t1.000.jpg,False,0.0,,,,,False,False
Header/h78/Header_h78_f000066_t1.100.jpg,False,0.0,,,,,False,False
Header/h78/Header_h78_f000072_t1.200.jpg,False,0.0,,,,,False,False
Header/h78/Header_h78_f000078_t1.300.jpg,False,0.0,,,,,False,False
Header/h78/Header_h78_f000084_t1.400.jpg,False,0.0,,,,,False,False
Header/h78/Header_h78_f000090_t1.500.jpg,False,0.0,,,,,False,False
Header/h78/Header_h78_f000096_t1.600.jpg,False,0.0,,,,,False,False
Header/h78/Header_h78_f000102_t1.700.jpg,False,0.0,,,,,False,False
Header/h78/Header_h78_f000108_t1.800.jpg,False,0.0,,,,,False,False
Header/h78/Header_h78_f000114_t1.900.jpg,False,0.0,,,,,False,False
Header/h78/Header_h78_f000120_t2.000.jpg,False,0.0,,,,,False,False
Header/h78/Header_h78_f000126_t2.100.jpg,False,0.0,,,,,False,False
Header/h78/Header_h78_f000132_t2.200.jpg,False,0.0,,,,,False,False
Header/h78/Header_h78_f000138_t2.300.jpg,False,0.0,,,,,False,False
Header/h78/Header_h78_f000144_t2.400.jpg,False,0.0,,,,,False,False
Header/h78/Header_h78_f000150_t2.500.jpg,False,0.0,,,,,False,False
Header/h78/Header_h78_f000156_t2.600.jpg,False,0.0,,,,,False,False
Header/h78/Header_h78_f000162_t2.700.jpg,False,0.0,,,,,False,False
Header/h78/Header_h78_f000168_t2.800.jpg,True,0.2582,699.9,324.4,718.2,342.2,False,False
Header/h78/Header_h78_f000174_t2.900.jpg,True,0.3532,701.3,321.1,719.0,338.3,False,False
Header/h78/Header_h78_f000180_t3.000.jpg,False,0.0,,,,,False,False
Header/h78/Header_h78_f000186_t3.100.jpg,False,0.0,,,,,False,False
Header/h78/Header_h78_f000192_t3.200.jpg,False,0.0,,,,,False,False
Header/h78/Header_h78_f000198_t3.300.jpg,False,0.0,,,,,False,False
Header/h78/Header_h78_f000204_t3.400.jpg,False,0.0,,,,,False,False
Header/h78/Header_h78_f000210_t3.500.jpg,False,0.0,,,,,False,False
Header/h78/Header_h78_f000216_t3.600.jpg,False,0.0,,,,,False,False
Header/h78/Header_h78_f000222_t3.700.jpg,False,0.0,,,,,False,False
Header/h78/Header_h78_f000228_t3.800.jpg,False,0.0,,,,,False,False
Header/h78/Header_h78_f000234_t3.900.jpg,False,0.0,,,,,False,False
Header/h78/Header_h78_f000240_t4.000.jpg,False,0.0,,,,,False,False
Header/h78/Header_h78_f000246_t4.100.jpg,True,0.4146,979.3,268.9,995.0,285.9,False,False
Header/h78/Header_h78_f000252_t4.200.jpg,True,0.363,994.7,302.7,1009.9,320.0,False,False
Header/h78/Header_h78_f000258_t4.300.jpg,True,0.2732,1009.6,345.2,1026.9,364.5,False,False
Header/h78/Header_h78_f000264_t4.400.jpg,False,0.0,,,,,False,False
Header/h78/Header_h78_f000270_t4.500.jpg,False,0.1795,1042.7,447.5,1061.1,469.2,True,False
Header/h78/Header_h78_f000276_t4.600.jpg,False,0.0,,,,,False,False
Header/h78/Header_h78_f000282_t4.700.jpg,False,0.0,,,,,False,False
Header/h78/Header_h78_f000288_t4.800.jpg,True,0.2717,1142.7,572.9,1165.2,590.8,False,False
Header/h78/Header_h78_f000294_t4.900.jpg,False,0.0,,,,,False,False
Header/h78/Header_h78_f000300_t5.000.jpg,True,0.4703,1225.0,586.4,1242.6,602.2,False,False
Header/h78/Header_h78_f000306_t5.100.jpg,True,0.4597,1256.6,567.4,1271.1,582.3,False,False
Header/h78/Header_h78_f000312_t5.200.jpg,False,0.0,,,,,False,False
Header/h78/Header_h78_f000318_t5.300.jpg,True,0.5909,1309.8,552.1,1327.5,566.9,False,False
Header/h78/Header_h78_f000324_t5.400.jpg,False,0.0,,,,,False,False
Header/h78/Header_h78_f000330_t5.500.jpg,False,0.1027,1369.4,561.5,1390.8,577.7,True,False
Header/h78/Header_h78_f000336_t5.600.jpg,False,0.2452,1397.7,575.2,1418.5,592.8,True,False
Header/h78/Header_h78_f000342_t5.700.jpg,False,0.0,,,,,False,False
Header/h78/Header_h78_f000348_t5.800.jpg,False,0.0,,,,,False,False
Header/h78/Header_h78_f000354_t5.900.jpg,False,0.0,,,,,False,False
Header/h78/Header_h78_f000360_t6.000.jpg,False,0.0,,,,,False,False
Header/h79/Header_h79_f000000_t0.000.jpg,False,0.0,,,,,False,False
Header/h79/Header_h79_f000006_t0.100.jpg,False,0.0,,,,,False,False
Header/h79/Header_h79_f000012_t0.200.jpg,False,0.0,,,,,False,False
Header/h79/Header_h79_f000018_t0.300.jpg,False,0.0,,,,,False,False
Header/h79/Header_h79_f000024_t0.400.jpg,True,0.3076,984.9,370.5,999.7,385.8,False,False
Header/h79/Header_h79_f000030_t0.500.jpg,True,0.4758,988.7,375.7,1003.4,389.1,False,False
Header/h79/Header_h79_f000036_t0.600.jpg,False,0.0,,,,,False,False
Header/h79/Header_h79_f000042_t0.700.jpg,True,0.6707,1013.9,380.3,1028.5,395.1,False,False
Header/h79/Header_h79_f000048_t0.800.jpg,False,0.2067,1032.1,383.2,1047.4,398.5,True,False
Header/h79/Header_h79_f000054_t0.900.jpg,False,0.0,,,,,False,False
Header/h79/Header_h79_f000060_t1.000.jpg,False,0.0,,,,,False,False
Header/h79/Header_h79_f000066_t1.100.jpg,False,0.0,,,,,False,False
Header/h79/Header_h79_f000072_t1.200.jpg,False,0.0,,,,,False,False
Header/h79/Header_h79_f000078_t1.300.jpg,False,0.1859,1096.3,394.3,1111.2,409.7,True,False
Header/h79/Header_h79_f000084_t1.400.jpg,False,0.1156,1102.1,396.7,1117.1,411.1,True,False
Header/h79/Header_h79_f000090_t1.500.jpg,True,0.4051,1106.2,399.4,1119.3,412.4,False,False
Header/h79/Header_h79_f000096_t1.600.jpg,True,0.3277,1109.9,400.0,1126.8,414.2,False,False
Header/h79/Header_h79_f000102_t1.700.jpg,False,0.1133,1111.8,402.3,1129.2,416.2,True,False
Header/h79/Header_h79_f000108_t1.800.jpg,True,0.3296,1129.2,301.6,1143.2,322.0,False,False
Header/h79/Header_h79_f000114_t1.900.jpg,False,0.0,,,,,False,False
Header/h79/Header_h79_f000120_t2.000.jpg,False,0.0,,,,,False,False
Header/h79/Header_h79_f000126_t2.100.jpg,False,0.0,,,,,False,False
Header/h79/Header_h79_f000132_t2.200.jpg,False,0.2205,1109.4,406.7,1125.8,423.0,True,False
Header/h79/Header_h79_f000138_t2.300.jpg,True,0.4271,1109.6,406.9,1125.3,420.5,False,False
Header/h79/Header_h79_f000144_t2.400.jpg,True,0.3348,1109.6,407.1,1125.2,422.5,False,False
Header/h79/Header_h79_f000150_t2.500.jpg,False,0.0,,,,,False,False
Header/h79/Header_h79_f000156_t2.600.jpg,False,0.0,,,,,False,False
Header/h79/Header_h79_f000162_t2.700.jpg,False,0.1537,994.8,357.5,1019.6,372.9,True,False
Header/h79/Header_h79_f000168_t2.800.jpg,False,0.1282,928.5,328.1,949.9,343.2,True,False
Header/h79/Header_h79_f000174_t2.900.jpg,True,0.4778,869.9,306.0,887.9,321.1,False,False
Header/h79/Header_h79_f000180_t3.000.jpg,False,0.0,,,,,False,False
Header/h79/Header_h79_f000186_t3.100.jpg,True,0.526,791.9,281.9,806.3,294.5,False,False
Header/h79/Header_h79_f000192_t3.200.jpg,True,0.5612,773.8,278.7,787.9,291.4,False,False
Header/h79/Header_h79_f000198_t3.300.jpg,True,0.4634,768.4,278.7,781.2,293.0,False,False
Header/h79/Header_h79_f000204_t3.400.jpg,False,0.1234,768.6,287.4,781.0,300.6,True,False
Header/h79/Header_h79_f000210_t3.500.jpg,True,0.4594,770.4,303.4,785.3,316.9,False,False
Header/h79/Header_h79_f000216_t3.600.jpg,False,0.2408,776.0,323.6,792.3,339.8,True,False
Header/h79/Header_h79_f000222_t3.700.jpg,False,0.0,,,,,False,False
Header/h79/Header_h79_f000228_t3.800.jpg,False,0.0,,,,,False,False
Header/h79/Header_h79_f000234_t3.900.jpg,False,0.0,,,,,False,False
Header/h79/Header_h79_f000240_t4.000.jpg,False,0.0,,,,,False,False
Header/h79/Header_h79_f000246_t4.100.jpg,False,0.0,,,,,False,False
Header/h79/Header_h79_f000252_t4.200.jpg,False,0.0,,,,,False,False
Header/h79/Header_h79_f000258_t4.300.jpg,False,0.1927,642.6,539.9,665.4,556.1,True,False
Header/h79/Header_h79_f000264_t4.400.jpg,True,0.4252,581.8,555.5,605.1,572.8,False,False
Header/h79/Header_h79_f000270_t4.500.jpg,True,0.4285,521.7,581.8,543.8,602.1,False,False
Header/h79/Header_h79_f000276_t4.600.jpg,False,0.0,,,,,False,False
Header/h79/Header_h79_f000282_t4.700.jpg,False,0.0,,,,,False,False
Header/h79/Header_h79_f000288_t4.800.jpg,False,0.0,,,,,False,False
Header/h79/Header_h79_f000294_t4.900.jpg,False,0.0,,,,,False,False
Header/h79/Header_h79_f000300_t5.000.jpg,False,0.0,,,,,False,False
Header/h79/Header_h79_f000306_t5.100.jpg,False,0.0,,,,,False,False
Header/h79/Header_h79_f000312_t5.200.jpg,False,0.0,,,,,False,False
Header/h79/Header_h79_f000318_t5.300.jpg,False,0.0,,,,,False,False
Header/h79/Header_h79_f000324_t5.400.jpg,False,0.2066,605.9,592.3,623.4,610.4,True,False
Header/h79/Header_h79_f000330_t5.500.jpg,False,0.0,,,,,False,False
Header/h79/Header_h79_f000336_t5.600.jpg,False,0.0,,,,,False,False
Header/h79/Header_h79_f000342_t5.700.jpg,False,0.102,627.4,568.3,645.4,585.0,True,False
Header/h79/Header_h79_f000348_t5.800.jpg,False,0.0,,,,,False,False
Header/h79/Header_h79_f000354_t5.900.jpg,False,0.0,,,,,False,False
Header/h79/Header_h79_f000360_t6.000.jpg,True,0.422,644.2,605.5,663.6,623.6,False,False
Header/h8/Header_h8_f000000_t0.000.jpg,False,0.0,,,,,False,False
Header/h8/Header_h8_f000006_t0.100.jpg,False,0.0,,,,,False,False
Header/h8/Header_h8_f000012_t0.200.jpg,False,0.0,,,,,False,False
Header/h8/Header_h8_f000018_t0.300.jpg,False,0.103,1558.9,608.4,1571.5,621.8,True,False
Header/h8/Header_h8_f000024_t0.400.jpg,False,0.2329,1552.8,605.8,1568.1,621.8,True,False
Header/h8/Header_h8_f000030_t0.500.jpg,True,0.4319,1547.9,604.3,1562.9,618.8,False,False
Header/h8/Header_h8_f000036_t0.600.jpg,False,0.1298,1546.0,602.4,1562.0,616.7,True,False
Header/h8/Header_h8_f000042_t0.700.jpg,False,0.0,,,,,False,False
Header/h8/Header_h8_f000048_t0.800.jpg,False,0.2313,1545.4,599.6,1562.7,616.1,True,False
Header/h8/Header_h8_f000054_t0.900.jpg,False,0.1327,1550.8,600.1,1565.1,616.0,True,False
Header/h8/Header_h8_f000060_t1.000.jpg,False,0.0,,,,,False,False
Header/h8/Header_h8_f000066_t1.100.jpg,False,0.0,,,,,False,False
Header/h8/Header_h8_f000072_t1.200.jpg,False,0.0,,,,,False,False
Header/h8/Header_h8_f000078_t1.300.jpg,False,0.0,,,,,False,False
Header/h8/Header_h8_f000084_t1.400.jpg,False,0.0,,,,,False,False
Header/h8/Header_h8_f000090_t1.500.jpg,False,0.0,,,,,False,False
Header/h8/Header_h8_f000096_t1.600.jpg,False,0.0,,,,,False,False
Header/h8/Header_h8_f000102_t1.700.jpg,False,0.0,,,,,False,False
Header/h8/Header_h8_f000108_t1.800.jpg,False,0.0,,,,,False,False
Header/h8/Header_h8_f000114_t1.900.jpg,False,0.1402,639.4,574.0,661.2,586.7,True,False
Header/h8/Header_h8_f000120_t2.000.jpg,False,0.1673,1876.4,404.0,1898.6,418.5,True,False
Header/h8/Header_h8_f000126_t2.100.jpg,False,0.0,,,,,False,False
Header/h8/Header_h8_f000132_t2.200.jpg,False,0.0,,,,,False,False
Header/h8/Header_h8_f000138_t2.300.jpg,False,0.0,,,,,False,False
Header/h8/Header_h8_f000144_t2.400.jpg,False,0.0,,,,,False,False
Header/h8/Header_h8_f000150_t2.500.jpg,False,0.0,,,,,False,False
Header/h8/Header_h8_f000156_t2.600.jpg,False,0.0,,,,,False,False
Header/h8/Header_h8_f000162_t2.700.jpg,False,0.0,,,,,False,False
Header/h8/Header_h8_f000168_t2.800.jpg,False,0.0,,,,,False,False
Header/h8/Header_h8_f000174_t2.900.jpg,False,0.0,,,,,False,False
Header/h8/Header_h8_f000180_t3.000.jpg,False,0.0,,,,,False,False
Header/h8/Header_h8_f000186_t3.100.jpg,False,0.0,,,,,False,False
Header/h8/Header_h8_f000192_t3.200.jpg,False,0.0,,,,,False,False
Header/h8/Header_h8_f000198_t3.300.jpg,False,0.0,,,,,False,False
Header/h8/Header_h8_f000204_t3.400.jpg,False,0.0,,,,,False,False
Header/h8/Header_h8_f000210_t3.500.jpg,False,0.0,,,,,False,False
Header/h8/Header_h8_f000216_t3.600.jpg,False,0.0,,,,,False,False
Header/h8/Header_h8_f000222_t3.700.jpg,False,0.0,,,,,False,False
Header/h8/Header_h8_f000228_t3.800.jpg,False,0.0,,,,,False,False
Header/h8/Header_h8_f000234_t3.900.jpg,False,0.0,,,,,False,False
Header/h8/Header_h8_f000240_t4.000.jpg,False,0.0,,,,,False,False
Header/h8/Header_h8_f000246_t4.100.jpg,False,0.0,,,,,False,False
Header/h8/Header_h8_f000252_t4.200.jpg,False,0.0,,,,,False,False
Header/h8/Header_h8_f000258_t4.300.jpg,False,0.0,,,,,False,False
Header/h8/Header_h8_f000264_t4.400.jpg,False,0.0,,,,,False,False
Header/h8/Header_h8_f000270_t4.500.jpg,False,0.0,,,,,False,False
Header/h8/Header_h8_f000276_t4.600.jpg,False,0.0,,,,,False,False
Header/h8/Header_h8_f000282_t4.700.jpg,False,0.0,,,,,False,False
Header/h8/Header_h8_f000288_t4.800.jpg,False,0.0,,,,,False,False
Header/h8/Header_h8_f000294_t4.900.jpg,False,0.0,,,,,False,False
Header/h8/Header_h8_f000300_t5.000.jpg,False,0.0,,,,,False,False
Header/h80/Header_h80_f000000_t0.000.jpg,False,0.0,,,,,False,True
Header/h80/Header_h80_f000006_t0.100.jpg,False,0.0,,,,,False,True
Header/h80/Header_h80_f000012_t0.200.jpg,False,0.0,,,,,False,True
Header/h80/Header_h80_f000018_t0.300.jpg,False,0.0,,,,,False,True
Header/h80/Header_h80_f000024_t0.400.jpg,True,0.8968,584.0,841.6,671.2,923.8,False,False
Header/h80/Header_h80_f000030_t0.500.jpg,True,0.8966,498.6,705.2,591.2,799.5,False,False
Header/h80/Header_h80_f000036_t0.600.jpg,True,0.8758,382.7,539.6,479.0,634.6,False,False
Header/h80/Header_h80_f000042_t0.700.jpg,True,0.8873,292.3,407.7,389.7,499.8,False,False
Header/h80/Header_h80_f000048_t0.800.jpg,True,0.8095,206.5,269.7,297.1,358.1,False,False
Header/h80/Header_h80_f000054_t0.900.jpg,True,0.8291,142.6,157.6,232.1,250.5,False,False
Header/h80/Header_h80_f000060_t1.000.jpg,True,0.906,91.4,41.1,177.8,130.9,False,False
Header/h80/Header_h80_f000066_t1.100.jpg,True,0.8226,93.9,0.5,167.5,41.6,False,False
Header/h80/Header_h80_f000072_t1.200.jpg,False,0.0,,,,,False,False
Header/h80/Header_h80_f000078_t1.300.jpg,False,0.0,,,,,False,False
Header/h80/Header_h80_f000084_t1.400.jpg,False,0.0,,,,,False,False
Header/h80/Header_h80_f000090_t1.500.jpg,False,0.0,,,,,False,False
Header/h80/Header_h80_f000096_t1.600.jpg,False,0.0,,,,,False,False
Header/h80/Header_h80_f000102_t1.700.jpg,False,0.0,,,,,False,False
Header/h80/Header_h80_f000108_t1.800.jpg,False,0.0,,,,,False,False
Header/h80/Header_h80_f000114_t1.900.jpg,True,0.3912,0.0,467.4,18.5,507.6,False,False
Header/h80/Header_h80_f000120_t2.000.jpg,False,0.0,,,,,False,False
Header/h80/Header_h80_f000126_t2.100.jpg,False,0.0,,,,,False,False
Header/h80/Header_h80_f000132_t2.200.jpg,False,0.0,,,,,False,False
Header/h80/Header_h80_f000138_t2.300.jpg,False,0.0,,,,,False,False
Header/h80/Header_h80_f000144_t2.400.jpg,False,0.0,,,,,False,False
Header/h80/Header_h80_f000150_t2.500.jpg,False,0.0,,,,,False,False
Header/h80/Header_h80_f000156_t2.600.jpg,False,0.0,,,,,False,False
Header/h80/Header_h80_f000162_t2.700.jpg,False,0.0,,,,,False,False
Header/h80/Header_h80_f000168_t2.800.jpg,False,0.0,,,,,False,False
Header/h80/Header_h80_f000174_t2.900.jpg,False,0.0,,,,,False,False
Header/h80/Header_h80_f000180_t3.000.jpg,False,0.0,,,,,False,False
Header/h80/Header_h80_f000186_t3.100.jpg,False,0.0,,,,,False,False
Header/h80/Header_h80_f000192_t3.200.jpg,False,0.0,,,,,False,False
Header/h80/Header_h80_f000198_t3.300.jpg,True,0.8749,1145.1,12.3,1212.2,79.6,False,False
Header/h80/Header_h80_f000204_t3.400.jpg,True,0.8741,1203.9,108.9,1275.1,176.4,False,False
Header/h80/Header_h80_f000210_t3.500.jpg,False,0.2228,1243.8,180.1,1298.3,250.3,True,False
Header/h80/Header_h80_f000216_t3.600.jpg,False,0.0,,,,,False,False
Header/h80/Header_h80_f000222_t3.700.jpg,True,0.8066,911.7,253.1,1001.1,320.3,False,False
Header/h80/Header_h80_f000228_t3.800.jpg,True,0.5142,733.5,292.4,818.0,362.8,False,False
Header/h80/Header_h80_f000234_t3.900.jpg,True,0.8785,562.1,343.5,651.8,417.5,False,False
Header/h80/Header_h80_f000240_t4.000.jpg,True,0.8869,395.3,400.5,485.3,476.3,False,False
Header/h80/Header_h80_f000246_t4.100.jpg,True,0.8852,228.3,466.8,321.0,542.0,False,False
Header/h80/Header_h80_f000252_t4.200.jpg,True,0.8599,62.3,536.6,156.9,615.3,False,False
Header/h80/Header_h80_f000258_t4.300.jpg,False,0.1922,0.1,615.7,16.9,674.0,True,False
Header/h80/Header_h80_f000264_t4.400.jpg,True,0.2585,1134.9,265.3,1201.7,307.2,False,False
Header/h80/Header_h80_f000270_t4.500.jpg,False,0.0,,,,,False,False
Header/h80/Header_h80_f000276_t4.600.jpg,False,0.0,,,,,False,False
Header/h80/Header_h80_f000282_t4.700.jpg,True,0.7606,0.0,893.7,73.8,972.2,False,False
Header/h80/Header_h80_f000288_t4.800.jpg,False,0.0,,,,,False,False
Header/h80/Header_h80_f000294_t4.900.jpg,False,0.0,,,,,False,False
Header/h80/Header_h80_f000300_t5.000.jpg,True,0.252,401.2,705.0,477.1,785.4,False,False
Header/h81/Header_h81_f000000_t0.000.jpg,True,0.452,1107.6,804.1,1212.1,922.6,False,False
Header/h81/Header_h81_f000006_t0.100.jpg,True,0.4198,1143.8,929.7,1242.5,1040.6,False,False
Header/h81/Header_h81_f000012_t0.200.jpg,True,0.4072,1234.5,789.0,1312.0,904.7,False,False
Header/h81/Header_h81_f000018_t0.300.jpg,True,0.8826,1279.9,725.7,1337.5,780.4,False,False
Header/h81/Header_h81_f000024_t0.400.jpg,True,0.8768,1286.1,728.2,1344.6,783.1,False,False
Header/h81/Header_h81_f000030_t0.500.jpg,True,0.8779,1298.1,730.0,1356.2,784.3,False,False
Header/h81/Header_h81_f000036_t0.600.jpg,True,0.8688,1317.3,732.8,1374.8,786.6,False,False
Header/h81/Header_h81_f000042_t0.700.jpg,True,0.8217,1229.8,632.2,1293.3,691.6,False,False
Header/h81/Header_h81_f000048_t0.800.jpg,True,0.7266,1138.7,526.0,1199.6,582.9,False,False
Header/h81/Header_h81_f000054_t0.900.jpg,False,0.0,,,,,False,False
Header/h81/Header_h81_f000060_t1.000.jpg,True,0.8216,974.8,323.8,1034.8,385.9,False,False
Header/h81/Header_h81_f000066_t1.100.jpg,False,0.0,,,,,False,False
Header/h81/Header_h81_f000072_t1.200.jpg,False,0.0,,,,,False,False
Header/h81/Header_h81_f000078_t1.300.jpg,False,0.0,,,,,False,False
Header/h81/Header_h81_f000084_t1.400.jpg,True,0.9237,921.8,182.7,982.8,241.1,False,False
Header/h81/Header_h81_f000090_t1.500.jpg,True,0.3916,943.7,176.6,1007.6,239.7,False,False
Header/h81/Header_h81_f000096_t1.600.jpg,False,0.0,,,,,False,False
Header/h81/Header_h81_f000102_t1.700.jpg,False,0.2367,989.9,168.4,1057.4,239.2,True,False
Header/h81/Header_h81_f000108_t1.800.jpg,True,0.333,1017.7,170.5,1082.3,235.0,False,False
Header/h81/Header_h81_f000114_t1.900.jpg,False,0.0,,,,,False,False
Header/h81/Header_h81_f000120_t2.000.jpg,True,0.3193,1164.8,876.0,1194.7,910.2,False,False
Header/h81/Header_h81_f000126_t2.100.jpg,False,0.0,,,,,False,False
Header/h81/Header_h81_f000132_t2.200.jpg,False,0.1398,1297.2,861.4,1314.1,892.6,True,False
Header/h81/Header_h81_f000138_t2.300.jpg,False,0.0,,,,,False,False
Header/h81/Header_h81_f000144_t2.400.jpg,True,0.5818,1041.4,235.5,1113.4,306.3,False,False
Header/h81/Header_h81_f000150_t2.500.jpg,False,0.1389,1017.2,255.6,1089.1,325.6,True,False
Header/h81/Header_h81_f000156_t2.600.jpg,True,0.5839,975.8,289.2,1050.2,367.3,False,False
Header/h81/Header_h81_f000162_t2.700.jpg,False,0.0,,,,,False,False
Header/h81/Header_h81_f000168_t2.800.jpg,False,0.0,,,,,False,False
Header/h81/Header_h81_f000174_t2.900.jpg,False,0.2155,948.4,375.4,1028.2,451.6,True,False
Header/h81/Header_h81_f000180_t3.000.jpg,False,0.1857,1894.5,950.5,1919.2,1040.4,True,False
Header/h81/Header_h81_f000186_t3.100.jpg,True,0.505,1041.6,405.7,1121.7,484.5,False,False
Header/h81/Header_h81_f000192_t3.200.jpg,True,0.6498,1079.9,417.7,1158.2,497.1,False,False
Header/h81/Header_h81_f000198_t3.300.jpg,True,0.8391,1097.6,410.2,1178.0,489.7,False,False
Header/h81/Header_h81_f000204_t3.400.jpg,True,0.8419,1094.4,404.2,1174.9,484.1,False,False
Header/h81/Header_h81_f000210_t3.500.jpg,True,0.8723,1079.8,395.1,1157.9,474.9,False,False
Header/h81/Header_h81_f000216_t3.600.jpg,True,0.8573,1067.2,383.3,1146.9,468.1,False,False
Header/h81/Header_h81_f000222_t3.700.jpg,True,0.8814,1060.6,375.5,1141.8,456.0,False,False
Header/h81/Header_h81_f000228_t3.800.jpg,True,0.9123,1052.7,366.7,1134.0,448.0,False,False
Header/h81/Header_h81_f000234_t3.900.jpg,True,0.8863,1042.3,358.2,1125.6,439.0,False,False
Header/h81/Header_h81_f000240_t4.000.jpg,True,0.9037,1036.0,353.4,1119.4,435.4,False,False
Header/h81/Header_h81_f000246_t4.100.jpg,True,0.8984,1037.6,354.7,1119.9,435.9,False,False
Header/h81/Header_h81_f000252_t4.200.jpg,False,0.1745,1045.5,364.0,1129.6,446.1,True,False
Header/h81/Header_h81_f000258_t4.300.jpg,True,0.6142,1077.2,380.5,1144.3,468.5,False,False
Header/h81/Header_h81_f000264_t4.400.jpg,False,0.0,,,,,False,False
Header/h81/Header_h81_f000270_t4.500.jpg,False,0.0,,,,,False,False
Header/h81/Header_h81_f000276_t4.600.jpg,False,0.0,,,,,False,False
Header/h81/Header_h81_f000282_t4.700.jpg,False,0.1805,1047.1,495.5,1134.6,592.4,True,False
Header/h81/Header_h81_f000288_t4.800.jpg,True,0.474,1059.0,540.9,1130.0,616.6,False,False
Header/h81/Header_h81_f000294_t4.900.jpg,True,0.6363,1059.2,600.7,1136.3,685.6,False,False
Header/h81/Header_h81_f000300_t5.000.jpg,True,0.557,1053.9,661.7,1149.5,760.6,False,False
Header/h82/Header_h82_f000000_t0.000.jpg,False,0.0,,,,,False,False
Header/h82/Header_h82_f000006_t0.100.jpg,False,0.0,,,,,False,False
Header/h82/Header_h82_f000012_t0.200.jpg,False,0.0,,,,,False,False
Header/h82/Header_h82_f000018_t0.300.jpg,True,0.2567,366.6,449.7,386.8,464.7,False,False
Header/h82/Header_h82_f000024_t0.400.jpg,True,0.3259,431.8,425.6,449.3,440.1,False,False
Header/h82/Header_h82_f000030_t0.500.jpg,True,0.3895,486.7,403.7,504.6,416.8,False,False
Header/h82/Header_h82_f000036_t0.600.jpg,False,0.0,,,,,False,False
Header/h82/Header_h82_f000042_t0.700.jpg,False,0.0,,,,,False,False
Header/h82/Header_h82_f000048_t0.800.jpg,False,0.0,,,,,False,False
Header/h82/Header_h82_f000054_t0.900.jpg,False,0.0,,,,,False,False
Header/h82/Header_h82_f000060_t1.000.jpg,False,0.0,,,,,False,False
Header/h82/Header_h82_f000066_t1.100.jpg,False,0.0,,,,,False,False
Header/h82/Header_h82_f000072_t1.200.jpg,False,0.0,,,,,False,False
Header/h82/Header_h82_f000078_t1.300.jpg,False,0.0,,,,,False,False
Header/h82/Header_h82_f000084_t1.400.jpg,True,0.261,1905.1,417.2,1918.6,443.9,False,False
Header/h82/Header_h82_f000090_t1.500.jpg,False,0.0,,,,,False,False
Header/h82/Header_h82_f000096_t1.600.jpg,False,0.0,,,,,False,False
Header/h82/Header_h82_f000102_t1.700.jpg,False,0.0,,,,,False,False
Header/h82/Header_h82_f000108_t1.800.jpg,False,0.0,,,,,False,False
Header/h82/Header_h82_f000114_t1.900.jpg,False,0.0,,,,,False,False
Header/h82/Header_h82_f000120_t2.000.jpg,False,0.0,,,,,False,False
Header/h82/Header_h82_f000126_t2.100.jpg,True,0.3354,1058.3,402.6,1070.2,416.6,False,False
Header/h82/Header_h82_f000132_t2.200.jpg,False,0.0,,,,,False,False
Header/h82/Header_h82_f000138_t2.300.jpg,False,0.0,,,,,False,False
Header/h82/Header_h82_f000144_t2.400.jpg,False,0.0,,,,,False,False
Header/h82/Header_h82_f000150_t2.500.jpg,True,0.358,1108.1,359.1,1122.4,372.6,False,False
Header/h82/Header_h82_f000156_t2.600.jpg,False,0.1169,1120.9,362.4,1133.8,375.8,True,False
Header/h82/Header_h82_f000162_t2.700.jpg,False,0.0,,,,,False,False
Header/h82/Header_h82_f000168_t2.800.jpg,False,0.0,,,,,False,False
Header/h82/Header_h82_f000174_t2.900.jpg,False,0.0,,,,,False,False
Header/h82/Header_h82_f000180_t3.000.jpg,False,0.0,,,,,False,False
Header/h82/Header_h82_f000186_t3.100.jpg,False,0.0,,,,,False,False
Header/h82/Header_h82_f000192_t3.200.jpg,False,0.0,,,,,False,False
Header/h82/Header_h82_f000198_t3.300.jpg,False,0.0,,,,,False,False
Header/h82/Header_h82_f000204_t3.400.jpg,False,0.0,,,,,False,False
Header/h82/Header_h82_f000210_t3.500.jpg,False,0.0,,,,,False,False
Header/h82/Header_h82_f000216_t3.600.jpg,False,0.0,,,,,False,False
Header/h82/Header_h82_f000222_t3.700.jpg,False,0.0,,,,,False,False
Header/h82/Header_h82_f000228_t3.800.jpg,False,0.0,,,,,False,False
Header/h82/Header_h82_f000234_t3.900.jpg,False,0.0,,,,,False,False
Header/h82/Header_h82_f000240_t4.000.jpg,False,0.0,,,,,False,False
Header/h82/Header_h82_f000246_t4.100.jpg,False,0.0,,,,,False,True
Header/h82/Header_h82_f000252_t4.200.jpg,False,0.0,,,,,False,True
Header/h82/Header_h82_f000258_t4.300.jpg,False,0.0,,,,,False,True
Header/h82/Header_h82_f000264_t4.400.jpg,False,0.0,,,,,False,True
Header/h82/Header_h82_f000270_t4.500.jpg,False,0.0,,,,,False,True
Header/h82/Header_h82_f000276_t4.600.jpg,False,0.0,,,,,False,True
Header/h82/Header_h82_f000282_t4.700.jpg,False,0.0,,,,,False,True
Header/h82/Header_h82_f000288_t4.800.jpg,False,0.0,,,,,False,True
Header/h82/Header_h82_f000294_t4.900.jpg,False,0.0,,,,,False,True
Header/h82/Header_h82_f000300_t5.000.jpg,False,0.0,,,,,False,True
Header/h83/Header_h83_f000000_t0.000.jpg,False,0.0,,,,,False,True
Header/h83/Header_h83_f000006_t0.100.jpg,False,0.0,,,,,False,True
Header/h83/Header_h83_f000012_t0.200.jpg,False,0.0,,,,,False,True
Header/h83/Header_h83_f000018_t0.300.jpg,False,0.0,,,,,False,True
Header/h83/Header_h83_f000024_t0.400.jpg,False,0.0,,,,,False,False
Header/h83/Header_h83_f000030_t0.500.jpg,False,0.0,,,,,False,True
Header/h83/Header_h83_f000036_t0.600.jpg,False,0.0,,,,,False,True
Header/h83/Header_h83_f000042_t0.700.jpg,False,0.0,,,,,False,True
Header/h83/Header_h83_f000048_t0.800.jpg,False,0.0,,,,,False,False
Header/h83/Header_h83_f000054_t0.900.jpg,True,0.356,1598.4,689.8,1651.0,740.0,False,False
Header/h83/Header_h83_f000060_t1.000.jpg,False,0.0,,,,,False,True
Header/h83/Header_h83_f000066_t1.100.jpg,False,0.0,,,,,False,True
Header/h83/Header_h83_f000072_t1.200.jpg,False,0.0,,,,,False,True
Header/h83/Header_h83_f000078_t1.300.jpg,False,0.0,,,,,False,True
Header/h83/Header_h83_f000084_t1.400.jpg,False,0.0,,,,,False,True
Header/h83/Header_h83_f000090_t1.500.jpg,False,0.0,,,,,False,True
Header/h83/Header_h83_f000096_t1.600.jpg,False,0.0,,,,,False,True
Header/h83/Header_h83_f000102_t1.700.jpg,False,0.0,,,,,False,True
Header/h83/Header_h83_f000108_t1.800.jpg,False,0.0,,,,,False,True
Header/h83/Header_h83_f000114_t1.900.jpg,False,0.0,,,,,False,True
Header/h83/Header_h83_f000120_t2.000.jpg,False,0.0,,,,,False,False
Header/h83/Header_h83_f000126_t2.100.jpg,False,0.0,,,,,False,False
Header/h83/Header_h83_f000132_t2.200.jpg,False,0.0,,,,,False,False
Header/h83/Header_h83_f000138_t2.300.jpg,False,0.0,,,,,False,False
Header/h83/Header_h83_f000144_t2.400.jpg,False,0.0,,,,,False,False
Header/h83/Header_h83_f000150_t2.500.jpg,False,0.0,,,,,False,False
Header/h83/Header_h83_f000156_t2.600.jpg,False,0.0,,,,,False,False
Header/h83/Header_h83_f000162_t2.700.jpg,False,0.0,,,,,False,False
Header/h83/Header_h83_f000168_t2.800.jpg,True,0.3734,1140.6,870.8,1185.9,909.6,False,False
Header/h83/Header_h83_f000174_t2.900.jpg,False,0.1344,908.8,399.2,963.8,448.6,True,False
Header/h83/Header_h83_f000180_t3.000.jpg,False,0.0,,,,,False,False
Header/h83/Header_h83_f000186_t3.100.jpg,False,0.0,,,,,False,False
Header/h83/Header_h83_f000192_t3.200.jpg,False,0.1005,972.8,799.8,1040.8,835.0,True,False
Header/h83/Header_h83_f000198_t3.300.jpg,False,0.156,957.1,801.0,1024.1,833.1,True,False
Header/h83/Header_h83_f000204_t3.400.jpg,False,0.0,,,,,False,False
Header/h83/Header_h83_f000210_t3.500.jpg,False,0.0,,,,,False,False
Header/h83/Header_h83_f000216_t3.600.jpg,True,0.2582,5.0,909.0,90.3,955.3,False,False
Header/h83/Header_h83_f000222_t3.700.jpg,False,0.0,,,,,False,False
Header/h83/Header_h83_f000228_t3.800.jpg,False,0.0,,,,,False,False
Header/h83/Header_h83_f000234_t3.900.jpg,True,0.3786,1144.2,753.8,1212.2,832.5,False,False
Header/h83/Header_h83_f000240_t4.000.jpg,True,0.4635,1145.1,750.9,1209.8,830.3,False,False
Header/h83/Header_h83_f000246_t4.100.jpg,True,0.3245,970.3,975.1,1010.9,1017.1,False,False
Header/h83/Header_h83_f000252_t4.200.jpg,False,0.0,,,,,False,True
Header/h83/Header_h83_f000258_t4.300.jpg,False,0.0,,,,,False,True
Header/h83/Header_h83_f000264_t4.400.jpg,False,0.0,,,,,False,True
Header/h83/Header_h83_f000270_t4.500.jpg,False,0.0,,,,,False,True
Header/h83/Header_h83_f000276_t4.600.jpg,False,0.0,,,,,False,True
Header/h83/Header_h83_f000282_t4.700.jpg,False,0.0,,,,,False,True
Header/h83/Header_h83_f000288_t4.800.jpg,False,0.0,,,,,False,True
Header/h83/Header_h83_f000294_t4.900.jpg,True,0.8739,801.9,427.6,886.7,514.8,False,False
Header/h83/Header_h83_f000300_t5.000.jpg,True,0.4557,808.6,455.1,895.1,541.8,False,False
Header/h84/Header_h84_f000000_t0.000.jpg,False,0.0,,,,,False,False
Header/h84/Header_h84_f000006_t0.100.jpg,False,0.1274,1101.5,654.5,1168.3,727.6,True,False
Header/h84/Header_h84_f000012_t0.200.jpg,False,0.0,,,,,False,False
Header/h84/Header_h84_f000018_t0.300.jpg,False,0.0,,,,,False,False
Header/h84/Header_h84_f000024_t0.400.jpg,False,0.0,,,,,False,False
Header/h84/Header_h84_f000030_t0.500.jpg,False,0.0,,,,,False,False
Header/h84/Header_h84_f000036_t0.600.jpg,False,0.0,,,,,False,False
Header/h84/Header_h84_f000042_t0.700.jpg,False,0.0,,,,,False,False
Header/h84/Header_h84_f000048_t0.800.jpg,False,0.0,,,,,False,False
Header/h84/Header_h84_f000054_t0.900.jpg,False,0.1449,912.6,730.5,960.9,780.3,True,False
Header/h84/Header_h84_f000060_t1.000.jpg,True,0.5033,1167.9,795.9,1204.5,839.0,False,False
Header/h84/Header_h84_f000066_t1.100.jpg,True,0.6181,1163.6,813.1,1246.6,881.4,False,False
Header/h84/Header_h84_f000072_t1.200.jpg,False,0.177,1145.1,815.4,1224.9,864.8,True,False
Header/h84/Header_h84_f000078_t1.300.jpg,False,0.0,,,,,False,False
Header/h84/Header_h84_f000084_t1.400.jpg,False,0.0,,,,,False,False
Header/h84/Header_h84_f000090_t1.500.jpg,False,0.0,,,,,False,False
Header/h84/Header_h84_f000096_t1.600.jpg,False,0.0,,,,,False,False
Header/h84/Header_h84_f000102_t1.700.jpg,False,0.0,,,,,False,False
Header/h84/Header_h84_f000108_t1.800.jpg,False,0.0,,,,,False,False
Header/h84/Header_h84_f000114_t1.900.jpg,False,0.0,,,,,False,False
Header/h84/Header_h84_f000120_t2.000.jpg,False,0.0,,,,,False,True
Header/h84/Header_h84_f000126_t2.100.jpg,False,0.0,,,,,False,True
Header/h84/Header_h84_f000132_t2.200.jpg,False,0.0,,,,,False,True
Header/h84/Header_h84_f000138_t2.300.jpg,False,0.0,,,,,False,True
Header/h84/Header_h84_f000144_t2.400.jpg,False,0.0,,,,,False,True
Header/h84/Header_h84_f000150_t2.500.jpg,False,0.0,,,,,False,True
Header/h84/Header_h84_f000156_t2.600.jpg,False,0.0,,,,,False,True
Header/h84/Header_h84_f000162_t2.700.jpg,False,0.0,,,,,False,True
Header/h84/Header_h84_f000168_t2.800.jpg,False,0.0,,,,,False,True
Header/h84/Header_h84_f000174_t2.900.jpg,False,0.0,,,,,False,True
Header/h84/Header_h84_f000180_t3.000.jpg,False,0.0,,,,,False,True
Header/h84/Header_h84_f000186_t3.100.jpg,False,0.0,,,,,False,True
Header/h84/Header_h84_f000192_t3.200.jpg,False,0.0,,,,,False,True
Header/h84/Header_h84_f000198_t3.300.jpg,False,0.0,,,,,False,True
Header/h84/Header_h84_f000204_t3.400.jpg,False,0.0,,,,,False,True
Header/h84/Header_h84_f000210_t3.500.jpg,False,0.0,,,,,False,True
Header/h84/Header_h84_f000216_t3.600.jpg,False,0.0,,,,,False,True
Header/h84/Header_h84_f000222_t3.700.jpg,False,0.0,,,,,False,True
Header/h84/Header_h84_f000228_t3.800.jpg,False,0.0,,,,,False,True
Header/h84/Header_h84_f000234_t3.900.jpg,False,0.0,,,,,False,True
Header/h84/Header_h84_f000240_t4.000.jpg,False,0.0,,,,,False,True
Header/h84/Header_h84_f000246_t4.100.jpg,False,0.2437,1078.1,675.5,1117.3,726.4,True,False
Header/h84/Header_h84_f000252_t4.200.jpg,False,0.0,,,,,False,False
Header/h84/Header_h84_f000258_t4.300.jpg,True,0.3201,1110.6,959.2,1140.2,986.9,False,False
Header/h84/Header_h84_f000264_t4.400.jpg,False,0.1095,1170.6,940.7,1207.5,972.5,True,False
Header/h84/Header_h84_f000270_t4.500.jpg,False,0.1753,1196.6,739.4,1254.3,800.8,True,False
Header/h84/Header_h84_f000276_t4.600.jpg,False,0.1639,1245.9,717.9,1325.4,794.3,True,False
Header/h84/Header_h84_f000282_t4.700.jpg,True,0.6668,1285.5,708.0,1357.2,778.0,False,False
Header/h84/Header_h84_f000288_t4.800.jpg,True,0.7694,1305.4,700.9,1376.5,771.1,False,False
Header/h84/Header_h84_f000294_t4.900.jpg,True,0.8194,1315.7,696.9,1384.3,766.4,False,False
Header/h84/Header_h84_f000300_t5.000.jpg,True,0.3372,1318.1,693.6,1387.2,757.3,False,False
Header/h84/Header_h84_f000306_t5.100.jpg,True,0.637,1319.2,694.8,1385.3,759.4,False,False
Header/h84/Header_h84_f000312_t5.200.jpg,True,0.8338,1320.7,701.2,1386.0,764.0,False,False
Header/h84/Header_h84_f000318_t5.300.jpg,True,0.7107,1323.4,714.0,1386.1,773.5,False,False
Header/h84/Header_h84_f000324_t5.400.jpg,True,0.3077,1417.2,701.3,1451.5,732.1,False,False
Header/h84/Header_h84_f000330_t5.500.jpg,True,0.7283,1312.5,750.4,1377.7,812.3,False,False
Header/h84/Header_h84_f000336_t5.600.jpg,True,0.8413,1300.9,771.3,1369.8,831.5,False,False
Header/h84/Header_h84_f000342_t5.700.jpg,True,0.8518,1291.1,792.7,1352.5,856.9,False,False
Header/h84/Header_h84_f000348_t5.800.jpg,True,0.6196,1269.4,788.2,1327.6,848.3,False,False
Header/h84/Header_h84_f000354_t5.900.jpg,False,0.0,,,,,False,False
Header/h84/Header_h84_f000360_t6.000.jpg,False,0.1799,1303.0,798.2,1347.9,831.0,True,False
Header/h84/Header_h84_f000366_t6.100.jpg,True,0.2669,1279.8,797.5,1317.4,827.3,False,False
Header/h84/Header_h84_f000372_t6.200.jpg,False,0.1771,1264.9,806.9,1294.8,831.2,True,False
Header/h84/Header_h84_f000378_t6.300.jpg,True,0.3343,1238.8,808.0,1277.4,835.1,False,False
Header/h84/Header_h84_f000384_t6.400.jpg,False,0.1303,1237.7,816.4,1261.7,842.5,True,False
Header/h84/Header_h84_f000390_t6.500.jpg,True,0.3316,1185.2,824.4,1219.1,858.9,False,False
Header/h84/Header_h84_f000396_t6.600.jpg,True,0.5198,1533.0,626.9,1599.9,691.4,False,False
Header/h84/Header_h84_f000402_t6.700.jpg,True,0.7697,1590.4,623.2,1658.2,685.1,False,False
Header/h84/Header_h84_f000408_t6.800.jpg,True,0.3892,903.3,523.7,932.2,565.1,False,False
Header/h84/Header_h84_f000414_t6.900.jpg,True,0.6906,1069.0,803.5,1120.7,860.6,False,False
Header/h84/Header_h84_f000420_t7.000.jpg,True,0.6081,1057.3,802.9,1112.4,855.9,False,False
Header/h85/Header_h85_f000000_t0.000.jpg,False,0.0,,,,,False,False
Header/h85/Header_h85_f000006_t0.100.jpg,False,0.0,,,,,False,False
Header/h85/Header_h85_f000012_t0.200.jpg,False,0.0,,,,,False,False
Header/h85/Header_h85_f000018_t0.300.jpg,False,0.2233,1016.5,376.9,1184.5,502.8,True,False
Header/h85/Header_h85_f000024_t0.400.jpg,False,0.0,,,,,False,False
Header/h85/Header_h85_f000030_t0.500.jpg,True,0.6296,313.3,779.0,335.3,801.3,False,False
Header/h85/Header_h85_f000036_t0.600.jpg,True,0.4993,302.6,772.9,326.1,795.9,False,False
Header/h85/Header_h85_f000042_t0.700.jpg,True,0.2627,297.3,769.7,320.2,793.3,False,False
Header/h85/Header_h85_f000048_t0.800.jpg,True,0.302,292.8,767.2,316.2,789.9,False,False
Header/h85/Header_h85_f000054_t0.900.jpg,True,0.3435,291.7,767.2,314.2,789.8,False,False
Header/h85/Header_h85_f000060_t1.000.jpg,False,0.2265,292.7,767.2,316.6,790.4,True,False
Header/h85/Header_h85_f000066_t1.100.jpg,True,0.4387,296.9,770.1,320.5,794.2,False,False
Header/h85/Header_h85_f000072_t1.200.jpg,False,0.2307,301.4,773.1,325.2,795.3,True,False
Header/h85/Header_h85_f000078_t1.300.jpg,True,0.5202,307.1,776.5,329.1,799.1,False,False
Header/h85/Header_h85_f000084_t1.400.jpg,True,0.6599,312.7,782.2,332.7,803.4,False,False
Header/h85/Header_h85_f000090_t1.500.jpg,False,0.0,,,,,False,False
Header/h85/Header_h85_f000096_t1.600.jpg,False,0.1682,416.2,653.9,447.8,686.4,True,False
Header/h85/Header_h85_f000102_t1.700.jpg,False,0.1176,501.8,570.2,528.3,594.1,True,False
Header/h85/Header_h85_f000108_t1.800.jpg,False,0.1912,575.4,504.9,601.9,529.0,True,False
Header/h85/Header_h85_f000114_t1.900.jpg,False,0.177,638.1,453.1,662.3,474.8,True,False
Header/h85/Header_h85_f000120_t2.000.jpg,False,0.0,,,,,False,False
Header/h85/Header_h85_f000126_t2.100.jpg,False,0.0,,,,,False,False
Header/h85/Header_h85_f000132_t2.200.jpg,False,0.0,,,,,False,False
Header/h85/Header_h85_f000138_t2.300.jpg,False,0.0,,,,,False,False
Header/h85/Header_h85_f000144_t2.400.jpg,False,0.0,,,,,False,False
Header/h85/Header_h85_f000150_t2.500.jpg,False,0.0,,,,,False,False
Header/h85/Header_h85_f000156_t2.600.jpg,False,0.0,,,,,False,False
Header/h85/Header_h85_f000162_t2.700.jpg,False,0.0,,,,,False,False
Header/h85/Header_h85_f000168_t2.800.jpg,False,0.0,,,,,False,False
Header/h85/Header_h85_f000174_t2.900.jpg,False,0.0,,,,,False,False
Header/h85/Header_h85_f000180_t3.000.jpg,False,0.0,,,,,False,False
Header/h85/Header_h85_f000186_t3.100.jpg,False,0.0,,,,,False,False
Header/h85/Header_h85_f000192_t3.200.jpg,False,0.0,,,,,False,False
Header/h85/Header_h85_f000198_t3.300.jpg,False,0.0,,,,,False,False
Header/h85/Header_h85_f000204_t3.400.jpg,False,0.0,,,,,False,False
Header/h85/Header_h85_f000210_t3.500.jpg,False,0.0,,,,,False,False
Header/h85/Header_h85_f000216_t3.600.jpg,False,0.0,,,,,False,False
Header/h85/Header_h85_f000222_t3.700.jpg,False,0.0,,,,,False,False
Header/h85/Header_h85_f000228_t3.800.jpg,False,0.0,,,,,False,False
Header/h85/Header_h85_f000234_t3.900.jpg,False,0.0,,,,,False,False
Header/h85/Header_h85_f000240_t4.000.jpg,False,0.0,,,,,False,False
Header/h85/Header_h85_f000246_t4.100.jpg,False,0.0,,,,,False,False
Header/h85/Header_h85_f000252_t4.200.jpg,False,0.0,,,,,False,False
Header/h85/Header_h85_f000258_t4.300.jpg,False,0.0,,,,,False,False
Header/h85/Header_h85_f000264_t4.400.jpg,False,0.0,,,,,False,False
Header/h85/Header_h85_f000270_t4.500.jpg,False,0.0,,,,,False,False
Header/h85/Header_h85_f000276_t4.600.jpg,False,0.0,,,,,False,False
Header/h85/Header_h85_f000282_t4.700.jpg,False,0.0,,,,,False,False
Header/h85/Header_h85_f000288_t4.800.jpg,False,0.0,,,,,False,False
Header/h85/Header_h85_f000294_t4.900.jpg,False,0.0,,,,,False,False
Header/h85/Header_h85_f000300_t5.000.jpg,False,0.0,,,,,False,False
Header/h86/Header_h86_f000000_t0.000.jpg,False,0.0,,,,,False,False
Header/h86/Header_h86_f000006_t0.100.jpg,False,0.0,,,,,False,False
Header/h86/Header_h86_f000012_t0.200.jpg,False,0.0,,,,,False,False
Header/h86/Header_h86_f000018_t0.300.jpg,False,0.0,,,,,False,False
Header/h86/Header_h86_f000024_t0.400.jpg,False,0.0,,,,,False,False
Header/h86/Header_h86_f000030_t0.500.jpg,True,0.9092,256.5,686.9,460.9,838.1,False,False
Header/h86/Header_h86_f000036_t0.600.jpg,False,0.0,,,,,False,False
Header/h86/Header_h86_f000042_t0.700.jpg,False,0.0,,,,,False,False
Header/h86/Header_h86_f000048_t0.800.jpg,False,0.0,,,,,False,False
Header/h86/Header_h86_f000054_t0.900.jpg,False,0.0,,,,,False,False
Header/h86/Header_h86_f000060_t1.000.jpg,False,0.0,,,,,False,False
Header/h86/Header_h86_f000066_t1.100.jpg,False,0.0,,,,,False,False
Header/h86/Header_h86_f000072_t1.200.jpg,False,0.0,,,,,False,False
Header/h86/Header_h86_f000078_t1.300.jpg,False,0.0,,,,,False,False
Header/h86/Header_h86_f000084_t1.400.jpg,False,0.0,,,,,False,False
Header/h86/Header_h86_f000090_t1.500.jpg,False,0.0,,,,,False,False
Header/h86/Header_h86_f000096_t1.600.jpg,False,0.0,,,,,False,False
Header/h86/Header_h86_f000102_t1.700.jpg,False,0.0,,,,,False,False
Header/h86/Header_h86_f000108_t1.800.jpg,False,0.0,,,,,False,False
Header/h86/Header_h86_f000114_t1.900.jpg,False,0.0,,,,,False,False
Header/h86/Header_h86_f000120_t2.000.jpg,True,0.8143,13.0,66.5,96.6,138.4,False,False
Header/h86/Header_h86_f000126_t2.100.jpg,True,0.8738,149.7,113.4,231.6,186.4,False,False
Header/h86/Header_h86_f000132_t2.200.jpg,True,0.6133,260.3,148.9,336.6,213.8,False,False
Header/h86/Header_h86_f000138_t2.300.jpg,True,0.8644,376.2,188.5,449.4,256.2,False,False
Header/h86/Header_h86_f000144_t2.400.jpg,True,0.8756,476.0,222.5,542.4,284.4,False,False
Header/h86/Header_h86_f000150_t2.500.jpg,True,0.8607,568.3,257.4,632.6,321.4,False,False
Header/h86/Header_h86_f000156_t2.600.jpg,False,0.1738,670.2,300.1,731.6,355.4,True,False
Header/h86/Header_h86_f000162_t2.700.jpg,True,0.3646,751.4,339.2,810.9,396.1,False,False
Header/h86/Header_h86_f000168_t2.800.jpg,True,0.272,838.0,388.0,897.0,443.2,False,False
Header/h86/Header_h86_f000174_t2.900.jpg,True,0.8135,902.5,430.5,959.2,481.2,False,False
Header/h86/Header_h86_f000180_t3.000.jpg,False,0.1063,1692.1,595.7,1796.1,678.2,True,False
Header/h86/Header_h86_f000186_t3.100.jpg,True,0.5309,1017.8,526.7,1070.7,577.6,False,False
Header/h86/Header_h86_f000192_t3.200.jpg,True,0.8145,1061.9,574.3,1113.2,624.5,False,False
Header/h86/Header_h86_f000198_t3.300.jpg,True,0.453,1074.1,612.5,1130.1,662.3,False,False
Header/h86/Header_h86_f000204_t3.400.jpg,True,0.7088,994.2,622.3,1050.7,669.6,False,False
Header/h86/Header_h86_f000210_t3.500.jpg,True,0.8475,906.8,628.5,967.2,678.2,False,False
Header/h86/Header_h86_f000216_t3.600.jpg,True,0.8864,825.2,640.3,881.8,691.3,False,False
Header/h86/Header_h86_f000222_t3.700.jpg,True,0.8696,738.5,656.3,798.1,707.2,False,False
Header/h86/Header_h86_f000228_t3.800.jpg,True,0.8705,657.3,674.1,715.7,725.6,False,False
Header/h86/Header_h86_f000234_t3.900.jpg,True,0.8587,576.1,693.7,633.7,744.9,False,False
Header/h86/Header_h86_f000240_t4.000.jpg,True,0.8634,501.2,717.5,559.3,769.2,False,False
Header/h86/Header_h86_f000246_t4.100.jpg,True,0.853,440.4,744.1,495.3,796.4,False,False
Header/h86/Header_h86_f000252_t4.200.jpg,True,0.8662,400.7,775.1,452.0,826.1,False,False
Header/h86/Header_h86_f000258_t4.300.jpg,True,0.8532,388.7,781.3,441.0,833.4,False,False
Header/h86/Header_h86_f000264_t4.400.jpg,True,0.7355,414.2,748.5,462.7,800.5,False,False
Header/h86/Header_h86_f000270_t4.500.jpg,False,0.0,,,,,False,False
Header/h86/Header_h86_f000276_t4.600.jpg,False,0.1999,20.2,845.4,105.2,891.1,True,False
Header/h86/Header_h86_f000282_t4.700.jpg,True,0.5946,559.5,647.5,609.5,697.3,False,False
Header/h86/Header_h86_f000288_t4.800.jpg,True,0.8185,594.9,617.4,646.9,670.5,False,False
Header/h86/Header_h86_f000294_t4.900.jpg,True,0.2919,619.8,595.5,663.3,643.8,False,False
Header/h86/Header_h86_f000300_t5.000.jpg,False,0.0,,,,,False,False
Header/h87/Header_h87_f000000_t0.000.jpg,False,0.0,,,,,False,False
Header/h87/Header_h87_f000006_t0.100.jpg,False,0.0,,,,,False,False
Header/h87/Header_h87_f000012_t0.200.jpg,False,0.0,,,,,False,False
Header/h87/Header_h87_f000018_t0.300.jpg,True,0.3512,1548.3,970.6,1577.5,1003.1,False,False
Header/h87/Header_h87_f000024_t0.400.jpg,True,0.4622,435.9,725.1,461.1,746.1,False,False
Header/h87/Header_h87_f000030_t0.500.jpg,True,0.4833,389.8,716.0,415.2,735.7,False,False
Header/h87/Header_h87_f000036_t0.600.jpg,True,0.4872,346.3,716.1,371.4,735.3,False,False
Header/h87/Header_h87_f000042_t0.700.jpg,True,0.7071,314.0,711.6,337.2,733.4,False,False
Header/h87/Header_h87_f000048_t0.800.jpg,True,0.5897,295.4,699.1,318.0,720.7,False,False
Header/h87/Header_h87_f000054_t0.900.jpg,False,0.1824,283.5,695.3,305.0,716.1,True,False
Header/h87/Header_h87_f000060_t1.000.jpg,False,0.2288,274.8,701.4,297.9,722.4,True,False
Header/h87/Header_h87_f000066_t1.100.jpg,False,0.1291,278.0,690.5,300.8,711.5,True,False
Header/h87/Header_h87_f000072_t1.200.jpg,True,0.4315,280.0,688.4,301.6,709.8,False,False
Header/h87/Header_h87_f000078_t1.300.jpg,True,0.3629,280.7,695.0,302.1,716.9,False,False
Header/h87/Header_h87_f000084_t1.400.jpg,True,0.5517,285.9,691.3,306.5,711.8,False,False
Header/h87/Header_h87_f000090_t1.500.jpg,True,0.5295,289.6,693.5,309.8,714.9,False,False
Header/h87/Header_h87_f000096_t1.600.jpg,True,0.4428,290.1,695.1,311.8,717.8,False,False
Header/h87/Header_h87_f000102_t1.700.jpg,False,0.1814,290.4,698.3,311.6,721.2,True,False
Header/h87/Header_h87_f000108_t1.800.jpg,False,0.0,,,,,False,False
Header/h87/Header_h87_f000114_t1.900.jpg,False,0.0,,,,,False,False
Header/h87/Header_h87_f000120_t2.000.jpg,False,0.0,,,,,False,False
Header/h87/Header_h87_f000126_t2.100.jpg,False,0.0,,,,,False,False
Header/h87/Header_h87_f000132_t2.200.jpg,False,0.0,,,,,False,False
Header/h87/Header_h87_f000138_t2.300.jpg,False,0.0,,,,,False,False
Header/h87/Header_h87_f000144_t2.400.jpg,False,0.0,,,,,False,False
Header/h87/Header_h87_f000150_t2.500.jpg,False,0.0,,,,,False,False
Header/h87/Header_h87_f000156_t2.600.jpg,False,0.0,,,,,False,False
Header/h87/Header_h87_f000162_t2.700.jpg,False,0.0,,,,,False,False
Header/h87/Header_h87_f000168_t2.800.jpg,False,0.0,,,,,False,False
Header/h87/Header_h87_f000174_t2.900.jpg,False,0.0,,,,,False,False
Header/h87/Header_h87_f000180_t3.000.jpg,False,0.0,,,,,False,False
Header/h87/Header_h87_f000186_t3.100.jpg,False,0.0,,,,,False,False
Header/h87/Header_h87_f000192_t3.200.jpg,False,0.0,,,,,False,False
Header/h87/Header_h87_f000198_t3.300.jpg,False,0.0,,,,,False,False
Header/h87/Header_h87_f000204_t3.400.jpg,False,0.0,,,,,False,False
Header/h87/Header_h87_f000210_t3.500.jpg,False,0.0,,,,,False,False
Header/h87/Header_h87_f000216_t3.600.jpg,False,0.0,,,,,False,False
Header/h87/Header_h87_f000222_t3.700.jpg,False,0.0,,,,,False,False
Header/h87/Header_h87_f000228_t3.800.jpg,False,0.0,,,,,False,False
Header/h87/Header_h87_f000234_t3.900.jpg,False,0.0,,,,,False,False
Header/h87/Header_h87_f000240_t4.000.jpg,False,0.0,,,,,False,False
Header/h87/Header_h87_f000246_t4.100.jpg,False,0.0,,,,,False,False
Header/h87/Header_h87_f000252_t4.200.jpg,False,0.0,,,,,False,False
Header/h87/Header_h87_f000258_t4.300.jpg,False,0.0,,,,,False,False
Header/h87/Header_h87_f000264_t4.400.jpg,False,0.0,,,,,False,False
Header/h87/Header_h87_f000270_t4.500.jpg,False,0.0,,,,,False,False
Header/h87/Header_h87_f000276_t4.600.jpg,False,0.0,,,,,False,False
Header/h87/Header_h87_f000282_t4.700.jpg,False,0.0,,,,,False,False
Header/h87/Header_h87_f000288_t4.800.jpg,False,0.0,,,,,False,False
Header/h87/Header_h87_f000294_t4.900.jpg,False,0.0,,,,,False,False
Header/h87/Header_h87_f000300_t5.000.jpg,False,0.0,,,,,False,False
Header/h87/Header_h87_f000306_t5.100.jpg,False,0.0,,,,,False,False
Header/h87/Header_h87_f000312_t5.200.jpg,False,0.0,,,,,False,False
Header/h87/Header_h87_f000318_t5.300.jpg,False,0.0,,,,,False,False
Header/h87/Header_h87_f000324_t5.400.jpg,False,0.1148,565.0,547.5,589.9,573.4,True,False
Header/h87/Header_h87_f000330_t5.500.jpg,False,0.0,,,,,False,False
Header/h87/Header_h87_f000336_t5.600.jpg,False,0.1308,560.5,542.7,581.8,565.6,True,False
Header/h87/Header_h87_f000342_t5.700.jpg,False,0.0,,,,,False,False
Header/h87/Header_h87_f000348_t5.800.jpg,False,0.0,,,,,False,False
Header/h87/Header_h87_f000354_t5.900.jpg,False,0.0,,,,,False,False
Header/h87/Header_h87_f000360_t6.000.jpg,True,0.3207,569.6,517.1,590.2,537.1,False,False
Header/h88/Header_h88_f000000_t0.000.jpg,False,0.0,,,,,False,False
Header/h88/Header_h88_f000006_t0.100.jpg,True,0.8969,1428.3,784.1,1527.5,879.2,False,False
Header/h88/Header_h88_f000012_t0.200.jpg,False,0.2315,1421.4,795.2,1501.6,886.0,True,False
Header/h88/Header_h88_f000018_t0.300.jpg,False,0.1621,1456.5,793.1,1512.0,870.1,True,False
Header/h88/Header_h88_f000024_t0.400.jpg,True,0.8872,1404.1,797.3,1504.1,889.7,False,False
Header/h88/Header_h88_f000030_t0.500.jpg,True,0.8843,1395.1,797.6,1494.8,894.5,False,False
Header/h88/Header_h88_f000036_t0.600.jpg,False,0.0,,,,,False,False
Header/h88/Header_h88_f000042_t0.700.jpg,False,0.0,,,,,False,False
Header/h88/Header_h88_f000048_t0.800.jpg,True,0.6888,1215.7,553.7,1326.0,658.6,False,False
Header/h88/Header_h88_f000054_t0.900.jpg,False,0.0,,,,,False,False
Header/h88/Header_h88_f000060_t1.000.jpg,True,0.333,976.8,644.5,1054.0,753.6,False,False
Header/h88/Header_h88_f000066_t1.100.jpg,True,0.6996,1052.5,283.8,1160.0,399.6,False,False
Header/h88/Header_h88_f000072_t1.200.jpg,True,0.8123,1019.0,221.0,1126.0,327.8,False,False
Header/h88/Header_h88_f000078_t1.300.jpg,True,0.7389,985.5,165.2,1093.8,272.5,False,False
Header/h88/Header_h88_f000084_t1.400.jpg,True,0.5018,378.0,727.1,476.7,826.6,False,False
Header/h88/Header_h88_f000090_t1.500.jpg,True,0.2794,899.6,19.0,1009.0,124.5,False,False
Header/h88/Header_h88_f000096_t1.600.jpg,False,0.0,,,,,False,False
Header/h88/Header_h88_f000102_t1.700.jpg,False,0.0,,,,,False,False
Header/h88/Header_h88_f000108_t1.800.jpg,False,0.0,,,,,False,False
Header/h88/Header_h88_f000114_t1.900.jpg,False,0.0,,,,,False,False
Header/h88/Header_h88_f000120_t2.000.jpg,False,0.0,,,,,False,False
Header/h88/Header_h88_f000126_t2.100.jpg,False,0.0,,,,,False,False
Header/h88/Header_h88_f000132_t2.200.jpg,False,0.0,,,,,False,True
Header/h88/Header_h88_f000138_t2.300.jpg,False,0.0,,,,,False,True
Header/h88/Header_h88_f000144_t2.400.jpg,False,0.0,,,,,False,True
Header/h88/Header_h88_f000150_t2.500.jpg,False,0.0,,,,,False,True
Header/h88/Header_h88_f000156_t2.600.jpg,False,0.0,,,,,False,True
Header/h88/Header_h88_f000162_t2.700.jpg,False,0.0,,,,,False,True
Header/h88/Header_h88_f000168_t2.800.jpg,False,0.0,,,,,False,True
Header/h88/Header_h88_f000174_t2.900.jpg,False,0.0,,,,,False,True
Header/h88/Header_h88_f000180_t3.000.jpg,False,0.0,,,,,False,True
Header/h88/Header_h88_f000186_t3.100.jpg,False,0.0,,,,,False,True
Header/h88/Header_h88_f000192_t3.200.jpg,False,0.0,,,,,False,True
Header/h88/Header_h88_f000198_t3.300.jpg,False,0.0,,,,,False,True
Header/h88/Header_h88_f000204_t3.400.jpg,False,0.0,,,,,False,False
Header/h88/Header_h88_f000210_t3.500.jpg,True,0.4873,253.6,852.4,289.2,910.8,False,False
Header/h88/Header_h88_f000216_t3.600.jpg,True,0.4628,250.6,836.7,284.5,865.5,False,False
Header/h88/Header_h88_f000222_t3.700.jpg,False,0.0,,,,,False,False
Header/h88/Header_h88_f000228_t3.800.jpg,False,0.0,,,,,False,False
Header/h88/Header_h88_f000234_t3.900.jpg,False,0.0,,,,,False,False
Header/h88/Header_h88_f000240_t4.000.jpg,False,0.0,,,,,False,False
Header/h88/Header_h88_f000246_t4.100.jpg,False,0.0,,,,,False,False
Header/h88/Header_h88_f000252_t4.200.jpg,False,0.0,,,,,False,False
Header/h88/Header_h88_f000258_t4.300.jpg,False,0.0,,,,,False,False
Header/h88/Header_h88_f000264_t4.400.jpg,False,0.0,,,,,False,False
Header/h88/Header_h88_f000270_t4.500.jpg,True,0.5327,936.0,317.4,991.1,376.8,False,False
Header/h88/Header_h88_f000276_t4.600.jpg,False,0.0,,,,,False,False
Header/h88/Header_h88_f000282_t4.700.jpg,False,0.0,,,,,False,False
Header/h88/Header_h88_f000288_t4.800.jpg,False,0.2423,196.6,559.9,222.6,596.8,True,False
Header/h88/Header_h88_f000294_t4.900.jpg,False,0.1723,1861.4,834.7,1919.3,867.6,True,False
Header/h89/Header_h89_f000000_t0.000.jpg,False,0.1648,364.2,751.2,382.3,769.2,True,False
Header/h89/Header_h89_f000006_t0.100.jpg,False,0.1146,360.2,750.5,379.7,769.1,True,False
Header/h89/Header_h89_f000012_t0.200.jpg,True,0.2921,358.2,750.7,377.0,768.4,False,False
Header/h89/Header_h89_f000018_t0.300.jpg,True,0.4987,355.2,752.5,371.7,768.6,False,False
Header/h89/Header_h89_f000024_t0.400.jpg,False,0.1664,351.5,754.4,368.2,767.9,True,False
Header/h89/Header_h89_f000030_t0.500.jpg,False,0.0,,,,,False,False
Header/h89/Header_h89_f000036_t0.600.jpg,False,0.0,,,,,False,False
Header/h89/Header_h89_f000042_t0.700.jpg,False,0.0,,,,,False,False
Header/h89/Header_h89_f000048_t0.800.jpg,False,0.0,,,,,False,False
Header/h89/Header_h89_f000054_t0.900.jpg,False,0.0,,,,,False,False
Header/h89/Header_h89_f000060_t1.000.jpg,False,0.0,,,,,False,False
Header/h89/Header_h89_f000066_t1.100.jpg,False,0.0,,,,,False,False
Header/h89/Header_h89_f000072_t1.200.jpg,False,0.0,,,,,False,False
Header/h89/Header_h89_f000078_t1.300.jpg,False,0.0,,,,,False,False
Header/h89/Header_h89_f000084_t1.400.jpg,False,0.0,,,,,False,False
Header/h89/Header_h89_f000090_t1.500.jpg,False,0.0,,,,,False,False
Header/h89/Header_h89_f000096_t1.600.jpg,False,0.0,,,,,False,False
Header/h89/Header_h89_f000102_t1.700.jpg,False,0.0,,,,,False,False
Header/h89/Header_h89_f000108_t1.800.jpg,False,0.0,,,,,False,False
Header/h89/Header_h89_f000114_t1.900.jpg,True,0.2748,1398.1,47.6,1418.0,75.9,False,False
Header/h89/Header_h89_f000120_t2.000.jpg,False,0.1031,1393.6,49.2,1414.2,76.6,True,False
Header/h89/Header_h89_f000126_t2.100.jpg,False,0.1554,1393.0,49.5,1413.9,79.2,True,False
Header/h89/Header_h89_f000132_t2.200.jpg,False,0.1018,1394.5,49.6,1414.3,79.9,True,False
Header/h89/Header_h89_f000138_t2.300.jpg,False,0.0,,,,,False,False
Header/h89/Header_h89_f000144_t2.400.jpg,False,0.0,,,,,False,False
Header/h89/Header_h89_f000150_t2.500.jpg,False,0.0,,,,,False,False
Header/h89/Header_h89_f000156_t2.600.jpg,False,0.0,,,,,False,False
Header/h89/Header_h89_f000162_t2.700.jpg,False,0.0,,,,,False,False
Header/h89/Header_h89_f000168_t2.800.jpg,False,0.0,,,,,False,False
Header/h89/Header_h89_f000174_t2.900.jpg,False,0.0,,,,,False,False
Header/h89/Header_h89_f000180_t3.000.jpg,False,0.0,,,,,False,False
Header/h89/Header_h89_f000186_t3.100.jpg,False,0.0,,,,,False,False
Header/h89/Header_h89_f000192_t3.200.jpg,False,0.0,,,,,False,False
Header/h89/Header_h89_f000198_t3.300.jpg,False,0.0,,,,,False,False
Header/h89/Header_h89_f000204_t3.400.jpg,False,0.0,,,,,False,False
Header/h89/Header_h89_f000210_t3.500.jpg,False,0.0,,,,,False,False
Header/h89/Header_h89_f000216_t3.600.jpg,False,0.0,,,,,False,False
Header/h89/Header_h89_f000222_t3.700.jpg,True,0.5774,1164.5,538.4,1206.3,579.1,False,False
Header/h89/Header_h89_f000228_t3.800.jpg,False,0.102,1171.9,543.7,1212.9,580.8,True,False
Header/h89/Header_h89_f000234_t3.900.jpg,False,0.0,,,,,False,False
Header/h89/Header_h89_f000240_t4.000.jpg,False,0.0,,,,,False,False
Header/h89/Header_h89_f000246_t4.100.jpg,False,0.0,,,,,False,False
Header/h89/Header_h89_f000252_t4.200.jpg,False,0.0,,,,,False,False
Header/h89/Header_h89_f000258_t4.300.jpg,False,0.0,,,,,False,False
Header/h89/Header_h89_f000264_t4.400.jpg,False,0.0,,,,,False,False
Header/h89/Header_h89_f000270_t4.500.jpg,False,0.0,,,,,False,False
Header/h89/Header_h89_f000276_t4.600.jpg,False,0.0,,,,,False,False
Header/h89/Header_h89_f000282_t4.700.jpg,False,0.0,,,,,False,False
Header/h89/Header_h89_f000288_t4.800.jpg,False,0.0,,,,,False,False
Header/h89/Header_h89_f000294_t4.900.jpg,False,0.0,,,,,False,False
Header/h89/Header_h89_f000300_t5.000.jpg,False,0.0,,,,,False,False
Header/h9/Header_h9_f000000_t0.000.jpg,False,0.0,,,,,False,True
Header/h9/Header_h9_f000006_t0.100.jpg,False,0.0,,,,,False,True
Header/h9/Header_h9_f000012_t0.200.jpg,False,0.0,,,,,False,False
Header/h9/Header_h9_f000018_t0.300.jpg,False,0.0,,,,,False,False
Header/h9/Header_h9_f000024_t0.400.jpg,False,0.0,,,,,False,False
Header/h9/Header_h9_f000030_t0.500.jpg,False,0.0,,,,,False,False
Header/h9/Header_h9_f000036_t0.600.jpg,False,0.0,,,,,False,False
Header/h9/Header_h9_f000042_t0.700.jpg,False,0.0,,,,,False,False
Header/h9/Header_h9_f000048_t0.800.jpg,False,0.0,,,,,False,False
Header/h9/Header_h9_f000054_t0.900.jpg,False,0.0,,,,,False,False
Header/h9/Header_h9_f000060_t1.000.jpg,False,0.0,,,,,False,False
Header/h9/Header_h9_f000066_t1.100.jpg,False,0.0,,,,,False,False
Header/h9/Header_h9_f000072_t1.200.jpg,False,0.0,,,,,False,False
Header/h9/Header_h9_f000078_t1.300.jpg,False,0.0,,,,,False,False
Header/h9/Header_h9_f000084_t1.400.jpg,False,0.0,,,,,False,False
Header/h9/Header_h9_f000090_t1.500.jpg,False,0.0,,,,,False,False
Header/h9/Header_h9_f000096_t1.600.jpg,False,0.0,,,,,False,False
Header/h9/Header_h9_f000102_t1.700.jpg,False,0.0,,,,,False,False
Header/h9/Header_h9_f000108_t1.800.jpg,False,0.0,,,,,False,False
Header/h9/Header_h9_f000114_t1.900.jpg,False,0.0,,,,,False,False
Header/h9/Header_h9_f000120_t2.000.jpg,False,0.0,,,,,False,False
Header/h9/Header_h9_f000126_t2.100.jpg,False,0.0,,,,,False,False
Header/h9/Header_h9_f000132_t2.200.jpg,False,0.0,,,,,False,False
Header/h9/Header_h9_f000138_t2.300.jpg,False,0.0,,,,,False,False
Header/h9/Header_h9_f000144_t2.400.jpg,False,0.0,,,,,False,False
Header/h9/Header_h9_f000150_t2.500.jpg,False,0.0,,,,,False,False
Header/h9/Header_h9_f000156_t2.600.jpg,False,0.0,,,,,False,False
Header/h9/Header_h9_f000162_t2.700.jpg,False,0.0,,,,,False,False
Header/h9/Header_h9_f000168_t2.800.jpg,False,0.0,,,,,False,False
Header/h9/Header_h9_f000174_t2.900.jpg,False,0.0,,,,,False,False
Header/h9/Header_h9_f000180_t3.000.jpg,False,0.0,,,,,False,False
Header/h9/Header_h9_f000186_t3.100.jpg,False,0.0,,,,,False,False
Header/h9/Header_h9_f000192_t3.200.jpg,False,0.0,,,,,False,False
Header/h9/Header_h9_f000198_t3.300.jpg,False,0.0,,,,,False,False
Header/h9/Header_h9_f000204_t3.400.jpg,False,0.0,,,,,False,False
Header/h9/Header_h9_f000210_t3.500.jpg,False,0.0,,,,,False,False
Header/h9/Header_h9_f000216_t3.600.jpg,False,0.0,,,,,False,False
Header/h9/Header_h9_f000222_t3.700.jpg,False,0.0,,,,,False,False
Header/h9/Header_h9_f000228_t3.800.jpg,False,0.0,,,,,False,False
Header/h9/Header_h9_f000234_t3.900.jpg,False,0.0,,,,,False,False
Header/h9/Header_h9_f000240_t4.000.jpg,False,0.0,,,,,False,False
Header/h9/Header_h9_f000246_t4.100.jpg,False,0.0,,,,,False,False
Header/h9/Header_h9_f000252_t4.200.jpg,False,0.0,,,,,False,False
Header/h9/Header_h9_f000258_t4.300.jpg,False,0.0,,,,,False,False
Header/h9/Header_h9_f000264_t4.400.jpg,False,0.0,,,,,False,False
Header/h9/Header_h9_f000270_t4.500.jpg,False,0.0,,,,,False,False
Header/h9/Header_h9_f000276_t4.600.jpg,False,0.1731,0.3,6.1,74.6,118.0,True,False
Header/h9/Header_h9_f000282_t4.700.jpg,True,0.2793,137.4,1.0,270.8,31.5,False,False
Header/h9/Header_h9_f000288_t4.800.jpg,False,0.0,,,,,False,False
Header/h9/Header_h9_f000294_t4.900.jpg,False,0.0,,,,,False,False
Header/h90/Header_h90_f000000_t0.000.jpg,False,0.1388,720.8,453.8,736.2,465.1,True,False
Header/h90/Header_h90_f000006_t0.100.jpg,False,0.0,,,,,False,False
Header/h90/Header_h90_f000012_t0.200.jpg,False,0.0,,,,,False,False
Header/h90/Header_h90_f000018_t0.300.jpg,False,0.0,,,,,False,False
Header/h90/Header_h90_f000024_t0.400.jpg,False,0.0,,,,,False,False
Header/h90/Header_h90_f000030_t0.500.jpg,True,0.293,656.1,477.3,668.5,490.0,False,False
Header/h90/Header_h90_f000036_t0.600.jpg,False,0.0,,,,,False,False
Header/h90/Header_h90_f000042_t0.700.jpg,False,0.0,,,,,False,False
Header/h90/Header_h90_f000048_t0.800.jpg,False,0.0,,,,,False,False
Header/h90/Header_h90_f000054_t0.900.jpg,False,0.0,,,,,False,False
Header/h90/Header_h90_f000060_t1.000.jpg,False,0.0,,,,,False,False
Header/h90/Header_h90_f000066_t1.100.jpg,False,0.0,,,,,False,False
Header/h90/Header_h90_f000072_t1.200.jpg,False,0.0,,,,,False,False
Header/h90/Header_h90_f000078_t1.300.jpg,False,0.0,,,,,False,False
Header/h90/Header_h90_f000084_t1.400.jpg,False,0.0,,,,,False,False
Header/h90/Header_h90_f000090_t1.500.jpg,False,0.0,,,,,False,False
Header/h90/Header_h90_f000096_t1.600.jpg,False,0.0,,,,,False,False
Header/h90/Header_h90_f000102_t1.700.jpg,False,0.0,,,,,False,False
Header/h90/Header_h90_f000108_t1.800.jpg,False,0.0,,,,,False,False
Header/h90/Header_h90_f000114_t1.900.jpg,False,0.0,,,,,False,False
Header/h90/Header_h90_f000120_t2.000.jpg,False,0.0,,,,,False,False
Header/h90/Header_h90_f000126_t2.100.jpg,False,0.0,,,,,False,False
Header/h90/Header_h90_f000132_t2.200.jpg,False,0.0,,,,,False,False
Header/h90/Header_h90_f000138_t2.300.jpg,False,0.1013,1656.5,330.1,1669.6,355.8,True,False
Header/h90/Header_h90_f000144_t2.400.jpg,False,0.2331,1634.3,329.2,1649.4,355.8,True,False
Header/h90/Header_h90_f000150_t2.500.jpg,False,0.125,634.1,524.0,646.3,536.5,True,False
Header/h90/Header_h90_f000156_t2.600.jpg,True,0.2895,632.1,522.7,643.7,534.9,False,False
Header/h90/Header_h90_f000162_t2.700.jpg,False,0.2245,629.3,521.5,639.6,533.4,True,False
Header/h90/Header_h90_f000168_t2.800.jpg,False,0.1868,628.4,520.3,639.2,531.2,True,False
Header/h90/Header_h90_f000174_t2.900.jpg,False,0.1087,628.3,518.2,639.5,529.8,True,False
Header/h90/Header_h90_f000180_t3.000.jpg,False,0.0,,,,,False,False
Header/h90/Header_h90_f000186_t3.100.jpg,False,0.0,,,,,False,False
Header/h90/Header_h90_f000192_t3.200.jpg,False,0.0,,,,,False,False
Header/h90/Header_h90_f000198_t3.300.jpg,False,0.0,,,,,False,False
Header/h90/Header_h90_f000204_t3.400.jpg,False,0.1371,1309.4,269.5,1330.4,295.1,True,False
Header/h90/Header_h90_f000210_t3.500.jpg,False,0.0,,,,,False,False
Header/h90/Header_h90_f000216_t3.600.jpg,False,0.0,,,,,False,False
Header/h90/Header_h90_f000222_t3.700.jpg,False,0.0,,,,,False,False
Header/h90/Header_h90_f000228_t3.800.jpg,False,0.0,,,,,False,False
Header/h90/Header_h90_f000234_t3.900.jpg,False,0.0,,,,,False,False
Header/h90/Header_h90_f000240_t4.000.jpg,False,0.1202,935.6,476.4,949.3,488.2,True,False
Header/h90/Header_h90_f000246_t4.100.jpg,False,0.0,,,,,False,False
Header/h90/Header_h90_f000252_t4.200.jpg,False,0.0,,,,,False,False
Header/h90/Header_h90_f000258_t4.300.jpg,False,0.0,,,,,False,False
Header/h90/Header_h90_f000264_t4.400.jpg,False,0.0,,,,,False,False
Header/h90/Header_h90_f000270_t4.500.jpg,False,0.0,,,,,False,False
Header/h90/Header_h90_f000276_t4.600.jpg,False,0.0,,,,,False,False
Header/h90/Header_h90_f000282_t4.700.jpg,False,0.0,,,,,False,False
Header/h90/Header_h90_f000288_t4.800.jpg,False,0.0,,,,,False,False
Header/h90/Header_h90_f000294_t4.900.jpg,False,0.0,,,,,False,False
Header/h90/Header_h90_f000300_t5.000.jpg,False,0.0,,,,,False,False
Header/h90/Header_h90_f000306_t5.100.jpg,False,0.0,,,,,False,False
Header/h90/Header_h90_f000312_t5.200.jpg,False,0.0,,,,,False,False
Header/h90/Header_h90_f000318_t5.300.jpg,False,0.0,,,,,False,False
Header/h90/Header_h90_f000324_t5.400.jpg,False,0.0,,,,,False,False
Header/h90/Header_h90_f000330_t5.500.jpg,False,0.0,,,,,False,False
Header/h90/Header_h90_f000336_t5.600.jpg,False,0.0,,,,,False,False
Header/h90/Header_h90_f000342_t5.700.jpg,False,0.0,,,,,False,False
Header/h90/Header_h90_f000348_t5.800.jpg,False,0.0,,,,,False,False
Header/h90/Header_h90_f000354_t5.900.jpg,False,0.0,,,,,False,False
Header/h90/Header_h90_f000360_t6.000.jpg,False,0.0,,,,,False,False
Header/h91/Header_h91_f000000_t0.000.jpg,True,0.4718,1344.5,546.9,1371.2,568.4,False,False
Header/h91/Header_h91_f000006_t0.100.jpg,False,0.1409,1737.6,846.1,1768.7,856.7,True,False
Header/h91/Header_h91_f000012_t0.200.jpg,True,0.5766,1467.6,608.6,1495.4,633.5,False,False
Header/h91/Header_h91_f000018_t0.300.jpg,True,0.3917,1525.2,647.3,1553.1,675.2,False,False
Header/h91/Header_h91_f000024_t0.400.jpg,False,0.0,,,,,False,False
Header/h91/Header_h91_f000030_t0.500.jpg,False,0.0,,,,,False,False
Header/h91/Header_h91_f000036_t0.600.jpg,False,0.0,,,,,False,False
Header/h91/Header_h91_f000042_t0.700.jpg,True,0.3574,1722.1,779.3,1750.6,802.8,False,False
Header/h91/Header_h91_f000048_t0.800.jpg,False,0.1563,1730.6,789.6,1758.0,821.1,True,False
Header/h91/Header_h91_f000054_t0.900.jpg,False,0.0,,,,,False,False
Header/h91/Header_h91_f000060_t1.000.jpg,False,0.0,,,,,False,False
Header/h91/Header_h91_f000066_t1.100.jpg,True,0.7632,1026.2,326.8,1100.2,396.6,False,False
Header/h91/Header_h91_f000072_t1.200.jpg,True,0.7907,1007.6,352.4,1082.5,421.3,False,False
Header/h91/Header_h91_f000078_t1.300.jpg,True,0.866,989.2,380.9,1064.8,455.9,False,False
Header/h91/Header_h91_f000084_t1.400.jpg,True,0.8838,969.1,413.1,1046.1,491.0,False,False
Header/h91/Header_h91_f000090_t1.500.jpg,True,0.8876,947.6,448.2,1023.7,526.8,False,False
Header/h91/Header_h91_f000096_t1.600.jpg,True,0.8548,1022.8,421.9,1110.3,498.8,False,False
Header/h91/Header_h91_f000102_t1.700.jpg,True,0.6001,1128.7,380.8,1220.2,454.2,False,False
Header/h91/Header_h91_f000108_t1.800.jpg,True,0.8386,1232.3,344.1,1316.0,425.9,False,False
Header/h91/Header_h91_f000114_t1.900.jpg,True,0.4278,1337.2,308.2,1428.8,389.3,False,False
Header/h91/Header_h91_f000120_t2.000.jpg,True,0.5837,1444.9,276.6,1530.3,351.1,False,False
Header/h91/Header_h91_f000126_t2.100.jpg,True,0.8538,1536.0,248.2,1635.1,328.0,False,False
Header/h91/Header_h91_f000132_t2.200.jpg,True,0.5862,1633.6,223.8,1729.0,305.0,False,False
Header/h91/Header_h91_f000138_t2.300.jpg,True,0.6729,1721.0,203.3,1813.7,285.8,False,False
Header/h91/Header_h91_f000144_t2.400.jpg,True,0.4165,1788.6,189.1,1876.5,274.2,False,False
Header/h91/Header_h91_f000150_t2.500.jpg,True,0.6876,1805.2,190.9,1889.6,270.0,False,False
Header/h91/Header_h91_f000156_t2.600.jpg,True,0.8253,1751.1,214.3,1836.7,288.6,False,False
Header/h91/Header_h91_f000162_t2.700.jpg,False,0.105,1665.8,247.0,1744.9,316.8,True,False
Header/h91/Header_h91_f000168_t2.800.jpg,True,0.5654,1570.2,281.7,1643.6,343.6,False,False
Header/h91/Header_h91_f000174_t2.900.jpg,True,0.5781,1474.0,315.0,1541.2,369.5,False,False
Header/h91/Header_h91_f000180_t3.000.jpg,False,0.1849,1395.2,342.3,1454.7,391.3,True,False
Header/h91/Header_h91_f000186_t3.100.jpg,True,0.5601,1339.3,363.2,1391.6,412.0,False,False
Header/h91/Header_h91_f000192_t3.200.jpg,True,0.4464,1305.0,377.8,1356.8,425.4,False,False
Header/h91/Header_h91_f000198_t3.300.jpg,True,0.4864,1289.7,392.3,1338.5,439.5,False,False
Header/h91/Header_h91_f000204_t3.400.jpg,False,0.0,,,,,False,False
Header/h91/Header_h91_f000210_t3.500.jpg,True,0.4805,1305.2,425.8,1355.1,475.2,False,False
Header/h91/Header_h91_f000216_t3.600.jpg,True,0.6982,1333.4,449.7,1384.2,497.5,False,False
Header/h91/Header_h91_f000222_t3.700.jpg,False,0.0,,,,,False,False
Header/h91/Header_h91_f000228_t3.800.jpg,False,0.1062,1406.3,501.6,1456.9,549.9,True,False
Header/h91/Header_h91_f000234_t3.900.jpg,False,0.0,,,,,False,False
Header/h91/Header_h91_f000240_t4.000.jpg,True,0.2939,964.9,686.4,1003.1,714.7,False,False
Header/h92/Header_h92_f000000_t0.000.jpg,False,0.0,,,,,False,True
Header/h92/Header_h92_f000006_t0.100.jpg,False,0.0,,,,,False,True
Header/h92/Header_h92_f000012_t0.200.jpg,False,0.0,,,,,False,True
Header/h92/Header_h92_f000018_t0.300.jpg,False,0.0,,,,,False,True
Header/h92/Header_h92_f000024_t0.400.jpg,False,0.0,,,,,False,True
Header/h92/Header_h92_f000030_t0.500.jpg,False,0.0,,,,,False,True
Header/h92/Header_h92_f000036_t0.600.jpg,False,0.0,,,,,False,True
Header/h92/Header_h92_f000042_t0.700.jpg,False,0.0,,,,,False,True
Header/h92/Header_h92_f000048_t0.800.jpg,False,0.0,,,,,False,True
Header/h92/Header_h92_f000054_t0.900.jpg,False,0.0,,,,,False,False
Header/h92/Header_h92_f000060_t1.000.jpg,False,0.0,,,,,False,False
Header/h92/Header_h92_f000066_t1.100.jpg,False,0.0,,,,,False,False
Header/h92/Header_h92_f000072_t1.200.jpg,False,0.0,,,,,False,False
Header/h92/Header_h92_f000078_t1.300.jpg,False,0.0,,,,,False,False
Header/h92/Header_h92_f000084_t1.400.jpg,True,0.3573,80.8,688.6,93.5,698.7,False,False
Header/h92/Header_h92_f000090_t1.500.jpg,False,0.0,,,,,False,False
Header/h92/Header_h92_f000096_t1.600.jpg,False,0.0,,,,,False,False
Header/h92/Header_h92_f000102_t1.700.jpg,False,0.2192,850.8,424.2,865.6,443.5,True,False
Header/h92/Header_h92_f000108_t1.800.jpg,False,0.0,,,,,False,False
Header/h92/Header_h92_f000114_t1.900.jpg,False,0.0,,,,,False,False
Header/h92/Header_h92_f000120_t2.000.jpg,False,0.0,,,,,False,False
Header/h92/Header_h92_f000126_t2.100.jpg,False,0.0,,,,,False,False
Header/h92/Header_h92_f000132_t2.200.jpg,False,0.0,,,,,False,False
Header/h92/Header_h92_f000138_t2.300.jpg,False,0.0,,,,,False,False
Header/h92/Header_h92_f000144_t2.400.jpg,False,0.0,,,,,False,False
Header/h92/Header_h92_f000150_t2.500.jpg,False,0.0,,,,,False,False
Header/h92/Header_h92_f000156_t2.600.jpg,False,0.0,,,,,False,False
Header/h92/Header_h92_f000162_t2.700.jpg,False,0.0,,,,,False,False
Header/h92/Header_h92_f000168_t2.800.jpg,False,0.124,478.1,106.0,497.7,138.0,True,False
Header/h92/Header_h92_f000174_t2.900.jpg,False,0.0,,,,,False,False
Header/h92/Header_h92_f000180_t3.000.jpg,False,0.0,,,,,False,False
Header/h92/Header_h92_f000186_t3.100.jpg,False,0.0,,,,,False,False
Header/h92/Header_h92_f000192_t3.200.jpg,False,0.0,,,,,False,False
Header/h92/Header_h92_f000198_t3.300.jpg,False,0.0,,,,,False,False
Header/h92/Header_h92_f000204_t3.400.jpg,False,0.0,,,,,False,False
Header/h92/Header_h92_f000210_t3.500.jpg,False,0.0,,,,,False,False
Header/h92/Header_h92_f000216_t3.600.jpg,False,0.0,,,,,False,False
Header/h92/Header_h92_f000222_t3.700.jpg,False,0.0,,,,,False,False
Header/h92/Header_h92_f000228_t3.800.jpg,False,0.0,,,,,False,False
Header/h92/Header_h92_f000234_t3.900.jpg,False,0.0,,,,,False,False
Header/h92/Header_h92_f000240_t4.000.jpg,False,0.0,,,,,False,False
Header/h92/Header_h92_f000246_t4.100.jpg,False,0.0,,,,,False,False
Header/h92/Header_h92_f000252_t4.200.jpg,False,0.0,,,,,False,False
Header/h92/Header_h92_f000258_t4.300.jpg,False,0.0,,,,,False,False
Header/h92/Header_h92_f000264_t4.400.jpg,False,0.0,,,,,False,False
Header/h92/Header_h92_f000270_t4.500.jpg,False,0.0,,,,,False,False
Header/h92/Header_h92_f000276_t4.600.jpg,False,0.0,,,,,False,False
Header/h92/Header_h92_f000282_t4.700.jpg,False,0.0,,,,,False,False
Header/h92/Header_h92_f000288_t4.800.jpg,False,0.0,,,,,False,False
Header/h92/Header_h92_f000294_t4.900.jpg,False,0.0,,,,,False,False
Header/h92/Header_h92_f000300_t5.000.jpg,False,0.0,,,,,False,False
Header/h93/Header_h93_f000000_t0.000.jpg,False,0.0,,,,,False,False
Header/h93/Header_h93_f000006_t0.100.jpg,False,0.0,,,,,False,False
Header/h93/Header_h93_f000012_t0.200.jpg,False,0.0,,,,,False,False
Header/h93/Header_h93_f000018_t0.300.jpg,False,0.0,,,,,False,False
Header/h93/Header_h93_f000024_t0.400.jpg,False,0.1489,697.7,218.8,785.4,298.6,True,False
Header/h93/Header_h93_f000030_t0.500.jpg,False,0.0,,,,,False,False
Header/h93/Header_h93_f000036_t0.600.jpg,False,0.0,,,,,False,False
Header/h93/Header_h93_f000042_t0.700.jpg,False,0.0,,,,,False,False
Header/h93/Header_h93_f000048_t0.800.jpg,False,0.0,,,,,False,False
Header/h93/Header_h93_f000054_t0.900.jpg,False,0.0,,,,,False,False
Header/h93/Header_h93_f000060_t1.000.jpg,False,0.0,,,,,False,False
Header/h93/Header_h93_f000066_t1.100.jpg,False,0.0,,,,,False,False
Header/h93/Header_h93_f000072_t1.200.jpg,False,0.0,,,,,False,False
Header/h93/Header_h93_f000078_t1.300.jpg,False,0.0,,,,,False,False
Header/h93/Header_h93_f000084_t1.400.jpg,False,0.0,,,,,False,False
Header/h93/Header_h93_f000090_t1.500.jpg,False,0.0,,,,,False,False
Header/h93/Header_h93_f000096_t1.600.jpg,False,0.0,,,,,False,False
Header/h93/Header_h93_f000102_t1.700.jpg,False,0.0,,,,,False,False
Header/h93/Header_h93_f000108_t1.800.jpg,False,0.0,,,,,False,False
Header/h93/Header_h93_f000114_t1.900.jpg,False,0.0,,,,,False,False
Header/h93/Header_h93_f000120_t2.000.jpg,False,0.0,,,,,False,False
Header/h93/Header_h93_f000126_t2.100.jpg,False,0.0,,,,,False,False
Header/h93/Header_h93_f000132_t2.200.jpg,False,0.2409,955.8,466.9,973.8,482.9,True,False
Header/h93/Header_h93_f000138_t2.300.jpg,False,0.0,,,,,False,False
Header/h93/Header_h93_f000144_t2.400.jpg,False,0.236,959.3,502.9,974.9,519.3,True,False
Header/h93/Header_h93_f000150_t2.500.jpg,False,0.0,,,,,False,False
Header/h93/Header_h93_f000156_t2.600.jpg,False,0.0,,,,,False,False
Header/h93/Header_h93_f000162_t2.700.jpg,True,0.2787,965.6,519.1,981.6,535.6,False,False
Header/h93/Header_h93_f000168_t2.800.jpg,False,0.1482,969.6,516.9,985.5,530.6,True,False
Header/h93/Header_h93_f000174_t2.900.jpg,False,0.0,,,,,False,False
Header/h93/Header_h93_f000180_t3.000.jpg,False,0.0,,,,,False,False
Header/h93/Header_h93_f000186_t3.100.jpg,False,0.0,,,,,False,False
Header/h93/Header_h93_f000192_t3.200.jpg,False,0.0,,,,,False,False
Header/h93/Header_h93_f000198_t3.300.jpg,False,0.0,,,,,False,False
Header/h93/Header_h93_f000204_t3.400.jpg,False,0.0,,,,,False,False
Header/h93/Header_h93_f000210_t3.500.jpg,False,0.0,,,,,False,False
Header/h93/Header_h93_f000216_t3.600.jpg,False,0.0,,,,,False,False
Header/h93/Header_h93_f000222_t3.700.jpg,False,0.0,,,,,False,False
Header/h93/Header_h93_f000228_t3.800.jpg,False,0.0,,,,,False,False
Header/h93/Header_h93_f000234_t3.900.jpg,False,0.1235,941.5,566.7,956.9,588.5,True,False
Header/h93/Header_h93_f000240_t4.000.jpg,False,0.0,,,,,False,False
Header/h93/Header_h93_f000246_t4.100.jpg,False,0.0,,,,,False,False
Header/h93/Header_h93_f000252_t4.200.jpg,True,0.2642,921.4,613.5,936.7,631.6,False,False
Header/h93/Header_h93_f000258_t4.300.jpg,False,0.2123,915.9,610.6,934.7,626.0,True,False
Header/h93/Header_h93_f000264_t4.400.jpg,False,0.0,,,,,False,False
Header/h93/Header_h93_f000270_t4.500.jpg,False,0.0,,,,,False,False
Header/h93/Header_h93_f000276_t4.600.jpg,False,0.0,,,,,False,False
Header/h93/Header_h93_f000282_t4.700.jpg,False,0.0,,,,,False,False
Header/h93/Header_h93_f000288_t4.800.jpg,False,0.0,,,,,False,False
Header/h93/Header_h93_f000294_t4.900.jpg,False,0.0,,,,,False,False
Header/h93/Header_h93_f000300_t5.000.jpg,False,0.0,,,,,False,False
Header/h93/Header_h93_f000306_t5.100.jpg,False,0.0,,,,,False,False
Header/h93/Header_h93_f000312_t5.200.jpg,False,0.0,,,,,False,False
Header/h93/Header_h93_f000318_t5.300.jpg,False,0.0,,,,,False,False
Header/h93/Header_h93_f000324_t5.400.jpg,False,0.0,,,,,False,False
Header/h93/Header_h93_f000330_t5.500.jpg,False,0.0,,,,,False,False
Header/h93/Header_h93_f000336_t5.600.jpg,False,0.0,,,,,False,False
Header/h93/Header_h93_f000342_t5.700.jpg,False,0.1964,1017.6,593.4,1036.4,609.7,True,False
Header/h93/Header_h93_f000348_t5.800.jpg,True,0.4318,1005.4,596.1,1021.7,611.2,False,False
Header/h93/Header_h93_f000354_t5.900.jpg,True,0.5587,993.5,597.4,1009.4,611.7,False,False
Header/h93/Header_h93_f000360_t6.000.jpg,True,0.5445,985.1,597.5,1001.7,611.7,False,False
Header/h94/Header_h94_f000000_t0.000.jpg,False,0.0,,,,,False,False
Header/h94/Header_h94_f000006_t0.100.jpg,False,0.0,,,,,False,False
Header/h94/Header_h94_f000012_t0.200.jpg,True,0.4366,0.0,322.3,30.7,405.8,False,False
Header/h94/Header_h94_f000018_t0.300.jpg,False,0.0,,,,,False,False
Header/h94/Header_h94_f000024_t0.400.jpg,False,0.0,,,,,False,False
Header/h94/Header_h94_f000030_t0.500.jpg,False,0.0,,,,,False,False
Header/h94/Header_h94_f000036_t0.600.jpg,False,0.1237,725.8,321.7,956.7,477.8,True,False
Header/h94/Header_h94_f000042_t0.700.jpg,False,0.0,,,,,False,False
Header/h94/Header_h94_f000048_t0.800.jpg,False,0.1287,819.1,457.2,860.6,482.2,True,False
Header/h94/Header_h94_f000054_t0.900.jpg,False,0.1713,852.7,460.4,889.2,487.1,True,False
Header/h94/Header_h94_f000060_t1.000.jpg,False,0.2354,883.3,466.8,916.4,491.2,True,False
Header/h94/Header_h94_f000066_t1.100.jpg,True,0.3653,909.6,475.4,932.6,495.3,False,False
Header/h94/Header_h94_f000072_t1.200.jpg,True,0.8669,502.5,142.1,611.6,252.7,False,False
Header/h94/Header_h94_f000078_t1.300.jpg,True,0.9069,509.3,128.7,614.3,238.2,False,False
Header/h94/Header_h94_f000084_t1.400.jpg,True,0.9109,518.1,79.9,626.3,190.5,False,False
Header/h94/Header_h94_f000090_t1.500.jpg,True,0.899,528.0,49.0,634.4,157.2,False,False
Header/h94/Header_h94_f000096_t1.600.jpg,True,0.8962,540.9,20.2,647.4,125.3,False,False
Header/h94/Header_h94_f000102_t1.700.jpg,True,0.8603,559.3,0.6,667.0,103.0,False,False
Header/h94/Header_h94_f000108_t1.800.jpg,True,0.8658,589.2,0.2,694.7,97.2,False,False
Header/h94/Header_h94_f000114_t1.900.jpg,True,0.6092,627.0,0.6,731.3,92.2,False,False
Header/h94/Header_h94_f000120_t2.000.jpg,True,0.8477,668.1,0.0,775.0,98.2,False,False
Header/h94/Header_h94_f000126_t2.100.jpg,True,0.8931,706.1,10.4,813.4,116.1,False,False
Header/h94/Header_h94_f000132_t2.200.jpg,True,0.903,736.9,36.5,845.6,144.7,False,False
Header/h94/Header_h94_f000138_t2.300.jpg,True,0.9061,764.3,68.2,867.6,176.1,False,False
Header/h94/Header_h94_f000144_t2.400.jpg,True,0.9031,785.5,114.8,889.5,215.2,False,False
Header/h94/Header_h94_f000150_t2.500.jpg,True,0.9047,802.8,79.0,908.9,186.7,False,False
Header/h94/Header_h94_f000156_t2.600.jpg,True,0.9045,818.6,56.2,924.5,162.1,False,False
Header/h94/Header_h94_f000162_t2.700.jpg,True,0.8957,830.5,36.7,936.2,144.5,False,False
Header/h94/Header_h94_f000168_t2.800.jpg,True,0.886,841.8,26.6,948.0,134.1,False,False
Header/h94/Header_h94_f000174_t2.900.jpg,True,0.9003,854.8,23.2,960.2,131.7,False,False
Header/h94/Header_h94_f000180_t3.000.jpg,True,0.9016,865.9,32.9,971.9,139.1,False,False
Header/h94/Header_h94_f000186_t3.100.jpg,True,0.8914,873.5,50.1,979.1,157.7,False,False
Header/h94/Header_h94_f000192_t3.200.jpg,True,0.91,875.7,80.2,979.7,187.9,False,False
Header/h94/Header_h94_f000198_t3.300.jpg,True,0.9169,868.4,107.0,975.3,218.5,False,False
Header/h94/Header_h94_f000204_t3.400.jpg,True,0.9238,852.1,101.4,959.8,208.3,False,False
Header/h94/Header_h94_f000210_t3.500.jpg,True,0.9304,821.9,78.8,929.9,188.5,False,False
Header/h94/Header_h94_f000216_t3.600.jpg,True,0.9254,784.5,58.4,893.7,167.2,False,False
Header/h94/Header_h94_f000222_t3.700.jpg,True,0.9104,746.6,47.7,851.8,159.9,False,False
Header/h94/Header_h94_f000228_t3.800.jpg,False,0.0,,,,,False,False
Header/h94/Header_h94_f000234_t3.900.jpg,True,0.8128,669.7,60.2,779.4,166.1,False,False
Header/h94/Header_h94_f000240_t4.000.jpg,True,0.8703,640.5,78.8,748.4,179.0,False,False
Header/h94/Header_h94_f000246_t4.100.jpg,True,0.867,624.3,99.0,732.6,211.3,False,False
Header/h94/Header_h94_f000252_t4.200.jpg,True,0.9065,622.4,132.0,734.5,247.5,False,False
Header/h94/Header_h94_f000258_t4.300.jpg,True,0.8831,1114.4,844.0,1184.9,908.5,False,False
Header/h94/Header_h94_f000264_t4.400.jpg,True,0.8975,1122.9,845.6,1193.0,911.8,False,False
Header/h94/Header_h94_f000270_t4.500.jpg,True,0.8979,1136.8,851.3,1209.1,917.2,False,False
Header/h94/Header_h94_f000276_t4.600.jpg,True,0.8851,1152.6,857.8,1224.5,925.6,False,False
Header/h94/Header_h94_f000282_t4.700.jpg,True,0.8076,1175.5,864.7,1249.4,933.6,False,False
Header/h94/Header_h94_f000288_t4.800.jpg,True,0.8835,1204.7,867.4,1283.3,940.9,False,False
Header/h94/Header_h94_f000294_t4.900.jpg,True,0.4274,1246.2,913.8,1323.6,946.3,False,False
Header/h94/Header_h94_f000300_t5.000.jpg,False,0.0,,,,,False,False
Header/h95/Header_h95_f000000_t0.000.jpg,False,0.0,,,,,False,False
Header/h95/Header_h95_f000006_t0.100.jpg,False,0.0,,,,,False,False
Header/h95/Header_h95_f000012_t0.200.jpg,False,0.1272,501.7,949.0,602.5,1041.9,True,False
Header/h95/Header_h95_f000018_t0.300.jpg,True,0.3196,1486.0,888.2,1545.3,943.8,False,False
Header/h95/Header_h95_f000024_t0.400.jpg,True,0.6127,585.1,965.5,685.0,1061.8,False,False
Header/h95/Header_h95_f000030_t0.500.jpg,True,0.5948,627.3,980.2,725.5,1070.0,False,False
Header/h95/Header_h95_f000036_t0.600.jpg,True,0.5817,1110.6,940.6,1129.5,961.2,False,False
Header/h95/Header_h95_f000042_t0.700.jpg,True,0.5588,1110.5,940.8,1129.6,961.2,False,False
Header/h95/Header_h95_f000048_t0.800.jpg,True,0.5436,1110.5,940.8,1129.5,961.1,False,False
Header/h95/Header_h95_f000054_t0.900.jpg,True,0.5338,1110.6,940.9,1129.5,960.9,False,False
Header/h95/Header_h95_f000060_t1.000.jpg,True,0.5424,1110.4,941.0,1129.5,960.7,False,False
Header/h95/Header_h95_f000066_t1.100.jpg,True,0.6087,1111.0,941.5,1129.3,960.7,False,False
Header/h95/Header_h95_f000072_t1.200.jpg,True,0.3859,1111.2,940.9,1131.0,962.1,False,False
Header/h95/Header_h95_f000078_t1.300.jpg,False,0.0,,,,,False,False
Header/h95/Header_h95_f000084_t1.400.jpg,False,0.2172,1067.5,697.5,1086.6,731.5,True,False
Header/h95/Header_h95_f000090_t1.500.jpg,False,0.1783,1056.8,607.9,1073.7,635.3,True,False
Header/h95/Header_h95_f000096_t1.600.jpg,False,0.0,,,,,False,False
Header/h95/Header_h95_f000102_t1.700.jpg,False,0.0,,,,,False,False
Header/h95/Header_h95_f000108_t1.800.jpg,False,0.0,,,,,False,False
Header/h95/Header_h95_f000114_t1.900.jpg,False,0.0,,,,,False,False
Header/h95/Header_h95_f000120_t2.000.jpg,False,0.0,,,,,False,False
Header/h95/Header_h95_f000126_t2.100.jpg,False,0.0,,,,,False,False
Header/h95/Header_h95_f000132_t2.200.jpg,False,0.0,,,,,False,False
Header/h95/Header_h95_f000138_t2.300.jpg,False,0.0,,,,,False,False
Header/h95/Header_h95_f000144_t2.400.jpg,False,0.0,,,,,False,False
Header/h95/Header_h95_f000150_t2.500.jpg,False,0.0,,,,,False,False
Header/h95/Header_h95_f000156_t2.600.jpg,False,0.0,,,,,False,False
Header/h95/Header_h95_f000162_t2.700.jpg,False,0.0,,,,,False,False
Header/h95/Header_h95_f000168_t2.800.jpg,False,0.0,,,,,False,False
Header/h95/Header_h95_f000174_t2.900.jpg,False,0.1155,922.9,370.5,945.2,384.7,True,False
Header/h95/Header_h95_f000180_t3.000.jpg,False,0.0,,,,,False,False
Header/h95/Header_h95_f000186_t3.100.jpg,False,0.2007,819.6,355.1,840.3,369.3,True,False
Header/h95/Header_h95_f000192_t3.200.jpg,True,0.2647,777.9,353.0,797.8,367.8,False,False
Header/h95/Header_h95_f000198_t3.300.jpg,True,0.494,741.3,355.6,759.7,370.3,False,False
Header/h95/Header_h95_f000204_t3.400.jpg,False,0.0,,,,,False,False
Header/h95/Header_h95_f000210_t3.500.jpg,False,0.0,,,,,False,False
Header/h95/Header_h95_f000216_t3.600.jpg,False,0.0,,,,,False,False
Header/h95/Header_h95_f000222_t3.700.jpg,False,0.0,,,,,False,False
Header/h95/Header_h95_f000228_t3.800.jpg,False,0.0,,,,,False,False
Header/h95/Header_h95_f000234_t3.900.jpg,False,0.0,,,,,False,False
Header/h95/Header_h95_f000240_t4.000.jpg,False,0.0,,,,,False,False
Header/h95/Header_h95_f000246_t4.100.jpg,False,0.0,,,,,False,False
Header/h95/Header_h95_f000252_t4.200.jpg,False,0.0,,,,,False,False
Header/h95/Header_h95_f000258_t4.300.jpg,False,0.0,,,,,False,False
Header/h95/Header_h95_f000264_t4.400.jpg,False,0.0,,,,,False,False
Header/h95/Header_h95_f000270_t4.500.jpg,False,0.0,,,,,False,False
Header/h95/Header_h95_f000276_t4.600.jpg,False,0.0,,,,,False,False
Header/h95/Header_h95_f000282_t4.700.jpg,False,0.0,,,,,False,False
Header/h95/Header_h95_f000288_t4.800.jpg,False,0.0,,,,,False,False
Header/h95/Header_h95_f000294_t4.900.jpg,False,0.0,,,,,False,False
Header/h95/Header_h95_f000300_t5.000.jpg,False,0.0,,,,,False,False
Header/h96/Header_h96_f000000_t0.000.jpg,False,0.0,,,,,False,False
Header/h96/Header_h96_f000006_t0.100.jpg,False,0.0,,,,,False,False
Header/h96/Header_h96_f000012_t0.200.jpg,False,0.0,,,,,False,False
Header/h96/Header_h96_f000018_t0.300.jpg,True,0.256,332.8,364.4,399.4,421.4,False,False
Header/h96/Header_h96_f000024_t0.400.jpg,False,0.1897,289.8,398.7,353.2,461.0,True,False
Header/h96/Header_h96_f000030_t0.500.jpg,False,0.0,,,,,False,False
Header/h96/Header_h96_f000036_t0.600.jpg,True,0.3186,249.6,478.9,316.0,546.9,False,False
Header/h96/Header_h96_f000042_t0.700.jpg,False,0.0,,,,,False,False
Header/h96/Header_h96_f000048_t0.800.jpg,False,0.0,,,,,False,False
Header/h96/Header_h96_f000054_t0.900.jpg,False,0.0,,,,,False,False
Header/h96/Header_h96_f000060_t1.000.jpg,False,0.0,,,,,False,False
Header/h96/Header_h96_f000066_t1.100.jpg,False,0.0,,,,,False,False
Header/h96/Header_h96_f000072_t1.200.jpg,False,0.0,,,,,False,False
Header/h96/Header_h96_f000078_t1.300.jpg,False,0.0,,,,,False,False
Header/h96/Header_h96_f000084_t1.400.jpg,False,0.0,,,,,False,False
Header/h96/Header_h96_f000090_t1.500.jpg,False,0.0,,,,,False,False
Header/h96/Header_h96_f000096_t1.600.jpg,False,0.0,,,,,False,False
Header/h96/Header_h96_f000102_t1.700.jpg,False,0.0,,,,,False,False
Header/h96/Header_h96_f000108_t1.800.jpg,False,0.0,,,,,False,False
Header/h96/Header_h96_f000114_t1.900.jpg,False,0.0,,,,,False,False
Header/h96/Header_h96_f000120_t2.000.jpg,False,0.0,,,,,False,False
Header/h96/Header_h96_f000126_t2.100.jpg,False,0.0,,,,,False,False
Header/h96/Header_h96_f000132_t2.200.jpg,False,0.0,,,,,False,False
Header/h96/Header_h96_f000138_t2.300.jpg,False,0.0,,,,,False,False
Header/h96/Header_h96_f000144_t2.400.jpg,False,0.0,,,,,False,False
Header/h96/Header_h96_f000150_t2.500.jpg,False,0.0,,,,,False,False
Header/h96/Header_h96_f000156_t2.600.jpg,False,0.0,,,,,False,False
Header/h96/Header_h96_f000162_t2.700.jpg,False,0.0,,,,,False,False
Header/h96/Header_h96_f000168_t2.800.jpg,False,0.0,,,,,False,False
Header/h96/Header_h96_f000174_t2.900.jpg,False,0.0,,,,,False,False
Header/h96/Header_h96_f000180_t3.000.jpg,False,0.0,,,,,False,False
Header/h96/Header_h96_f000186_t3.100.jpg,False,0.0,,,,,False,False
Header/h96/Header_h96_f000192_t3.200.jpg,False,0.0,,,,,False,False
Header/h96/Header_h96_f000198_t3.300.jpg,False,0.0,,,,,False,False
Header/h96/Header_h96_f000204_t3.400.jpg,False,0.0,,,,,False,False
Header/h96/Header_h96_f000210_t3.500.jpg,False,0.0,,,,,False,False
Header/h96/Header_h96_f000216_t3.600.jpg,False,0.0,,,,,False,False
Header/h96/Header_h96_f000222_t3.700.jpg,False,0.0,,,,,False,False
Header/h96/Header_h96_f000228_t3.800.jpg,False,0.0,,,,,False,False
Header/h96/Header_h96_f000234_t3.900.jpg,False,0.0,,,,,False,False
Header/h96/Header_h96_f000240_t4.000.jpg,False,0.0,,,,,False,False
Header/h96/Header_h96_f000246_t4.100.jpg,False,0.0,,,,,False,False
Header/h96/Header_h96_f000252_t4.200.jpg,False,0.0,,,,,False,False
Header/h96/Header_h96_f000258_t4.300.jpg,False,0.0,,,,,False,False
Header/h96/Header_h96_f000264_t4.400.jpg,False,0.0,,,,,False,False
Header/h96/Header_h96_f000270_t4.500.jpg,False,0.0,,,,,False,False
Header/h96/Header_h96_f000276_t4.600.jpg,False,0.0,,,,,False,False
Header/h96/Header_h96_f000282_t4.700.jpg,False,0.0,,,,,False,False
Header/h96/Header_h96_f000288_t4.800.jpg,False,0.0,,,,,False,False
Header/h96/Header_h96_f000294_t4.900.jpg,False,0.0,,,,,False,False
Header/h96/Header_h96_f000300_t5.000.jpg,False,0.0,,,,,False,False
Header/h97/Header_h97_f000000_t0.000.jpg,False,0.2142,1320.1,795.5,1402.1,875.5,True,False
Header/h97/Header_h97_f000006_t0.100.jpg,False,0.0,,,,,False,False
Header/h97/Header_h97_f000012_t0.200.jpg,False,0.129,806.3,660.8,830.2,680.0,True,False
Header/h97/Header_h97_f000018_t0.300.jpg,False,0.0,,,,,False,False
Header/h97/Header_h97_f000024_t0.400.jpg,False,0.0,,,,,False,False
Header/h97/Header_h97_f000030_t0.500.jpg,False,0.0,,,,,False,False
Header/h97/Header_h97_f000036_t0.600.jpg,False,0.0,,,,,False,False
Header/h97/Header_h97_f000042_t0.700.jpg,False,0.0,,,,,False,False
Header/h97/Header_h97_f000048_t0.800.jpg,False,0.0,,,,,False,False
Header/h97/Header_h97_f000054_t0.900.jpg,False,0.0,,,,,False,False
Header/h97/Header_h97_f000060_t1.000.jpg,False,0.0,,,,,False,False
Header/h97/Header_h97_f000066_t1.100.jpg,False,0.1797,1707.5,352.3,1722.7,369.9,True,False
Header/h97/Header_h97_f000072_t1.200.jpg,False,0.0,,,,,False,False
Header/h97/Header_h97_f000078_t1.300.jpg,False,0.0,,,,,False,False
Header/h97/Header_h97_f000084_t1.400.jpg,False,0.0,,,,,False,False
Header/h97/Header_h97_f000090_t1.500.jpg,False,0.0,,,,,False,False
Header/h97/Header_h97_f000096_t1.600.jpg,False,0.0,,,,,False,False
Header/h97/Header_h97_f000102_t1.700.jpg,False,0.0,,,,,False,False
Header/h97/Header_h97_f000108_t1.800.jpg,False,0.0,,,,,False,False
Header/h97/Header_h97_f000114_t1.900.jpg,False,0.2321,1825.6,557.6,1919.9,702.4,True,False
Header/h97/Header_h97_f000120_t2.000.jpg,False,0.0,,,,,False,False
Header/h97/Header_h97_f000126_t2.100.jpg,False,0.0,,,,,False,False
Header/h97/Header_h97_f000132_t2.200.jpg,False,0.0,,,,,False,False
Header/h97/Header_h97_f000138_t2.300.jpg,False,0.0,,,,,False,False
Header/h97/Header_h97_f000144_t2.400.jpg,False,0.1914,1800.2,582.0,1913.2,705.7,True,False
Header/h97/Header_h97_f000150_t2.500.jpg,False,0.1052,1791.4,574.4,1896.4,703.3,True,False
Header/h97/Header_h97_f000156_t2.600.jpg,False,0.0,,,,,False,False
Header/h97/Header_h97_f000162_t2.700.jpg,False,0.0,,,,,False,False
Header/h97/Header_h97_f000168_t2.800.jpg,False,0.0,,,,,False,False
Header/h97/Header_h97_f000174_t2.900.jpg,False,0.0,,,,,False,False
Header/h97/Header_h97_f000180_t3.000.jpg,False,0.0,,,,,False,False
Header/h97/Header_h97_f000186_t3.100.jpg,True,0.7341,1036.3,164.9,1103.0,233.3,False,False
Header/h97/Header_h97_f000192_t3.200.jpg,False,0.0,,,,,False,False
Header/h97/Header_h97_f000198_t3.300.jpg,True,0.5914,1036.2,312.8,1114.6,383.5,False,False
Header/h97/Header_h97_f000204_t3.400.jpg,False,0.2236,896.3,354.6,981.6,419.3,True,False
Header/h97/Header_h97_f000210_t3.500.jpg,False,0.0,,,,,False,False
Header/h97/Header_h97_f000216_t3.600.jpg,False,0.0,,,,,False,False
Header/h97/Header_h97_f000222_t3.700.jpg,False,0.0,,,,,False,False
Header/h97/Header_h97_f000228_t3.800.jpg,False,0.0,,,,,False,False
Header/h97/Header_h97_f000234_t3.900.jpg,True,0.6977,327.3,535.0,399.1,603.2,False,False
Header/h97/Header_h97_f000240_t4.000.jpg,False,0.1167,258.6,567.4,329.9,632.4,True,False
Header/h97/Header_h97_f000246_t4.100.jpg,True,0.355,224.4,601.5,290.6,667.3,False,False
Header/h97/Header_h97_f000252_t4.200.jpg,True,0.6015,214.1,637.7,281.2,705.8,False,False
Header/h97/Header_h97_f000258_t4.300.jpg,True,0.575,215.4,673.9,284.3,744.5,False,False
Header/h97/Header_h97_f000264_t4.400.jpg,True,0.6305,225.1,714.7,288.0,781.9,False,False
Header/h97/Header_h97_f000270_t4.500.jpg,True,0.5442,225.1,751.5,288.0,819.7,False,False
Header/h97/Header_h97_f000276_t4.600.jpg,False,0.0,,,,,False,False
Header/h97/Header_h97_f000282_t4.700.jpg,False,0.0,,,,,False,False
Header/h97/Header_h97_f000288_t4.800.jpg,False,0.1904,262.3,827.9,329.8,890.1,True,False
Header/h97/Header_h97_f000294_t4.900.jpg,False,0.0,,,,,False,False
Header/h97/Header_h97_f000300_t5.000.jpg,False,0.0,,,,,False,False
Header/h98/Header_h98_f000000_t0.000.jpg,False,0.1045,78.2,481.8,133.9,537.9,True,False
Header/h98/Header_h98_f000006_t0.100.jpg,True,0.3997,1427.0,412.3,1525.7,525.7,False,False
Header/h98/Header_h98_f000012_t0.200.jpg,False,0.1444,1454.3,488.4,1550.1,590.2,True,False
Header/h98/Header_h98_f000018_t0.300.jpg,False,0.0,,,,,False,False
Header/h98/Header_h98_f000024_t0.400.jpg,False,0.0,,,,,False,False
Header/h98/Header_h98_f000030_t0.500.jpg,True,0.556,1552.8,657.6,1650.3,755.0,False,False
Header/h98/Header_h98_f000036_t0.600.jpg,False,0.0,,,,,False,False
Header/h98/Header_h98_f000042_t0.700.jpg,False,0.0,,,,,False,False
Header/h98/Header_h98_f000048_t0.800.jpg,False,0.0,,,,,False,False
Header/h98/Header_h98_f000054_t0.900.jpg,False,0.0,,,,,False,False
Header/h98/Header_h98_f000060_t1.000.jpg,False,0.0,,,,,False,False
Header/h98/Header_h98_f000066_t1.100.jpg,False,0.0,,,,,False,False
Header/h98/Header_h98_f000072_t1.200.jpg,False,0.0,,,,,False,False
Header/h98/Header_h98_f000078_t1.300.jpg,False,0.0,,,,,False,False
Header/h98/Header_h98_f000084_t1.400.jpg,False,0.0,,,,,False,False
Header/h98/Header_h98_f000090_t1.500.jpg,False,0.0,,,,,False,False
Header/h98/Header_h98_f000096_t1.600.jpg,False,0.0,,,,,False,False
Header/h98/Header_h98_f000102_t1.700.jpg,False,0.0,,,,,False,False
Header/h98/Header_h98_f000108_t1.800.jpg,False,0.0,,,,,False,False
Header/h98/Header_h98_f000114_t1.900.jpg,False,0.0,,,,,False,False
Header/h98/Header_h98_f000120_t2.000.jpg,False,0.0,,,,,False,False
Header/h98/Header_h98_f000126_t2.100.jpg,False,0.0,,,,,False,False
Header/h98/Header_h98_f000132_t2.200.jpg,False,0.0,,,,,False,False
Header/h98/Header_h98_f000138_t2.300.jpg,False,0.0,,,,,False,False
Header/h98/Header_h98_f000144_t2.400.jpg,False,0.0,,,,,False,False
Header/h98/Header_h98_f000150_t2.500.jpg,False,0.0,,,,,False,False
Header/h98/Header_h98_f000156_t2.600.jpg,False,0.0,,,,,False,False
Header/h98/Header_h98_f000162_t2.700.jpg,False,0.0,,,,,False,False
Header/h98/Header_h98_f000168_t2.800.jpg,False,0.0,,,,,False,False
Header/h98/Header_h98_f000174_t2.900.jpg,False,0.0,,,,,False,False
Header/h98/Header_h98_f000180_t3.000.jpg,False,0.0,,,,,False,False
Header/h98/Header_h98_f000186_t3.100.jpg,False,0.0,,,,,False,False
Header/h98/Header_h98_f000192_t3.200.jpg,False,0.0,,,,,False,False
Header/h98/Header_h98_f000198_t3.300.jpg,False,0.0,,,,,False,False
Header/h98/Header_h98_f000204_t3.400.jpg,False,0.0,,,,,False,False
Header/h98/Header_h98_f000210_t3.500.jpg,False,0.0,,,,,False,False
Header/h98/Header_h98_f000216_t3.600.jpg,False,0.0,,,,,False,False
Header/h98/Header_h98_f000222_t3.700.jpg,False,0.0,,,,,False,False
Header/h98/Header_h98_f000228_t3.800.jpg,False,0.0,,,,,False,False
Header/h98/Header_h98_f000234_t3.900.jpg,False,0.0,,,,,False,False
Header/h98/Header_h98_f000240_t4.000.jpg,False,0.0,,,,,False,False
Header/h98/Header_h98_f000246_t4.100.jpg,False,0.0,,,,,False,False
Header/h98/Header_h98_f000252_t4.200.jpg,False,0.0,,,,,False,False
Header/h98/Header_h98_f000258_t4.300.jpg,False,0.0,,,,,False,False
Header/h98/Header_h98_f000264_t4.400.jpg,False,0.0,,,,,False,False
Header/h98/Header_h98_f000270_t4.500.jpg,False,0.0,,,,,False,False
Header/h98/Header_h98_f000276_t4.600.jpg,False,0.0,,,,,False,False
Header/h98/Header_h98_f000282_t4.700.jpg,False,0.0,,,,,False,False
Header/h98/Header_h98_f000288_t4.800.jpg,False,0.0,,,,,False,False
Header/h98/Header_h98_f000294_t4.900.jpg,False,0.0,,,,,False,False
Header/h98/Header_h98_f000300_t5.000.jpg,False,0.0,,,,,False,False
Header/h99/Header_h99_f000000_t0.000.jpg,False,0.203,861.1,235.8,892.9,277.8,True,False
Header/h99/Header_h99_f000006_t0.100.jpg,True,0.2944,766.3,237.8,831.7,289.8,False,False
Header/h99/Header_h99_f000012_t0.200.jpg,False,0.1394,765.4,57.2,837.5,121.1,True,False
Header/h99/Header_h99_f000018_t0.300.jpg,False,0.0,,,,,False,False
Header/h99/Header_h99_f000024_t0.400.jpg,False,0.2182,598.2,113.1,640.5,153.2,True,False
Header/h99/Header_h99_f000030_t0.500.jpg,False,0.2211,518.1,104.2,562.5,146.8,True,False
Header/h99/Header_h99_f000036_t0.600.jpg,True,0.2616,848.8,814.5,917.0,866.0,False,False
Header/h99/Header_h99_f000042_t0.700.jpg,False,0.1045,299.8,904.1,396.7,992.8,True,False
Header/h99/Header_h99_f000048_t0.800.jpg,False,0.0,,,,,False,False
Header/h99/Header_h99_f000054_t0.900.jpg,False,0.0,,,,,False,False
Header/h99/Header_h99_f000060_t1.000.jpg,False,0.0,,,,,False,False
Header/h99/Header_h99_f000066_t1.100.jpg,False,0.16,1012.9,631.5,1043.4,665.8,True,False
Header/h99/Header_h99_f000072_t1.200.jpg,False,0.0,,,,,False,False
Header/h99/Header_h99_f000078_t1.300.jpg,False,0.1735,1027.0,586.0,1064.4,628.7,True,False
Header/h99/Header_h99_f000084_t1.400.jpg,False,0.1643,1072.7,599.0,1103.3,636.1,True,False
Header/h99/Header_h99_f000090_t1.500.jpg,True,0.5662,1040.4,538.5,1079.4,586.1,False,False
Header/h99/Header_h99_f000096_t1.600.jpg,True,0.6696,1044.7,514.4,1085.9,564.2,False,False
Header/h99/Header_h99_f000102_t1.700.jpg,True,0.3261,1054.2,494.1,1090.9,543.7,False,False
Header/h99/Header_h99_f000108_t1.800.jpg,True,0.3492,1058.9,468.0,1103.5,528.1,False,False
Header/h99/Header_h99_f000114_t1.900.jpg,False,0.2272,1068.0,446.1,1109.0,505.6,True,False
Header/h99/Header_h99_f000120_t2.000.jpg,False,0.1458,1078.8,419.5,1121.3,486.4,True,False
Header/h99/Header_h99_f000126_t2.100.jpg,False,0.0,,,,,False,False
Header/h99/Header_h99_f000132_t2.200.jpg,False,0.0,,,,,False,False
Header/h99/Header_h99_f000138_t2.300.jpg,False,0.0,,,,,False,False
Header/h99/Header_h99_f000144_t2.400.jpg,True,0.4826,1490.6,0.5,1577.9,63.1,False,False
Header/h99/Header_h99_f000150_t2.500.jpg,True,0.8466,1458.6,4.7,1549.6,93.1,False,False
Header/h99/Header_h99_f000156_t2.600.jpg,True,0.8552,1422.4,32.8,1515.7,124.2,False,False
Header/h99/Header_h99_f000162_t2.700.jpg,True,0.698,1383.7,65.2,1479.2,164.2,False,False
Header/h99/Header_h99_f000168_t2.800.jpg,False,0.0,,,,,False,True
Header/h99/Header_h99_f000174_t2.900.jpg,False,0.0,,,,,False,True
Header/h99/Header_h99_f000180_t3.000.jpg,False,0.0,,,,,False,True
Header/h99/Header_h99_f000186_t3.100.jpg,False,0.0,,,,,False,True
Header/h99/Header_h99_f000192_t3.200.jpg,False,0.0,,,,,False,True
Header/h99/Header_h99_f000198_t3.300.jpg,False,0.0,,,,,False,True
Header/h99/Header_h99_f000204_t3.400.jpg,False,0.0,,,,,False,True
Header/h99/Header_h99_f000210_t3.500.jpg,False,0.0,,,,,False,True
Header/h99/Header_h99_f000216_t3.600.jpg,False,0.0,,,,,False,True
Header/h99/Header_h99_f000222_t3.700.jpg,False,0.0,,,,,False,True
Header/h99/Header_h99_f000228_t3.800.jpg,False,0.0,,,,,False,True
Header/h99/Header_h99_f000234_t3.900.jpg,False,0.0,,,,,False,True
Header/h99/Header_h99_f000240_t4.000.jpg,False,0.0,,,,,False,True
Header/h99/Header_h99_f000246_t4.100.jpg,False,0.0,,,,,False,True
Header/h99/Header_h99_f000252_t4.200.jpg,False,0.0,,,,,False,True
Header/h99/Header_h99_f000258_t4.300.jpg,False,0.0,,,,,False,True
Header/h99/Header_h99_f000264_t4.400.jpg,False,0.0,,,,,False,True
Header/h99/Header_h99_f000270_t4.500.jpg,False,0.0,,,,,False,True
Header/h99/Header_h99_f000276_t4.600.jpg,False,0.0,,,,,False,True
Header/h99/Header_h99_f000282_t4.700.jpg,False,0.0,,,,,False,True
Header/h99/Header_h99_f000288_t4.800.jpg,False,0.0,,,,,False,True
Header/h99/Header_h99_f000294_t4.900.jpg,False,0.0,,,,,False,True
Header/h99/Header_h99_f000300_t5.000.jpg,False,0.0,,,,,False,True
Header/h99/Header_h99_f000306_t5.100.jpg,False,0.0,,,,,False,True
Header/h99/Header_h99_f000312_t5.200.jpg,False,0.0,,,,,False,True
Header/h99/Header_h99_f000318_t5.300.jpg,False,0.0,,,,,False,True
Header/h99/Header_h99_f000324_t5.400.jpg,False,0.0,,,,,False,True
Header/h99/Header_h99_f000330_t5.500.jpg,False,0.0,,,,,False,True
Header/h99/Header_h99_f000336_t5.600.jpg,False,0.0,,,,,False,True
Header/h99/Header_h99_f000342_t5.700.jpg,False,0.0,,,,,False,True
Header/h99/Header_h99_f000348_t5.800.jpg,False,0.0,,,,,False,True
Header/h99/Header_h99_f000354_t5.900.jpg,False,0.0,,,,,False,True
Header/h99/Header_h99_f000360_t6.000.jpg,False,0.0,,,,,False,True
Non_Header/h1/NonHeader_h1_f000000_t0.000.jpg,False,0.1406,1376.2,559.7,1399.8,581.5,True,False
Non_Header/h1/NonHeader_h1_f000030_t0.500.jpg,True,0.4971,1180.3,605.7,1202.6,626.0,False,False
Non_Header/h1/NonHeader_h1_f000060_t1.000.jpg,False,0.0,,,,,False,False
Non_Header/h1/NonHeader_h1_f000090_t1.500.jpg,False,0.0,,,,,False,False
Non_Header/h1/NonHeader_h1_f000120_t2.000.jpg,False,0.156,1255.8,619.2,1276.6,638.2,True,False
Non_Header/h1/NonHeader_h1_f000150_t2.500.jpg,True,0.4936,1436.4,820.7,1461.4,846.1,False,False
Non_Header/h1/NonHeader_h1_f000180_t3.000.jpg,False,0.1943,1408.7,914.2,1437.5,940.6,True,False
Non_Header/h1/NonHeader_h1_f000210_t3.500.jpg,True,0.5791,1327.7,927.2,1353.5,949.5,False,False
Non_Header/h1/NonHeader_h1_f000240_t4.000.jpg,True,0.3513,1293.5,913.9,1318.6,938.0,False,False
Non_Header/h1/NonHeader_h1_f000270_t4.500.jpg,False,0.0,,,,,False,False
Non_Header/h1/NonHeader_h1_f000300_t5.000.jpg,True,0.364,1311.7,910.3,1337.0,935.2,False,False
Non_Header/h1/NonHeader_h1_f000330_t5.500.jpg,False,0.0,,,,,False,False
Non_Header/h1/NonHeader_h1_f000360_t6.000.jpg,False,0.0,,,,,False,False
Non_Header/h1/NonHeader_h1_f000390_t6.500.jpg,True,0.4901,992.6,232.6,1006.0,247.1,False,False
Non_Header/h1/NonHeader_h1_f000420_t7.000.jpg,False,0.0,,,,,False,False
Non_Header/h1/NonHeader_h1_f000450_t7.500.jpg,False,0.0,,,,,False,False
Non_Header/h1/NonHeader_h1_f000480_t8.000.jpg,True,0.4004,1248.2,427.6,1267.1,442.8,False,False
Non_Header/h10/NonHeader_h10_f000000_t0.000.jpg,False,0.0,,,,,False,False
Non_Header/h10/NonHeader_h10_f000030_t0.500.jpg,False,0.0,,,,,False,False
Non_Header/h10/NonHeader_h10_f000060_t1.000.jpg,False,0.0,,,,,False,False
Non_Header/h10/NonHeader_h10_f000090_t1.500.jpg,False,0.0,,,,,False,False
Non_Header/h10/NonHeader_h10_f000120_t2.000.jpg,False,0.0,,,,,False,False
Non_Header/h10/NonHeader_h10_f000150_t2.500.jpg,False,0.0,,,,,False,False
Non_Header/h10/NonHeader_h10_f000180_t3.000.jpg,False,0.0,,,,,False,False
Non_Header/h10/NonHeader_h10_f000210_t3.500.jpg,False,0.0,,,,,False,False
Non_Header/h10/NonHeader_h10_f000240_t4.000.jpg,False,0.0,,,,,False,False
Non_Header/h10/NonHeader_h10_f000270_t4.500.jpg,False,0.0,,,,,False,False
Non_Header/h10/NonHeader_h10_f000300_t5.000.jpg,False,0.0,,,,,False,False
Non_Header/h10/NonHeader_h10_f000330_t5.500.jpg,False,0.0,,,,,False,False
Non_Header/h10/NonHeader_h10_f000360_t6.000.jpg,False,0.0,,,,,False,False
Non_Header/h10/NonHeader_h10_f000390_t6.500.jpg,False,0.0,,,,,False,False
Non_Header/h10/NonHeader_h10_f000420_t7.000.jpg,False,0.0,,,,,False,False
Non_Header/h10/NonHeader_h10_f000450_t7.500.jpg,False,0.0,,,,,False,False
Non_Header/h10/NonHeader_h10_f000480_t8.000.jpg,False,0.0,,,,,False,False
Non_Header/h10/NonHeader_h10_f000510_t8.500.jpg,False,0.0,,,,,False,False
Non_Header/h10/NonHeader_h10_f000540_t9.000.jpg,False,0.0,,,,,False,False
Non_Header/h100/NonHeader_h100_f000000_t0.000.jpg,True,0.3874,497.2,514.7,511.2,530.8,False,False
Non_Header/h100/NonHeader_h100_f000030_t0.500.jpg,False,0.0,,,,,False,False
Non_Header/h100/NonHeader_h100_f000060_t1.000.jpg,False,0.0,,,,,False,False
Non_Header/h100/NonHeader_h100_f000090_t1.500.jpg,False,0.2452,481.8,510.6,498.7,529.7,True,False
Non_Header/h100/NonHeader_h100_f000120_t2.000.jpg,False,0.1509,602.9,479.2,622.8,495.3,True,False
Non_Header/h100/NonHeader_h100_f000150_t2.500.jpg,True,0.3338,869.5,431.0,888.2,449.5,False,False
Non_Header/h100/NonHeader_h100_f000180_t3.000.jpg,False,0.0,,,,,False,False
Non_Header/h100/NonHeader_h100_f000210_t3.500.jpg,True,0.3202,841.3,491.0,856.4,505.7,False,False
Non_Header/h100/NonHeader_h100_f000240_t4.000.jpg,False,0.0,,,,,False,False
Non_Header/h100/NonHeader_h100_f000270_t4.500.jpg,False,0.0,,,,,False,False
Non_Header/h100/NonHeader_h100_f000300_t5.000.jpg,False,0.0,,,,,False,False
Non_Header/h100/NonHeader_h100_f000330_t5.500.jpg,False,0.1085,727.6,554.4,746.1,568.6,True,False
Non_Header/h100/NonHeader_h100_f000360_t6.000.jpg,True,0.3026,770.8,560.8,788.3,577.7,False,False
Non_Header/h100/NonHeader_h100_f000390_t6.500.jpg,False,0.0,,,,,False,False
Non_Header/h100/NonHeader_h100_f000420_t7.000.jpg,True,0.2916,825.1,589.8,841.6,605.0,False,False
Non_Header/h100/NonHeader_h100_f000450_t7.500.jpg,True,0.7578,977.0,647.5,995.5,665.1,False,False
Non_Header/h101/NonHeader_h101_f000000_t0.000.jpg,False,0.0,,,,,False,False
Non_Header/h101/NonHeader_h101_f000030_t0.500.jpg,False,0.0,,,,,False,False
Non_Header/h101/NonHeader_h101_f000060_t1.000.jpg,False,0.1671,907.9,733.1,925.8,748.9,True,False
Non_Header/h101/NonHeader_h101_f000090_t1.500.jpg,False,0.0,,,,,False,False
Non_Header/h101/NonHeader_h101_f000120_t2.000.jpg,False,0.0,,,,,False,False
Non_Header/h101/NonHeader_h101_f000150_t2.500.jpg,True,0.3577,820.1,726.8,839.4,745.4,False,False
Non_Header/h101/NonHeader_h101_f000180_t3.000.jpg,False,0.2392,835.1,712.4,853.6,730.5,True,False
Non_Header/h101/NonHeader_h101_f000210_t3.500.jpg,True,0.5479,867.4,499.5,880.9,516.7,False,False
Non_Header/h101/NonHeader_h101_f000240_t4.000.jpg,True,0.7163,881.1,317.7,895.4,334.7,False,False
Non_Header/h101/NonHeader_h101_f000270_t4.500.jpg,False,0.0,,,,,False,False
Non_Header/h101/NonHeader_h101_f000300_t5.000.jpg,False,0.0,,,,,False,False
Non_Header/h101/NonHeader_h101_f000330_t5.500.jpg,True,0.3074,695.0,310.9,709.6,325.1,False,False
Non_Header/h101/NonHeader_h101_f000360_t6.000.jpg,False,0.0,,,,,False,False
Non_Header/h101/NonHeader_h101_f000390_t6.500.jpg,False,0.0,,,,,False,False
Non_Header/h101/NonHeader_h101_f000420_t7.000.jpg,False,0.0,,,,,False,False
Non_Header/h101/NonHeader_h101_f000450_t7.500.jpg,False,0.0,,,,,False,False
Non_Header/h101/NonHeader_h101_f000480_t8.000.jpg,False,0.0,,,,,False,False
Non_Header/h101/NonHeader_h101_f000510_t8.500.jpg,False,0.0,,,,,False,False
Non_Header/h101/NonHeader_h101_f000540_t9.000.jpg,False,0.0,,,,,False,False
Non_Header/h101/NonHeader_h101_f000570_t9.500.jpg,False,0.0,,,,,False,False
Non_Header/h102/NonHeader_h102_f000000_t0.000.jpg,False,0.0,,,,,False,False
Non_Header/h102/NonHeader_h102_f000030_t0.500.jpg,True,0.3359,567.9,664.2,593.6,689.4,False,False
Non_Header/h102/NonHeader_h102_f000060_t1.000.jpg,True,0.6889,512.7,657.7,538.6,683.6,False,False
Non_Header/h102/NonHeader_h102_f000090_t1.500.jpg,True,0.5636,489.0,645.0,514.1,670.6,False,False
Non_Header/h102/NonHeader_h102_f000120_t2.000.jpg,True,0.7269,676.3,353.8,704.4,384.3,False,False
Non_Header/h102/NonHeader_h102_f000150_t2.500.jpg,True,0.5519,831.2,173.8,851.5,192.6,False,False
Non_Header/h102/NonHeader_h102_f000180_t3.000.jpg,False,0.0,,,,,False,False
Non_Header/h102/NonHeader_h102_f000210_t3.500.jpg,False,0.0,,,,,False,False
Non_Header/h102/NonHeader_h102_f000240_t4.000.jpg,True,0.7025,539.7,180.7,570.2,206.7,False,False
Non_Header/h102/NonHeader_h102_f000270_t4.500.jpg,False,0.0,,,,,False,False
Non_Header/h102/NonHeader_h102_f000300_t5.000.jpg,True,0.5885,485.0,319.5,507.8,347.1,False,False
Non_Header/h102/NonHeader_h102_f000330_t5.500.jpg,True,0.3356,551.3,304.8,568.8,322.6,False,False
Non_Header/h102/NonHeader_h102_f000360_t6.000.jpg,True,0.5915,596.7,299.4,614.6,316.5,False,False
Non_Header/h102/NonHeader_h102_f000390_t6.500.jpg,False,0.0,,,,,False,False
Non_Header/h102/NonHeader_h102_f000420_t7.000.jpg,False,0.0,,,,,False,False
Non_Header/h102/NonHeader_h102_f000450_t7.500.jpg,True,0.7529,818.0,326.3,840.2,348.4,False,False
Non_Header/h102/NonHeader_h102_f000480_t8.000.jpg,True,0.6617,921.2,320.1,955.5,349.8,False,False
Non_Header/h102/NonHeader_h102_f000510_t8.500.jpg,True,0.271,1136.5,442.7,1171.7,479.3,False,False
Non_Header/h11/NonHeader_h11_f000000_t0.000.jpg,True,0.2873,1247.8,427.3,1267.9,442.7,False,False
Non_Header/h11/NonHeader_h11_f000030_t0.500.jpg,True,0.2995,1366.2,471.8,1383.3,490.3,False,False
Non_Header/h11/NonHeader_h11_f000060_t1.000.jpg,False,0.0,,,,,False,False
Non_Header/h11/NonHeader_h11_f000090_t1.500.jpg,False,0.0,,,,,False,False
Non_Header/h11/NonHeader_h11_f000120_t2.000.jpg,False,0.2212,1220.4,467.3,1245.8,486.7,True,False
Non_Header/h11/NonHeader_h11_f000150_t2.500.jpg,True,0.2585,1628.8,152.6,1658.8,176.8,False,False
Non_Header/h11/NonHeader_h11_f000180_t3.000.jpg,True,0.5653,1137.1,418.9,1158.1,440.5,False,False
Non_Header/h11/NonHeader_h11_f000210_t3.500.jpg,False,0.0,,,,,False,False
Non_Header/h11/NonHeader_h11_f000240_t4.000.jpg,False,0.0,,,,,False,False
Non_Header/h11/NonHeader_h11_f000270_t4.500.jpg,True,0.5233,1539.1,396.2,1562.1,416.7,False,False
Non_Header/h11/NonHeader_h11_f000300_t5.000.jpg,False,0.199,1381.9,394.4,1407.9,415.8,True,False
Non_Header/h11/NonHeader_h11_f000330_t5.500.jpg,True,0.41,1190.2,381.6,1214.5,405.6,False,False
Non_Header/h11/NonHeader_h11_f000360_t6.000.jpg,False,0.0,,,,,False,False
Non_Header/h11/NonHeader_h11_f000390_t6.500.jpg,True,0.6499,1316.6,375.5,1335.8,396.1,False,False
Non_Header/h11/NonHeader_h11_f000420_t7.000.jpg,True,0.6253,1303.1,374.7,1321.5,394.6,False,False
Non_Header/h11/NonHeader_h11_f000450_t7.500.jpg,False,0.166,1422.4,381.3,1443.7,404.2,True,False
Non_Header/h11/NonHeader_h11_f000480_t8.000.jpg,False,0.0,,,,,False,False
Non_Header/h11/NonHeader_h11_f000510_t8.500.jpg,False,0.0,,,,,False,False
Non_Header/h11/NonHeader_h11_f000540_t9.000.jpg,False,0.0,,,,,False,False
Non_Header/h12/NonHeader_h12_f000000_t0.000.jpg,False,0.0,,,,,False,False
Non_Header/h12/NonHeader_h12_f000030_t0.500.jpg,False,0.0,,,,,False,False
Non_Header/h12/NonHeader_h12_f000060_t1.000.jpg,False,0.0,,,,,False,False
Non_Header/h12/NonHeader_h12_f000090_t1.500.jpg,False,0.0,,,,,False,False
Non_Header/h12/NonHeader_h12_f000120_t2.000.jpg,False,0.0,,,,,False,False
Non_Header/h12/NonHeader_h12_f000150_t2.500.jpg,False,0.0,,,,,False,False
Non_Header/h12/NonHeader_h12_f000180_t3.000.jpg,False,0.0,,,,,False,False
Non_Header/h12/NonHeader_h12_f000210_t3.500.jpg,False,0.0,,,,,False,False
Non_Header/h12/NonHeader_h12_f000240_t4.000.jpg,False,0.0,,,,,False,False
Non_Header/h12/NonHeader_h12_f000270_t4.500.jpg,False,0.0,,,,,False,False
Non_Header/h12/NonHeader_h12_f000300_t5.000.jpg,False,0.0,,,,,False,False
Non_Header/h12/NonHeader_h12_f000330_t5.500.jpg,False,0.0,,,,,False,False
Non_Header/h12/NonHeader_h12_f000360_t6.000.jpg,False,0.2074,1699.4,546.1,1727.9,583.8,True,False
Non_Header/h12/NonHeader_h12_f000390_t6.500.jpg,False,0.1237,271.1,476.4,282.0,488.8,True,False
Non_Header/h12/NonHeader_h12_f000420_t7.000.jpg,False,0.0,,,,,False,False
Non_Header/h12/NonHeader_h12_f000450_t7.500.jpg,False,0.0,,,,,False,False
Non_Header/h12/NonHeader_h12_f000480_t8.000.jpg,False,0.0,,,,,False,False
Non_Header/h13/NonHeader_h13_f000000_t0.000.jpg,False,0.0,,,,,False,False
Non_Header/h13/NonHeader_h13_f000030_t0.500.jpg,False,0.0,,,,,False,False
Non_Header/h13/NonHeader_h13_f000060_t1.000.jpg,False,0.0,,,,,False,False
Non_Header/h13/NonHeader_h13_f000090_t1.500.jpg,False,0.0,,,,,False,False
Non_Header/h13/NonHeader_h13_f000120_t2.000.jpg,False,0.2238,824.1,267.4,846.0,294.4,True,False
Non_Header/h13/NonHeader_h13_f000150_t2.500.jpg,False,0.0,,,,,False,False
Non_Header/h13/NonHeader_h13_f000180_t3.000.jpg,False,0.0,,,,,False,False
Non_Header/h13/NonHeader_h13_f000210_t3.500.jpg,False,0.0,,,,,False,False
Non_Header/h13/NonHeader_h13_f000240_t4.000.jpg,False,0.0,,,,,False,False
Non_Header/h13/NonHeader_h13_f000270_t4.500.jpg,False,0.0,,,,,False,False
Non_Header/h13/NonHeader_h13_f000300_t5.000.jpg,False,0.0,,,,,False,False
Non_Header/h13/NonHeader_h13_f000330_t5.500.jpg,False,0.1212,1416.2,447.4,1431.9,463.2,True,False
Non_Header/h13/NonHeader_h13_f000360_t6.000.jpg,False,0.0,,,,,False,False
Non_Header/h13/NonHeader_h13_f000390_t6.500.jpg,False,0.0,,,,,False,False
Non_Header/h13/NonHeader_h13_f000420_t7.000.jpg,True,0.3475,1592.4,539.8,1611.3,556.9,False,False
Non_Header/h13/NonHeader_h13_f000450_t7.500.jpg,False,0.0,,,,,False,False
Non_Header/h13/NonHeader_h13_f000480_t8.000.jpg,False,0.0,,,,,False,False
Non_Header/h13/NonHeader_h13_f000510_t8.500.jpg,False,0.0,,,,,False,False
Non_Header/h13/NonHeader_h13_f000540_t9.000.jpg,True,0.6279,1535.6,703.1,1557.7,720.3,False,False
Non_Header/h14/NonHeader_h14_f000000_t0.000.jpg,True,0.5235,1526.4,704.5,1549.7,723.1,False,False
Non_Header/h14/NonHeader_h14_f000030_t0.500.jpg,False,0.1478,196.0,565.5,213.5,591.1,True,False
Non_Header/h14/NonHeader_h14_f000060_t1.000.jpg,True,0.6888,1397.2,930.0,1419.0,954.4,False,False
Non_Header/h14/NonHeader_h14_f000090_t1.500.jpg,True,0.6739,1403.6,983.2,1428.0,1007.3,False,False
Non_Header/h14/NonHeader_h14_f000120_t2.000.jpg,True,0.7139,1427.3,973.1,1449.6,997.2,False,False
Non_Header/h14/NonHeader_h14_f000150_t2.500.jpg,True,0.6602,1474.6,970.7,1497.0,993.3,False,False
Non_Header/h14/NonHeader_h14_f000180_t3.000.jpg,False,0.0,,,,,False,False
Non_Header/h14/NonHeader_h14_f000210_t3.500.jpg,False,0.166,1403.1,723.6,1423.5,743.6,True,False
Non_Header/h14/NonHeader_h14_f000240_t4.000.jpg,True,0.6022,1436.9,711.6,1454.8,728.9,False,False
Non_Header/h14/NonHeader_h14_f000270_t4.500.jpg,True,0.4602,1694.1,669.7,1712.1,686.3,False,False
Non_Header/h14/NonHeader_h14_f000300_t5.000.jpg,False,0.0,,,,,False,False
Non_Header/h14/NonHeader_h14_f000330_t5.500.jpg,False,0.1021,1644.9,607.1,1660.1,620.9,True,False
Non_Header/h14/NonHeader_h14_f000360_t6.000.jpg,False,0.0,,,,,False,False
Non_Header/h14/NonHeader_h14_f000390_t6.500.jpg,True,0.543,1600.2,667.8,1615.8,681.3,False,False
Non_Header/h14/NonHeader_h14_f000420_t7.000.jpg,False,0.0,,,,,False,False
Non_Header/h14/NonHeader_h14_f000450_t7.500.jpg,True,0.577,1505.0,781.1,1521.0,798.1,False,False
Non_Header/h14/NonHeader_h14_f000480_t8.000.jpg,True,0.4612,1463.3,799.8,1482.2,818.1,False,False
Non_Header/h14/NonHeader_h14_f000510_t8.500.jpg,False,0.1153,1441.9,804.0,1460.5,823.8,True,False
Non_Header/h14/NonHeader_h14_f000540_t9.000.jpg,False,0.0,,,,,False,False
Non_Header/h14/NonHeader_h14_f000570_t9.500.jpg,False,0.0,,,,,False,False
Non_Header/h14/NonHeader_h14_f000600_t10.000.jpg,False,0.0,,,,,False,False
Non_Header/h15/NonHeader_h15_f000000_t0.000.jpg,False,0.0,,,,,False,False
Non_Header/h15/NonHeader_h15_f000030_t0.500.jpg,False,0.0,,,,,False,False
Non_Header/h15/NonHeader_h15_f000060_t1.000.jpg,False,0.0,,,,,False,False
Non_Header/h15/NonHeader_h15_f000090_t1.500.jpg,False,0.0,,,,,False,False
Non_Header/h15/NonHeader_h15_f000120_t2.000.jpg,False,0.0,,,,,False,False
Non_Header/h15/NonHeader_h15_f000150_t2.500.jpg,False,0.0,,,,,False,False
Non_Header/h15/NonHeader_h15_f000180_t3.000.jpg,True,0.4841,1547.1,686.8,1564.3,704.7,False,False
Non_Header/h15/NonHeader_h15_f000210_t3.500.jpg,False,0.2416,1480.6,679.1,1498.2,696.1,True,False
Non_Header/h15/NonHeader_h15_f000240_t4.000.jpg,False,0.225,1435.1,655.6,1453.2,672.5,True,False
Non_Header/h15/NonHeader_h15_f000270_t4.500.jpg,False,0.0,,,,,False,False
Non_Header/h15/NonHeader_h15_f000300_t5.000.jpg,False,0.0,,,,,False,False
Non_Header/h15/NonHeader_h15_f000330_t5.500.jpg,True,0.452,1558.4,777.8,1577.2,795.9,False,False
Non_Header/h15/NonHeader_h15_f000360_t6.000.jpg,False,0.2454,1628.6,764.0,1653.8,779.6,True,False
Non_Header/h15/NonHeader_h15_f000390_t6.500.jpg,False,0.1874,335.4,124.2,359.5,151.9,True,False
Non_Header/h15/NonHeader_h15_f000420_t7.000.jpg,False,0.0,,,,,False,False
Non_Header/h15/NonHeader_h15_f000450_t7.500.jpg,False,0.0,,,,,False,False
Non_Header/h15/NonHeader_h15_f000480_t8.000.jpg,True,0.2513,1580.8,622.0,1597.0,638.6,False,False
Non_Header/h16/NonHeader_h16_f000000_t0.000.jpg,True,0.2558,1581.1,622.1,1596.7,638.7,False,False
Non_Header/h16/NonHeader_h16_f000030_t0.500.jpg,True,0.4308,1581.8,616.0,1598.3,632.4,False,False
Non_Header/h16/NonHeader_h16_f000060_t1.000.jpg,False,0.0,,,,,False,False
Non_Header/h16/NonHeader_h16_f000090_t1.500.jpg,False,0.1913,1574.7,494.7,1587.6,507.2,True,False
Non_Header/h16/NonHeader_h16_f000120_t2.000.jpg,True,0.3544,1556.7,447.6,1568.3,458.2,False,False
Non_Header/h16/NonHeader_h16_f000150_t2.500.jpg,False,0.0,,,,,False,False
Non_Header/h16/NonHeader_h16_f000180_t3.000.jpg,True,0.2686,1526.3,428.1,1540.1,441.7,False,False
Non_Header/h16/NonHeader_h16_f000210_t3.500.jpg,False,0.0,,,,,False,False
Non_Header/h16/NonHeader_h16_f000240_t4.000.jpg,False,0.0,,,,,False,False
Non_Header/h16/NonHeader_h16_f000270_t4.500.jpg,False,0.0,,,,,False,False
Non_Header/h16/NonHeader_h16_f000300_t5.000.jpg,False,0.0,,,,,False,False
Non_Header/h16/NonHeader_h16_f000330_t5.500.jpg,False,0.0,,,,,False,False
Non_Header/h16/NonHeader_h16_f000360_t6.000.jpg,False,0.0,,,,,False,False
Non_Header/h16/NonHeader_h16_f000390_t6.500.jpg,False,0.0,,,,,False,False
Non_Header/h16/NonHeader_h16_f000420_t7.000.jpg,False,0.0,,,,,False,False
Non_Header/h16/NonHeader_h16_f000450_t7.500.jpg,False,0.0,,,,,False,False
Non_Header/h16/NonHeader_h16_f000480_t8.000.jpg,False,0.0,,,,,False,False
Non_Header/h16/NonHeader_h16_f000510_t8.500.jpg,False,0.0,,,,,False,False
Non_Header/h16/NonHeader_h16_f000540_t9.000.jpg,False,0.0,,,,,False,False
Non_Header/h17/NonHeader_h17_f000000_t0.000.jpg,False,0.0,,,,,False,False
Non_Header/h17/NonHeader_h17_f000030_t0.500.jpg,False,0.0,,,,,False,False
Non_Header/h17/NonHeader_h17_f000060_t1.000.jpg,False,0.0,,,,,False,False
Non_Header/h17/NonHeader_h17_f000090_t1.500.jpg,False,0.0,,,,,False,False
Non_Header/h17/NonHeader_h17_f000120_t2.000.jpg,False,0.0,,,,,False,False
Non_Header/h17/NonHeader_h17_f000150_t2.500.jpg,False,0.0,,,,,False,False
Non_Header/h17/NonHeader_h17_f000180_t3.000.jpg,False,0.0,,,,,False,False
Non_Header/h17/NonHeader_h17_f000210_t3.500.jpg,False,0.0,,,,,False,False
Non_Header/h17/NonHeader_h17_f000240_t4.000.jpg,False,0.0,,,,,False,False
Non_Header/h17/NonHeader_h17_f000270_t4.500.jpg,True,0.2591,1054.8,526.0,1069.6,539.4,False,False
Non_Header/h17/NonHeader_h17_f000300_t5.000.jpg,False,0.1085,877.9,618.1,900.0,650.5,True,False
Non_Header/h17/NonHeader_h17_f000330_t5.500.jpg,False,0.0,,,,,False,False
Non_Header/h17/NonHeader_h17_f000360_t6.000.jpg,False,0.0,,,,,False,False
Non_Header/h17/NonHeader_h17_f000390_t6.500.jpg,True,0.4028,1128.7,598.3,1146.9,612.8,False,False
Non_Header/h17/NonHeader_h17_f000420_t7.000.jpg,False,0.1847,1292.2,634.4,1312.3,649.7,True,False
Non_Header/h17/NonHeader_h17_f000450_t7.500.jpg,True,0.3447,1414.3,656.0,1431.8,672.9,False,False
Non_Header/h17/NonHeader_h17_f000480_t8.000.jpg,False,0.1792,1489.5,669.7,1509.1,686.3,True,False
Non_Header/h17/NonHeader_h17_f000510_t8.500.jpg,False,0.0,,,,,False,False
Non_Header/h17/NonHeader_h17_f000540_t9.000.jpg,True,0.4347,1575.9,662.4,1596.4,681.3,False,False
Non_Header/h17/NonHeader_h17_f000570_t9.500.jpg,False,0.0,,,,,False,False
Non_Header/h17/NonHeader_h17_f000600_t10.000.jpg,True,0.4674,796.7,726.4,909.4,848.3,False,False
Non_Header/h18/NonHeader_h18_f000000_t0.000.jpg,True,0.3558,763.7,735.4,876.7,856.8,False,False
Non_Header/h18/NonHeader_h18_f000030_t0.500.jpg,False,0.0,,,,,False,False
Non_Header/h18/NonHeader_h18_f000060_t1.000.jpg,False,0.0,,,,,False,False
Non_Header/h18/NonHeader_h18_f000090_t1.500.jpg,False,0.0,,,,,False,False
Non_Header/h18/NonHeader_h18_f000120_t2.000.jpg,False,0.0,,,,,False,False
Non_Header/h18/NonHeader_h18_f000150_t2.500.jpg,False,0.0,,,,,False,False
Non_Header/h18/NonHeader_h18_f000180_t3.000.jpg,True,0.6107,1407.5,684.7,1423.5,701.7,False,False
Non_Header/h18/NonHeader_h18_f000210_t3.500.jpg,False,0.0,,,,,False,False
Non_Header/h18/NonHeader_h18_f000240_t4.000.jpg,False,0.2316,1212.7,773.3,1232.4,791.6,True,False
Non_Header/h18/NonHeader_h18_f000270_t4.500.jpg,False,0.0,,,,,False,False
Non_Header/h18/NonHeader_h18_f000300_t5.000.jpg,False,0.0,,,,,False,False
Non_Header/h18/NonHeader_h18_f000330_t5.500.jpg,False,0.0,,,,,False,False
Non_Header/h18/NonHeader_h18_f000360_t6.000.jpg,False,0.0,,,,,False,False
Non_Header/h18/NonHeader_h18_f000390_t6.500.jpg,True,0.4256,1284.2,847.6,1308.0,864.1,False,False
Non_Header/h18/NonHeader_h18_f000420_t7.000.jpg,False,0.0,,,,,False,False
Non_Header/h18/NonHeader_h18_f000450_t7.500.jpg,False,0.0,,,,,False,False
Non_Header/h18/NonHeader_h18_f000480_t8.000.jpg,False,0.0,,,,,False,False
Non_Header/h19/NonHeader_h19_f000000_t0.000.jpg,True,0.8766,1052.5,939.8,1189.8,1070.4,False,False
Non_Header/h19/NonHeader_h19_f000030_t0.500.jpg,True,0.8961,1171.3,960.5,1318.0,1077.9,False,False
Non_Header/h19/NonHeader_h19_f000060_t1.000.jpg,True,0.8456,802.6,888.7,926.5,998.5,False,False
Non_Header/h19/NonHeader_h19_f000090_t1.500.jpg,True,0.8331,635.8,876.1,745.3,980.3,False,False
Non_Header/h19/NonHeader_h19_f000120_t2.000.jpg,True,0.8265,1285.7,840.6,1428.5,953.2,False,False
Non_Header/h19/NonHeader_h19_f000150_t2.500.jpg,True,0.8513,1484.0,882.0,1603.1,998.6,False,False
Non_Header/h19/NonHeader_h19_f000180_t3.000.jpg,True,0.8704,1509.1,912.1,1637.1,1036.4,False,False
Non_Header/h19/NonHeader_h19_f000210_t3.500.jpg,True,0.8816,1487.3,935.3,1620.0,1061.2,False,False
Non_Header/h19/NonHeader_h19_f000240_t4.000.jpg,True,0.8956,1259.8,937.8,1402.8,1069.9,False,False
Non_Header/h19/NonHeader_h19_f000270_t4.500.jpg,False,0.0,,,,,False,False
Non_Header/h19/NonHeader_h19_f000300_t5.000.jpg,True,0.3716,1373.4,382.5,1441.3,448.6,False,False
Non_Header/h19/NonHeader_h19_f000330_t5.500.jpg,True,0.5958,549.4,832.6,683.8,963.4,False,False
Non_Header/h19/NonHeader_h19_f000360_t6.000.jpg,True,0.8722,259.7,855.5,405.0,1000.6,False,False
Non_Header/h19/NonHeader_h19_f000390_t6.500.jpg,True,0.903,283.7,796.6,433.7,942.1,False,False
Non_Header/h19/NonHeader_h19_f000420_t7.000.jpg,True,0.9087,351.9,783.3,504.4,936.7,False,False
Non_Header/h19/NonHeader_h19_f000450_t7.500.jpg,True,0.8673,625.3,860.4,714.7,946.2,False,False
Non_Header/h19/NonHeader_h19_f000480_t8.000.jpg,True,0.8702,662.3,864.2,751.0,953.9,False,False
Non_Header/h19/NonHeader_h19_f000510_t8.500.jpg,True,0.7352,686.5,870.5,765.5,971.0,False,False
Non_Header/h19/NonHeader_h19_f000540_t9.000.jpg,True,0.7605,717.6,891.8,806.0,959.6,False,False
Non_Header/h19/NonHeader_h19_f000570_t9.500.jpg,False,0.0,,,,,False,False
Non_Header/h19/NonHeader_h19_f000600_t10.000.jpg,False,0.0,,,,,False,False
Non_Header/h2/NonHeader_h2_f000000_t0.000.jpg,False,0.0,,,,,False,False
Non_Header/h2/NonHeader_h2_f000030_t0.500.jpg,False,0.2129,1411.1,370.1,1426.5,384.9,True,False
Non_Header/h2/NonHeader_h2_f000060_t1.000.jpg,False,0.1079,1435.3,351.5,1453.1,369.0,True,False
Non_Header/h2/NonHeader_h2_f000090_t1.500.jpg,False,0.1004,1457.6,334.7,1477.5,350.8,True,False
Non_Header/h2/NonHeader_h2_f000120_t2.000.jpg,False,0.0,,,,,False,False
Non_Header/h2/NonHeader_h2_f000150_t2.500.jpg,False,0.0,,,,,False,False
Non_Header/h2/NonHeader_h2_f000180_t3.000.jpg,False,0.0,,,,,False,False
Non_Header/h2/NonHeader_h2_f000210_t3.500.jpg,True,0.3247,1083.9,259.3,1104.3,285.2,False,False
Non_Header/h2/NonHeader_h2_f000240_t4.000.jpg,True,0.6135,956.4,483.8,978.3,510.6,False,False
Non_Header/h2/NonHeader_h2_f000270_t4.500.jpg,False,0.1639,1032.6,533.5,1053.3,553.5,True,False
Non_Header/h2/NonHeader_h2_f000300_t5.000.jpg,False,0.2463,1027.3,669.5,1047.9,687.4,True,False
Non_Header/h2/NonHeader_h2_f000330_t5.500.jpg,False,0.0,,,,,False,False
Non_Header/h2/NonHeader_h2_f000360_t6.000.jpg,False,0.0,,,,,False,False
Non_Header/h2/NonHeader_h2_f000390_t6.500.jpg,True,0.2565,843.7,610.1,860.2,630.1,False,False
Non_Header/h2/NonHeader_h2_f000420_t7.000.jpg,False,0.0,,,,,False,False
Non_Header/h2/NonHeader_h2_f000450_t7.500.jpg,True,0.3651,1011.9,595.2,1040.8,615.7,False,False
Non_Header/h2/NonHeader_h2_f000480_t8.000.jpg,False,0.0,,,,,False,False
Non_Header/h2/NonHeader_h2_f000510_t8.500.jpg,False,0.0,,,,,False,False
Non_Header/h2/NonHeader_h2_f000540_t9.000.jpg,True,0.3363,1095.4,536.7,1117.6,559.5,False,False
Non_Header/h20/NonHeader_h20_f000000_t0.000.jpg,False,0.0,,,,,False,False
Non_Header/h20/NonHeader_h20_f000030_t0.500.jpg,False,0.0,,,,,False,False
Non_Header/h20/NonHeader_h20_f000060_t1.000.jpg,False,0.0,,,,,False,False
Non_Header/h20/NonHeader_h20_f000090_t1.500.jpg,True,0.2606,1071.2,212.1,1088.7,229.8,False,False
Non_Header/h20/NonHeader_h20_f000120_t2.000.jpg,False,0.0,,,,,False,False
Non_Header/h20/NonHeader_h20_f000150_t2.500.jpg,False,0.0,,,,,False,False
Non_Header/h20/NonHeader_h20_f000180_t3.000.jpg,False,0.0,,,,,False,False
Non_Header/h20/NonHeader_h20_f000210_t3.500.jpg,True,0.2758,1065.4,236.2,1085.4,251.9,False,False
Non_Header/h20/NonHeader_h20_f000240_t4.000.jpg,False,0.0,,,,,False,False
Non_Header/h20/NonHeader_h20_f000270_t4.500.jpg,False,0.0,,,,,False,False
Non_Header/h20/NonHeader_h20_f000300_t5.000.jpg,False,0.0,,,,,False,False
Non_Header/h20/NonHeader_h20_f000330_t5.500.jpg,False,0.0,,,,,False,False
Non_Header/h20/NonHeader_h20_f000360_t6.000.jpg,False,0.0,,,,,False,False
Non_Header/h20/NonHeader_h20_f000390_t6.500.jpg,False,0.0,,,,,False,False
Non_Header/h20/NonHeader_h20_f000420_t7.000.jpg,False,0.0,,,,,False,False
Non_Header/h20/NonHeader_h20_f000450_t7.500.jpg,False,0.0,,,,,False,False
Non_Header/h20/NonHeader_h20_f000480_t8.000.jpg,False,0.0,,,,,False,False
Non_Header/h20/NonHeader_h20_f000510_t8.500.jpg,False,0.0,,,,,False,False
Non_Header/h20/NonHeader_h20_f000540_t9.000.jpg,False,0.0,,,,,False,False
Non_Header/h20/NonHeader_h20_f000570_t9.500.jpg,False,0.0,,,,,False,False
Non_Header/h20/NonHeader_h20_f000600_t10.000.jpg,False,0.0,,,,,False,False
Non_Header/h21/NonHeader_h21_f000000_t0.000.jpg,False,0.0,,,,,False,False
Non_Header/h21/NonHeader_h21_f000030_t0.500.jpg,True,0.4826,780.0,761.5,859.4,855.7,False,False
Non_Header/h21/NonHeader_h21_f000060_t1.000.jpg,True,0.779,816.5,752.5,879.5,837.6,False,False
Non_Header/h21/NonHeader_h21_f000090_t1.500.jpg,True,0.8933,865.2,667.3,952.1,755.7,False,False
Non_Header/h21/NonHeader_h21_f000120_t2.000.jpg,True,0.8939,938.8,623.9,1025.7,711.9,False,False
Non_Header/h21/NonHeader_h21_f000150_t2.500.jpg,True,0.8848,1019.1,618.4,1102.9,704.0,False,False
Non_Header/h21/NonHeader_h21_f000180_t3.000.jpg,True,0.91,1074.3,651.4,1158.2,735.0,False,False
Non_Header/h21/NonHeader_h21_f000210_t3.500.jpg,False,0.0,,,,,False,False
Non_Header/h21/NonHeader_h21_f000240_t4.000.jpg,False,0.0,,,,,False,False
Non_Header/h21/NonHeader_h21_f000270_t4.500.jpg,False,0.0,,,,,False,False
Non_Header/h21/NonHeader_h21_f000300_t5.000.jpg,True,0.2624,502.7,637.9,518.7,650.7,False,False
Non_Header/h21/NonHeader_h21_f000330_t5.500.jpg,False,0.2049,601.1,595.6,613.8,609.8,True,False
Non_Header/h21/NonHeader_h21_f000360_t6.000.jpg,False,0.1081,593.3,562.2,607.4,577.7,True,False
Non_Header/h21/NonHeader_h21_f000390_t6.500.jpg,False,0.0,,,,,False,False
Non_Header/h21/NonHeader_h21_f000420_t7.000.jpg,False,0.0,,,,,False,False
Non_Header/h21/NonHeader_h21_f000450_t7.500.jpg,False,0.1177,861.5,357.5,872.3,367.2,True,False
Non_Header/h21/NonHeader_h21_f000480_t8.000.jpg,False,0.0,,,,,False,False
Non_Header/h21/NonHeader_h21_f000510_t8.500.jpg,False,0.0,,,,,False,False
Non_Header/h21/NonHeader_h21_f000540_t9.000.jpg,False,0.0,,,,,False,False
Non_Header/h22/NonHeader_h22_f000000_t0.000.jpg,False,0.0,,,,,False,False
Non_Header/h22/NonHeader_h22_f000030_t0.500.jpg,False,0.0,,,,,False,False
Non_Header/h22/NonHeader_h22_f000060_t1.000.jpg,False,0.1397,1344.0,656.6,1363.9,675.0,True,False
Non_Header/h22/NonHeader_h22_f000090_t1.500.jpg,False,0.0,,,,,False,False
Non_Header/h22/NonHeader_h22_f000120_t2.000.jpg,False,0.1589,1340.7,577.7,1359.5,601.1,True,False
Non_Header/h22/NonHeader_h22_f000150_t2.500.jpg,False,0.0,,,,,False,False
Non_Header/h22/NonHeader_h22_f000180_t3.000.jpg,True,0.3,1422.8,590.8,1436.9,605.9,False,False
Non_Header/h22/NonHeader_h22_f000210_t3.500.jpg,True,0.5447,1417.5,595.6,1434.9,610.7,False,False
Non_Header/h22/NonHeader_h22_f000240_t4.000.jpg,True,0.4579,1375.9,586.8,1395.1,604.2,False,False
Non_Header/h22/NonHeader_h22_f000270_t4.500.jpg,False,0.0,,,,,False,False
Non_Header/h22/NonHeader_h22_f000300_t5.000.jpg,False,0.0,,,,,False,False
Non_Header/h22/NonHeader_h22_f000330_t5.500.jpg,False,0.0,,,,,False,False
Non_Header/h22/NonHeader_h22_f000360_t6.000.jpg,False,0.0,,,,,False,False
Non_Header/h22/NonHeader_h22_f000390_t6.500.jpg,False,0.0,,,,,False,False
Non_Header/h22/NonHeader_h22_f000420_t7.000.jpg,False,0.0,,,,,False,False
Non_Header/h22/NonHeader_h22_f000450_t7.500.jpg,False,0.0,,,,,False,False
Non_Header/h22/NonHeader_h22_f000480_t8.000.jpg,False,0.0,,,,,False,False
Non_Header/h22/NonHeader_h22_f000510_t8.500.jpg,False,0.1477,192.9,417.0,220.5,428.7,True,False
Non_Header/h22/NonHeader_h22_f000540_t9.000.jpg,False,0.0,,,,,False,False
Non_Header/h23/NonHeader_h23_f000000_t0.000.jpg,False,0.0,,,,,False,False
Non_Header/h23/NonHeader_h23_f000030_t0.500.jpg,False,0.0,,,,,False,True
Non_Header/h23/NonHeader_h23_f000060_t1.000.jpg,False,0.0,,,,,False,True
Non_Header/h23/NonHeader_h23_f000090_t1.500.jpg,False,0.0,,,,,False,True
Non_Header/h23/NonHeader_h23_f000120_t2.000.jpg,False,0.0,,,,,False,True
Non_Header/h23/NonHeader_h23_f000150_t2.500.jpg,False,0.0,,,,,False,True
Non_Header/h23/NonHeader_h23_f000180_t3.000.jpg,False,0.0,,,,,False,True
Non_Header/h23/NonHeader_h23_f000210_t3.500.jpg,False,0.0,,,,,False,True
Non_Header/h23/NonHeader_h23_f000240_t4.000.jpg,False,0.0,,,,,False,True
Non_Header/h23/NonHeader_h23_f000270_t4.500.jpg,False,0.0,,,,,False,True
Non_Header/h23/NonHeader_h23_f000300_t5.000.jpg,False,0.0,,,,,False,True
Non_Header/h23/NonHeader_h23_f000330_t5.500.jpg,False,0.0,,,,,False,True
Non_Header/h23/NonHeader_h23_f000360_t6.000.jpg,False,0.2157,1804.5,866.8,1834.4,897.2,True,False
Non_Header/h23/NonHeader_h23_f000390_t6.500.jpg,True,0.8932,955.8,698.8,1038.9,781.2,False,False
Non_Header/h23/NonHeader_h23_f000420_t7.000.jpg,True,0.8872,1025.7,692.1,1110.5,771.6,False,False
Non_Header/h23/NonHeader_h23_f000450_t7.500.jpg,True,0.8479,1028.3,688.7,1110.2,770.8,False,False
Non_Header/h23/NonHeader_h23_f000480_t8.000.jpg,True,0.8781,1139.6,787.6,1221.5,867.8,False,False
Non_Header/h23/NonHeader_h23_f000510_t8.500.jpg,True,0.901,1096.7,918.1,1184.4,1002.6,False,False
Non_Header/h23/NonHeader_h23_f000540_t9.000.jpg,True,0.8964,1061.0,863.0,1146.7,948.8,False,False
Non_Header/h23/NonHeader_h23_f000570_t9.500.jpg,True,0.9105,1019.5,843.3,1108.6,931.7,False,False
Non_Header/h23/NonHeader_h23_f000600_t10.000.jpg,True,0.8951,896.5,827.0,991.5,914.4,False,False
Non_Header/h24/NonHeader_h24_f000000_t0.000.jpg,True,0.896,896.4,826.9,991.5,914.2,False,False
Non_Header/h24/NonHeader_h24_f000030_t0.500.jpg,True,0.8542,667.1,782.9,755.4,870.4,False,False
Non_Header/h24/NonHeader_h24_f000060_t1.000.jpg,True,0.9057,793.6,719.1,880.6,806.8,False,False
Non_Header/h24/NonHeader_h24_f000090_t1.500.jpg,True,0.7263,817.9,774.9,885.0,859.6,False,False
Non_Header/h24/NonHeader_h24_f000120_t2.000.jpg,True,0.8025,1105.6,669.7,1181.9,756.2,False,False
Non_Header/h24/NonHeader_h24_f000150_t2.500.jpg,False,0.1372,1191.2,772.8,1248.2,840.0,True,False
Non_Header/h24/NonHeader_h24_f000180_t3.000.jpg,True,0.8615,952.7,740.6,1036.3,823.1,False,False
Non_Header/h24/NonHeader_h24_f000210_t3.500.jpg,True,0.2579,895.8,568.6,1011.5,656.4,False,False
Non_Header/h24/NonHeader_h24_f000240_t4.000.jpg,False,0.0,,,,,False,False
Non_Header/h24/NonHeader_h24_f000270_t4.500.jpg,False,0.0,,,,,False,False
Non_Header/h24/NonHeader_h24_f000300_t5.000.jpg,False,0.0,,,,,False,False
Non_Header/h24/NonHeader_h24_f000330_t5.500.jpg,False,0.0,,,,,False,False
Non_Header/h24/NonHeader_h24_f000360_t6.000.jpg,False,0.0,,,,,False,False
Non_Header/h24/NonHeader_h24_f000390_t6.500.jpg,False,0.0,,,,,False,False
Non_Header/h24/NonHeader_h24_f000420_t7.000.jpg,False,0.0,,,,,False,False
Non_Header/h24/NonHeader_h24_f000450_t7.500.jpg,False,0.0,,,,,False,False
Non_Header/h24/NonHeader_h24_f000480_t8.000.jpg,False,0.0,,,,,False,False
Non_Header/h25/NonHeader_h25_f000000_t0.000.jpg,False,0.0,,,,,False,False
Non_Header/h25/NonHeader_h25_f000030_t0.500.jpg,False,0.0,,,,,False,False
Non_Header/h25/NonHeader_h25_f000060_t1.000.jpg,False,0.0,,,,,False,False
Non_Header/h25/NonHeader_h25_f000090_t1.500.jpg,False,0.0,,,,,False,False
Non_Header/h25/NonHeader_h25_f000120_t2.000.jpg,False,0.0,,,,,False,False
Non_Header/h25/NonHeader_h25_f000150_t2.500.jpg,False,0.0,,,,,False,False
Non_Header/h25/NonHeader_h25_f000180_t3.000.jpg,False,0.0,,,,,False,False
Non_Header/h25/NonHeader_h25_f000210_t3.500.jpg,False,0.0,,,,,False,False
Non_Header/h25/NonHeader_h25_f000240_t4.000.jpg,False,0.0,,,,,False,False
Non_Header/h25/NonHeader_h25_f000270_t4.500.jpg,False,0.0,,,,,False,False
Non_Header/h25/NonHeader_h25_f000300_t5.000.jpg,False,0.0,,,,,False,False
Non_Header/h25/NonHeader_h25_f000330_t5.500.jpg,False,0.0,,,,,False,False
Non_Header/h25/NonHeader_h25_f000360_t6.000.jpg,False,0.0,,,,,False,False
Non_Header/h25/NonHeader_h25_f000390_t6.500.jpg,False,0.0,,,,,False,False
Non_Header/h25/NonHeader_h25_f000420_t7.000.jpg,False,0.2027,1107.0,623.2,1128.2,637.7,True,False
Non_Header/h25/NonHeader_h25_f000450_t7.500.jpg,False,0.0,,,,,False,False
Non_Header/h25/NonHeader_h25_f000480_t8.000.jpg,False,0.1287,1210.2,680.9,1228.2,698.2,True,False
Non_Header/h25/NonHeader_h25_f000510_t8.500.jpg,False,0.0,,,,,False,False
Non_Header/h25/NonHeader_h25_f000540_t9.000.jpg,False,0.0,,,,,False,False
Non_Header/h26/NonHeader_h26_f000000_t0.000.jpg,False,0.0,,,,,False,False
Non_Header/h26/NonHeader_h26_f000030_t0.500.jpg,False,0.0,,,,,False,False
Non_Header/h26/NonHeader_h26_f000060_t1.000.jpg,False,0.0,,,,,False,False
Non_Header/h26/NonHeader_h26_f000090_t1.500.jpg,False,0.0,,,,,False,False
Non_Header/h26/NonHeader_h26_f000120_t2.000.jpg,True,0.7055,823.9,465.9,844.2,487.7,False,False
Non_Header/h26/NonHeader_h26_f000150_t2.500.jpg,True,0.5013,695.3,213.4,713.4,235.1,False,False
Non_Header/h26/NonHeader_h26_f000180_t3.000.jpg,True,0.3493,715.7,156.1,733.3,175.0,False,False
Non_Header/h26/NonHeader_h26_f000210_t3.500.jpg,False,0.0,,,,,False,False
Non_Header/h26/NonHeader_h26_f000240_t4.000.jpg,True,0.4199,658.8,350.5,679.1,368.5,False,False
Non_Header/h26/NonHeader_h26_f000270_t4.500.jpg,False,0.0,,,,,False,False
Non_Header/h26/NonHeader_h26_f000300_t5.000.jpg,True,0.5095,593.1,366.7,609.5,383.8,False,False
Non_Header/h26/NonHeader_h26_f000330_t5.500.jpg,True,0.2817,577.4,371.2,597.2,385.0,False,False
Non_Header/h26/NonHeader_h26_f000360_t6.000.jpg,False,0.0,,,,,False,False
Non_Header/h26/NonHeader_h26_f000390_t6.500.jpg,False,0.0,,,,,False,False
Non_Header/h26/NonHeader_h26_f000420_t7.000.jpg,False,0.1937,913.0,315.1,931.5,337.3,True,False
Non_Header/h26/NonHeader_h26_f000450_t7.500.jpg,False,0.0,,,,,False,False
Non_Header/h26/NonHeader_h26_f000480_t8.000.jpg,False,0.1261,884.7,296.2,901.9,313.3,True,False
Non_Header/h26/NonHeader_h26_f000510_t8.500.jpg,False,0.0,,,,,False,False
Non_Header/h26/NonHeader_h26_f000540_t9.000.jpg,False,0.0,,,,,False,False
Non_Header/h26/NonHeader_h26_f000570_t9.500.jpg,False,0.0,,,,,False,False
Non_Header/h26/NonHeader_h26_f000600_t10.000.jpg,False,0.2367,936.4,396.2,954.2,412.6,True,False
Non_Header/h27/NonHeader_h27_f000000_t0.000.jpg,True,0.2695,814.6,570.1,829.0,587.5,False,False
Non_Header/h27/NonHeader_h27_f000030_t0.500.jpg,False,0.0,,,,,False,False
Non_Header/h27/NonHeader_h27_f000060_t1.000.jpg,False,0.0,,,,,False,False
Non_Header/h27/NonHeader_h27_f000090_t1.500.jpg,False,0.0,,,,,False,False
Non_Header/h27/NonHeader_h27_f000120_t2.000.jpg,False,0.0,,,,,False,False
Non_Header/h27/NonHeader_h27_f000150_t2.500.jpg,False,0.1132,919.2,197.6,933.8,217.0,True,False
Non_Header/h27/NonHeader_h27_f000180_t3.000.jpg,False,0.0,,,,,False,False
Non_Header/h27/NonHeader_h27_f000210_t3.500.jpg,False,0.0,,,,,False,False
Non_Header/h27/NonHeader_h27_f000240_t4.000.jpg,False,0.0,,,,,False,False
Non_Header/h27/NonHeader_h27_f000270_t4.500.jpg,False,0.0,,,,,False,False
Non_Header/h27/NonHeader_h27_f000300_t5.000.jpg,False,0.0,,,,,False,False
Non_Header/h27/NonHeader_h27_f000330_t5.500.jpg,False,0.0,,,,,False,False
Non_Header/h27/NonHeader_h27_f000360_t6.000.jpg,False,0.0,,,,,False,False
Non_Header/h27/NonHeader_h27_f000390_t6.500.jpg,False,0.0,,,,,False,False
Non_Header/h27/NonHeader_h27_f000420_t7.000.jpg,False,0.0,,,,,False,False
Non_Header/h27/NonHeader_h27_f000450_t7.500.jpg,False,0.0,,,,,False,False
Non_Header/h27/NonHeader_h27_f000480_t8.000.jpg,False,0.0,,,,,False,False
Non_Header/h27/NonHeader_h27_f000510_t8.500.jpg,False,0.0,,,,,False,False
Non_Header/h27/NonHeader_h27_f000540_t9.000.jpg,False,0.0,,,,,False,False
Non_Header/h28/NonHeader_h28_f000000_t0.000.jpg,False,0.0,,,,,False,False
Non_Header/h28/NonHeader_h28_f000030_t0.500.jpg,False,0.0,,,,,False,False
Non_Header/h28/NonHeader_h28_f000060_t1.000.jpg,False,0.0,,,,,False,False
Non_Header/h28/NonHeader_h28_f000090_t1.500.jpg,False,0.0,,,,,False,False
Non_Header/h28/NonHeader_h28_f000120_t2.000.jpg,False,0.2333,1230.2,401.6,1245.0,415.8,True,False
Non_Header/h28/NonHeader_h28_f000150_t2.500.jpg,False,0.0,,,,,False,False
Non_Header/h28/NonHeader_h28_f000180_t3.000.jpg,False,0.0,,,,,False,False
Non_Header/h28/NonHeader_h28_f000210_t3.500.jpg,False,0.0,,,,,False,False
Non_Header/h28/NonHeader_h28_f000240_t4.000.jpg,False,0.0,,,,,False,False
Non_Header/h28/NonHeader_h28_f000270_t4.500.jpg,False,0.0,,,,,False,False
Non_Header/h28/NonHeader_h28_f000300_t5.000.jpg,False,0.0,,,,,False,False
Non_Header/h28/NonHeader_h28_f000330_t5.500.jpg,False,0.0,,,,,False,False
Non_Header/h28/NonHeader_h28_f000360_t6.000.jpg,False,0.0,,,,,False,False
Non_Header/h28/NonHeader_h28_f000390_t6.500.jpg,False,0.0,,,,,False,False
Non_Header/h28/NonHeader_h28_f000420_t7.000.jpg,False,0.0,,,,,False,False
Non_Header/h28/NonHeader_h28_f000450_t7.500.jpg,False,0.0,,,,,False,False
Non_Header/h28/NonHeader_h28_f000480_t8.000.jpg,True,0.6291,860.9,731.9,897.0,764.4,False,False
Non_Header/h29/NonHeader_h29_f000000_t0.000.jpg,False,0.0,,,,,False,False
Non_Header/h29/NonHeader_h29_f000030_t0.500.jpg,False,0.0,,,,,False,False
Non_Header/h29/NonHeader_h29_f000060_t1.000.jpg,False,0.0,,,,,False,False
Non_Header/h29/NonHeader_h29_f000090_t1.500.jpg,False,0.0,,,,,False,False
Non_Header/h29/NonHeader_h29_f000120_t2.000.jpg,False,0.0,,,,,False,False
Non_Header/h29/NonHeader_h29_f000150_t2.500.jpg,False,0.0,,,,,False,False
Non_Header/h29/NonHeader_h29_f000180_t3.000.jpg,False,0.0,,,,,False,False
Non_Header/h29/NonHeader_h29_f000210_t3.500.jpg,False,0.0,,,,,False,False
Non_Header/h29/NonHeader_h29_f000240_t4.000.jpg,False,0.0,,,,,False,False
Non_Header/h29/NonHeader_h29_f000270_t4.500.jpg,False,0.1627,1089.4,745.9,1106.9,769.3,True,False
Non_Header/h29/NonHeader_h29_f000300_t5.000.jpg,False,0.0,,,,,False,False
Non_Header/h29/NonHeader_h29_f000330_t5.500.jpg,True,0.6221,1115.6,795.5,1141.3,813.9,False,False
Non_Header/h29/NonHeader_h29_f000360_t6.000.jpg,False,0.0,,,,,False,False
Non_Header/h29/NonHeader_h29_f000390_t6.500.jpg,True,0.3091,1268.7,734.2,1289.9,750.0,False,False
Non_Header/h29/NonHeader_h29_f000420_t7.000.jpg,False,0.1905,1156.6,729.1,1175.5,746.0,True,False
Non_Header/h29/NonHeader_h29_f000450_t7.500.jpg,False,0.2075,1050.1,749.0,1070.5,769.8,True,False
Non_Header/h29/NonHeader_h29_f000480_t8.000.jpg,True,0.4554,907.0,785.5,926.1,805.1,False,False
Non_Header/h3/NonHeader_h3_f000000_t0.000.jpg,False,0.0,,,,,False,False
Non_Header/h3/NonHeader_h3_f000030_t0.500.jpg,False,0.0,,,,,False,False
Non_Header/h3/NonHeader_h3_f000060_t1.000.jpg,False,0.0,,,,,False,False
Non_Header/h3/NonHeader_h3_f000090_t1.500.jpg,False,0.0,,,,,False,False
Non_Header/h3/NonHeader_h3_f000120_t2.000.jpg,False,0.0,,,,,False,False
Non_Header/h3/NonHeader_h3_f000150_t2.500.jpg,False,0.0,,,,,False,False
Non_Header/h3/NonHeader_h3_f000180_t3.000.jpg,False,0.0,,,,,False,False
Non_Header/h3/NonHeader_h3_f000210_t3.500.jpg,False,0.1002,985.7,395.3,1010.7,413.1,True,False
Non_Header/h3/NonHeader_h3_f000240_t4.000.jpg,True,0.3357,1178.3,419.1,1198.6,440.3,False,False
Non_Header/h3/NonHeader_h3_f000270_t4.500.jpg,False,0.0,,,,,False,False
Non_Header/h3/NonHeader_h3_f000300_t5.000.jpg,False,0.0,,,,,False,False
Non_Header/h3/NonHeader_h3_f000330_t5.500.jpg,False,0.0,,,,,False,False
Non_Header/h3/NonHeader_h3_f000360_t6.000.jpg,False,0.0,,,,,False,False
Non_Header/h3/NonHeader_h3_f000390_t6.500.jpg,False,0.0,,,,,False,False
Non_Header/h3/NonHeader_h3_f000420_t7.000.jpg,True,0.4089,749.5,568.1,780.6,593.9,False,False
Non_Header/h3/NonHeader_h3_f000450_t7.500.jpg,False,0.0,,,,,False,False
Non_Header/h3/NonHeader_h3_f000480_t8.000.jpg,False,0.0,,,,,False,False
Non_Header/h3/NonHeader_h3_f000510_t8.500.jpg,False,0.0,,,,,False,False
Non_Header/h3/NonHeader_h3_f000540_t9.000.jpg,True,0.403,1226.7,684.3,1260.8,712.3,False,False
Non_Header/h30/NonHeader_h30_f000000_t0.000.jpg,True,0.4428,907.2,785.0,925.8,804.7,False,False
Non_Header/h30/NonHeader_h30_f000030_t0.500.jpg,True,0.7509,872.8,800.5,892.7,820.2,False,False
Non_Header/h30/NonHeader_h30_f000060_t1.000.jpg,True,0.6774,928.7,789.6,947.6,809.0,False,False
Non_Header/h30/NonHeader_h30_f000090_t1.500.jpg,False,0.1265,970.6,683.4,987.9,701.0,True,False
Non_Header/h30/NonHeader_h30_f000120_t2.000.jpg,True,0.3693,921.7,612.6,940.5,630.6,False,False
Non_Header/h30/NonHeader_h30_f000150_t2.500.jpg,False,0.0,,,,,False,False
Non_Header/h30/NonHeader_h30_f000180_t3.000.jpg,False,0.0,,,,,False,False
Non_Header/h30/NonHeader_h30_f000210_t3.500.jpg,False,0.0,,,,,False,False
Non_Header/h30/NonHeader_h30_f000240_t4.000.jpg,False,0.0,,,,,False,False
Non_Header/h30/NonHeader_h30_f000270_t4.500.jpg,False,0.0,,,,,False,True
Non_Header/h30/NonHeader_h30_f000300_t5.000.jpg,False,0.0,,,,,False,True
Non_Header/h30/NonHeader_h30_f000330_t5.500.jpg,False,0.0,,,,,False,False
Non_Header/h30/NonHeader_h30_f000360_t6.000.jpg,False,0.0,,,,,False,False
Non_Header/h30/NonHeader_h30_f000390_t6.500.jpg,False,0.0,,,,,False,True
Non_Header/h30/NonHeader_h30_f000420_t7.000.jpg,False,0.0,,,,,False,True
Non_Header/h30/NonHeader_h30_f000450_t7.500.jpg,False,0.0,,,,,False,True
Non_Header/h30/NonHeader_h30_f000480_t8.000.jpg,False,0.0,,,,,False,False
Non_Header/h30/NonHeader_h30_f000510_t8.500.jpg,False,0.0,,,,,False,False
Non_Header/h30/NonHeader_h30_f000540_t9.000.jpg,False,0.0,,,,,False,False
Non_Header/h31/NonHeader_h31_f000000_t0.000.jpg,False,0.0,,,,,False,False
Non_Header/h31/NonHeader_h31_f000030_t0.500.jpg,False,0.0,,,,,False,False
Non_Header/h31/NonHeader_h31_f000060_t1.000.jpg,False,0.0,,,,,False,True
Non_Header/h31/NonHeader_h31_f000090_t1.500.jpg,False,0.0,,,,,False,True
Non_Header/h31/NonHeader_h31_f000120_t2.000.jpg,False,0.0,,,,,False,True
Non_Header/h31/NonHeader_h31_f000150_t2.500.jpg,False,0.0,,,,,False,True
Non_Header/h31/NonHeader_h31_f000180_t3.000.jpg,False,0.0,,,,,False,True
Non_Header/h31/NonHeader_h31_f000210_t3.500.jpg,False,0.0,,,,,False,True
Non_Header/h31/NonHeader_h31_f000240_t4.000.jpg,False,0.0,,,,,False,False
Non_Header/h31/NonHeader_h31_f000270_t4.500.jpg,False,0.0,,,,,False,False
Non_Header/h31/NonHeader_h31_f000300_t5.000.jpg,False,0.0,,,,,False,False
Non_Header/h31/NonHeader_h31_f000330_t5.500.jpg,False,0.0,,,,,False,False
Non_Header/h31/NonHeader_h31_f000360_t6.000.jpg,False,0.0,,,,,False,False
Non_Header/h31/NonHeader_h31_f000390_t6.500.jpg,False,0.0,,,,,False,False
Non_Header/h31/NonHeader_h31_f000420_t7.000.jpg,True,0.4029,1895.1,347.5,1919.1,372.3,False,False
Non_Header/h31/NonHeader_h31_f000450_t7.500.jpg,False,0.0,,,,,False,False
Non_Header/h31/NonHeader_h31_f000480_t8.000.jpg,False,0.0,,,,,False,False
Non_Header/h31/NonHeader_h31_f000510_t8.500.jpg,False,0.0,,,,,False,False
Non_Header/h31/NonHeader_h31_f000540_t9.000.jpg,False,0.0,,,,,False,False
Non_Header/h31/NonHeader_h31_f000570_t9.500.jpg,False,0.0,,,,,False,False
Non_Header/h31/NonHeader_h31_f000600_t10.000.jpg,False,0.0,,,,,False,False
Non_Header/h32/NonHeader_h32_f000000_t0.000.jpg,False,0.0,,,,,False,False
Non_Header/h32/NonHeader_h32_f000030_t0.500.jpg,False,0.0,,,,,False,False
Non_Header/h32/NonHeader_h32_f000060_t1.000.jpg,False,0.0,,,,,False,False
Non_Header/h32/NonHeader_h32_f000090_t1.500.jpg,False,0.0,,,,,False,False
Non_Header/h32/NonHeader_h32_f000120_t2.000.jpg,False,0.0,,,,,False,False
Non_Header/h32/NonHeader_h32_f000150_t2.500.jpg,False,0.0,,,,,False,False
Non_Header/h32/NonHeader_h32_f000180_t3.000.jpg,False,0.0,,,,,False,False
Non_Header/h32/NonHeader_h32_f000210_t3.500.jpg,False,0.1206,1137.6,690.2,1148.9,704.3,True,False
Non_Header/h32/NonHeader_h32_f000240_t4.000.jpg,False,0.0,,,,,False,False
Non_Header/h32/NonHeader_h32_f000270_t4.500.jpg,False,0.0,,,,,False,False
Non_Header/h32/NonHeader_h32_f000300_t5.000.jpg,False,0.0,,,,,False,False
Non_Header/h32/NonHeader_h32_f000330_t5.500.jpg,False,0.0,,,,,False,False
Non_Header/h32/NonHeader_h32_f000360_t6.000.jpg,False,0.0,,,,,False,False
Non_Header/h32/NonHeader_h32_f000390_t6.500.jpg,False,0.0,,,,,False,False
Non_Header/h32/NonHeader_h32_f000420_t7.000.jpg,True,0.5199,1552.9,849.7,1583.8,876.3,False,False
Non_Header/h32/NonHeader_h32_f000450_t7.500.jpg,True,0.8435,699.9,603.5,851.2,727.8,False,False
Non_Header/h32/NonHeader_h32_f000480_t8.000.jpg,True,0.8658,225.9,576.6,347.3,688.3,False,False
Non_Header/h33/NonHeader_h33_f000000_t0.000.jpg,True,0.8731,225.9,576.0,347.2,688.0,False,False
Non_Header/h33/NonHeader_h33_f000030_t0.500.jpg,True,0.8766,329.5,675.1,449.9,777.3,False,False
Non_Header/h33/NonHeader_h33_f000060_t1.000.jpg,True,0.5609,721.0,628.1,852.4,753.5,False,False
Non_Header/h33/NonHeader_h33_f000090_t1.500.jpg,True,0.9157,1120.0,524.7,1263.0,667.3,False,False
Non_Header/h33/NonHeader_h33_f000120_t2.000.jpg,True,0.9147,1271.0,590.5,1424.9,745.4,False,False
Non_Header/h33/NonHeader_h33_f000150_t2.500.jpg,True,0.9201,1147.6,819.0,1292.0,967.3,False,False
Non_Header/h33/NonHeader_h33_f000180_t3.000.jpg,True,0.9073,1107.4,697.2,1233.4,825.8,False,False
Non_Header/h33/NonHeader_h33_f000210_t3.500.jpg,True,0.9124,963.0,884.1,1066.9,988.3,False,False
Non_Header/h33/NonHeader_h33_f000240_t4.000.jpg,True,0.9071,844.0,858.3,941.7,952.2,False,False
Non_Header/h33/NonHeader_h33_f000270_t4.500.jpg,True,0.8948,1337.7,746.2,1431.2,837.3,False,False
Non_Header/h33/NonHeader_h33_f000300_t5.000.jpg,True,0.8882,1213.9,733.4,1309.5,816.6,False,False
Non_Header/h33/NonHeader_h33_f000330_t5.500.jpg,True,0.9058,781.9,753.2,857.8,828.3,False,False
Non_Header/h33/NonHeader_h33_f000360_t6.000.jpg,True,0.8936,966.2,713.0,1038.9,785.1,False,False
Non_Header/h33/NonHeader_h33_f000390_t6.500.jpg,True,0.8979,1125.7,741.1,1197.8,810.3,False,False
Non_Header/h33/NonHeader_h33_f000420_t7.000.jpg,True,0.9159,1112.1,740.9,1184.3,810.8,False,False
Non_Header/h33/NonHeader_h33_f000450_t7.500.jpg,True,0.8963,989.1,741.3,1058.5,809.8,False,False
Non_Header/h33/NonHeader_h33_f000480_t8.000.jpg,True,0.8769,852.7,728.2,920.6,792.6,False,False
Non_Header/h33/NonHeader_h33_f000510_t8.500.jpg,True,0.8951,752.1,716.5,819.6,785.1,False,False
Non_Header/h33/NonHeader_h33_f000540_t9.000.jpg,True,0.8868,670.1,717.1,740.9,787.9,False,False
Non_Header/h34/NonHeader_h34_f000000_t0.000.jpg,True,0.567,861.1,732.2,897.0,764.0,False,False
Non_Header/h34/NonHeader_h34_f000030_t0.500.jpg,True,0.7465,1049.9,880.7,1090.8,920.3,False,False
Non_Header/h34/NonHeader_h34_f000060_t1.000.jpg,False,0.2213,31.5,383.5,69.4,401.5,True,False
Non_Header/h34/NonHeader_h34_f000090_t1.500.jpg,True,0.8186,793.7,1000.2,838.5,1045.3,False,False
Non_Header/h34/NonHeader_h34_f000120_t2.000.jpg,True,0.8446,893.6,976.4,940.3,1022.5,False,False
Non_Header/h34/NonHeader_h34_f000150_t2.500.jpg,True,0.6627,965.6,856.6,1008.4,899.5,False,False
Non_Header/h34/NonHeader_h34_f000180_t3.000.jpg,False,0.0,,,,,False,False
Non_Header/h34/NonHeader_h34_f000210_t3.500.jpg,True,0.6619,891.7,852.6,929.9,892.7,False,False
Non_Header/h34/NonHeader_h34_f000240_t4.000.jpg,True,0.6159,894.5,832.9,928.7,871.3,False,False
Non_Header/h34/NonHeader_h34_f000270_t4.500.jpg,True,0.2662,1745.0,69.4,1854.7,201.4,False,False
Non_Header/h34/NonHeader_h34_f000300_t5.000.jpg,False,0.0,,,,,False,False
Non_Header/h34/NonHeader_h34_f000330_t5.500.jpg,True,0.632,1744.3,76.1,1856.1,200.9,False,False
Non_Header/h34/NonHeader_h34_f000360_t6.000.jpg,False,0.0,,,,,False,False
Non_Header/h34/NonHeader_h34_f000390_t6.500.jpg,True,0.8315,1741.8,78.6,1856.3,199.6,False,False
Non_Header/h34/NonHeader_h34_f000420_t7.000.jpg,True,0.7963,1743.8,79.1,1856.5,200.9,False,False
Non_Header/h34/NonHeader_h34_f000450_t7.500.jpg,True,0.4137,1742.8,79.3,1857.5,203.9,False,False
Non_Header/h34/NonHeader_h34_f000480_t8.000.jpg,False,0.0,,,,,False,False
Non_Header/h34/NonHeader_h34_f000510_t8.500.jpg,False,0.1739,1282.2,400.2,1299.2,418.9,True,False
Non_Header/h34/NonHeader_h34_f000540_t9.000.jpg,False,0.0,,,,,False,False
Non_Header/h35/NonHeader_h35_f000000_t0.000.jpg,False,0.0,,,,,False,False
Non_Header/h35/NonHeader_h35_f000030_t0.500.jpg,False,0.0,,,,,False,False
Non_Header/h35/NonHeader_h35_f000060_t1.000.jpg,False,0.0,,,,,False,False
Non_Header/h35/NonHeader_h35_f000090_t1.500.jpg,False,0.0,,,,,False,False
Non_Header/h35/NonHeader_h35_f000120_t2.000.jpg,False,0.0,,,,,False,False
Non_Header/h35/NonHeader_h35_f000150_t2.500.jpg,False,0.0,,,,,False,False
Non_Header/h35/NonHeader_h35_f000180_t3.000.jpg,False,0.0,,,,,False,False
Non_Header/h35/NonHeader_h35_f000210_t3.500.jpg,False,0.0,,,,,False,False
Non_Header/h35/NonHeader_h35_f000240_t4.000.jpg,True,0.8769,619.7,705.7,761.2,810.3,False,False
Non_Header/h35/NonHeader_h35_f000270_t4.500.jpg,False,0.0,,,,,False,False
Non_Header/h35/NonHeader_h35_f000300_t5.000.jpg,True,0.3625,935.7,164.6,1008.6,242.2,False,False
Non_Header/h35/NonHeader_h35_f000330_t5.500.jpg,False,0.0,,,,,False,False
Non_Header/h35/NonHeader_h35_f000360_t6.000.jpg,True,0.3656,865.6,520.7,877.6,534.9,False,False
Non_Header/h35/NonHeader_h35_f000390_t6.500.jpg,False,0.1758,835.1,514.6,850.1,530.2,True,False
Non_Header/h35/NonHeader_h35_f000420_t7.000.jpg,False,0.0,,,,,False,False
Non_Header/h35/NonHeader_h35_f000450_t7.500.jpg,False,0.0,,,,,False,False
Non_Header/h35/NonHeader_h35_f000480_t8.000.jpg,False,0.0,,,,,False,False
Non_Header/h35/NonHeader_h35_f000510_t8.500.jpg,False,0.0,,,,,False,False
Non_Header/h35/NonHeader_h35_f000540_t9.000.jpg,False,0.0,,,,,False,False
Non_Header/h36/NonHeader_h36_f000000_t0.000.jpg,False,0.0,,,,,False,True
Non_Header/h36/NonHeader_h36_f000030_t0.500.jpg,False,0.0,,,,,False,True
Non_Header/h36/NonHeader_h36_f000060_t1.000.jpg,False,0.0,,,,,False,True
Non_Header/h36/NonHeader_h36_f000090_t1.500.jpg,True,0.5877,976.4,649.5,995.2,662.9,False,False
Non_Header/h36/NonHeader_h36_f000120_t2.000.jpg,True,0.2722,1056.7,157.1,1077.0,186.1,False,False
Non_Header/h36/NonHeader_h36_f000150_t2.500.jpg,True,0.6816,639.7,705.8,660.4,723.6,False,False
Non_Header/h36/NonHeader_h36_f000180_t3.000.jpg,False,0.1433,467.0,736.7,489.0,755.9,True,False
Non_Header/h36/NonHeader_h36_f000210_t3.500.jpg,True,0.2652,365.3,778.0,385.0,800.2,False,False
Non_Header/h36/NonHeader_h36_f000240_t4.000.jpg,False,0.0,,,,,False,False
Non_Header/h36/NonHeader_h36_f000270_t4.500.jpg,True,0.6971,999.0,619.1,1025.3,638.8,False,False
Non_Header/h36/NonHeader_h36_f000300_t5.000.jpg,False,0.0,,,,,False,False
Non_Header/h36/NonHeader_h36_f000330_t5.500.jpg,False,0.0,,,,,False,False
Non_Header/h36/NonHeader_h36_f000360_t6.000.jpg,False,0.0,,,,,False,False
Non_Header/h36/NonHeader_h36_f000390_t6.500.jpg,False,0.0,,,,,False,False
Non_Header/h36/NonHeader_h36_f000420_t7.000.jpg,False,0.2468,484.9,543.4,510.1,557.7,True,False
Non_Header/h36/NonHeader_h36_f000450_t7.500.jpg,False,0.0,,,,,False,False
Non_Header/h36/NonHeader_h36_f000480_t8.000.jpg,False,0.0,,,,,False,False
Non_Header/h37/NonHeader_h37_f000000_t0.000.jpg,True,0.3443,698.1,742.4,716.7,762.1,False,False
Non_Header/h37/NonHeader_h37_f000030_t0.500.jpg,False,0.0,,,,,False,False
Non_Header/h37/NonHeader_h37_f000060_t1.000.jpg,True,0.2521,649.7,710.2,668.7,728.7,False,False
Non_Header/h37/NonHeader_h37_f000090_t1.500.jpg,True,0.3425,208.3,128.3,227.4,145.1,False,False
Non_Header/h37/NonHeader_h37_f000120_t2.000.jpg,True,0.2926,604.8,658.9,621.6,674.9,False,False
Non_Header/h37/NonHeader_h37_f000150_t2.500.jpg,False,0.1177,608.2,632.8,622.6,649.7,True,False
Non_Header/h37/NonHeader_h37_f000180_t3.000.jpg,False,0.0,,,,,False,False
Non_Header/h37/NonHeader_h37_f000210_t3.500.jpg,False,0.0,,,,,False,False
Non_Header/h37/NonHeader_h37_f000240_t4.000.jpg,False,0.0,,,,,False,False
Non_Header/h37/NonHeader_h37_f000270_t4.500.jpg,True,0.2996,494.8,551.2,518.5,569.9,False,False
Non_Header/h37/NonHeader_h37_f000300_t5.000.jpg,False,0.0,,,,,False,False
Non_Header/h37/NonHeader_h37_f000330_t5.500.jpg,True,0.4493,970.1,543.2,984.1,560.3,False,False
Non_Header/h37/NonHeader_h37_f000360_t6.000.jpg,False,0.0,,,,,False,False
Non_Header/h37/NonHeader_h37_f000390_t6.500.jpg,False,0.0,,,,,False,False
Non_Header/h37/NonHeader_h37_f000420_t7.000.jpg,True,0.4498,1200.1,500.6,1213.8,513.8,False,False
Non_Header/h37/NonHeader_h37_f000450_t7.500.jpg,False,0.0,,,,,False,False
Non_Header/h37/NonHeader_h37_f000480_t8.000.jpg,False,0.0,,,,,False,False
Non_Header/h37/NonHeader_h37_f000510_t8.500.jpg,False,0.0,,,,,False,False
Non_Header/h37/NonHeader_h37_f000540_t9.000.jpg,False,0.0,,,,,False,True
Non_Header/h37/NonHeader_h37_f000570_t9.500.jpg,False,0.0,,,,,False,True
Non_Header/h37/NonHeader_h37_f000600_t10.000.jpg,False,0.0,,,,,False,True
Non_Header/h38/NonHeader_h38_f000000_t0.000.jpg,False,0.0,,,,,False,True
Non_Header/h38/NonHeader_h38_f000030_t0.500.jpg,False,0.0,,,,,False,True
Non_Header/h38/NonHeader_h38_f000060_t1.000.jpg,False,0.0,,,,,False,True
Non_Header/h38/NonHeader_h38_f000090_t1.500.jpg,False,0.0,,,,,False,True
Non_Header/h38/NonHeader_h38_f000120_t2.000.jpg,False,0.0,,,,,False,True
Non_Header/h38/NonHeader_h38_f000150_t2.500.jpg,False,0.1341,1367.7,404.3,1385.1,418.3,True,False
Non_Header/h38/NonHeader_h38_f000180_t3.000.jpg,True,0.5102,1321.9,447.8,1336.2,461.5,False,False
Non_Header/h38/NonHeader_h38_f000210_t3.500.jpg,False,0.0,,,,,False,False
Non_Header/h38/NonHeader_h38_f000240_t4.000.jpg,False,0.1266,1795.5,249.0,1822.3,269.6,True,False
Non_Header/h38/NonHeader_h38_f000270_t4.500.jpg,True,0.5089,1012.4,493.3,1028.9,507.9,False,False
Non_Header/h38/NonHeader_h38_f000300_t5.000.jpg,False,0.1447,1586.6,234.0,1614.1,259.8,True,False
Non_Header/h38/NonHeader_h38_f000330_t5.500.jpg,False,0.0,,,,,False,False
Non_Header/h38/NonHeader_h38_f000360_t6.000.jpg,False,0.2347,1158.5,216.5,1183.1,236.3,True,False
Non_Header/h38/NonHeader_h38_f000390_t6.500.jpg,False,0.1508,1047.3,211.1,1074.1,232.1,True,False
Non_Header/h38/NonHeader_h38_f000420_t7.000.jpg,True,0.2902,907.4,209.0,932.0,227.1,False,False
Non_Header/h38/NonHeader_h38_f000450_t7.500.jpg,False,0.1249,883.4,203.7,913.3,223.9,True,False
Non_Header/h38/NonHeader_h38_f000480_t8.000.jpg,True,0.6485,1086.1,353.5,1101.0,369.3,False,False
Non_Header/h39/NonHeader_h39_f000000_t0.000.jpg,True,0.3942,1086.1,353.7,1101.0,369.1,False,False
Non_Header/h39/NonHeader_h39_f000030_t0.500.jpg,False,0.1108,1175.0,209.3,1200.6,227.8,True,False
Non_Header/h39/NonHeader_h39_f000060_t1.000.jpg,True,0.6427,884.2,365.8,899.7,379.9,False,False
Non_Header/h39/NonHeader_h39_f000090_t1.500.jpg,False,0.1771,629.7,246.1,659.8,265.7,True,False
Non_Header/h39/NonHeader_h39_f000120_t2.000.jpg,False,0.1036,337.1,246.0,368.2,266.0,True,False
Non_Header/h39/NonHeader_h39_f000150_t2.500.jpg,True,0.9051,998.6,889.5,1116.7,1001.9,False,False
Non_Header/h39/NonHeader_h39_f000180_t3.000.jpg,True,0.9136,839.9,913.0,952.7,1021.2,False,False
Non_Header/h39/NonHeader_h39_f000210_t3.500.jpg,False,0.0,,,,,False,False
Non_Header/h39/NonHeader_h39_f000240_t4.000.jpg,False,0.0,,,,,False,False
Non_Header/h39/NonHeader_h39_f000270_t4.500.jpg,False,0.0,,,,,False,False
Non_Header/h39/NonHeader_h39_f000300_t5.000.jpg,False,0.0,,,,,False,False
Non_Header/h39/NonHeader_h39_f000330_t5.500.jpg,False,0.0,,,,,False,False
Non_Header/h39/NonHeader_h39_f000360_t6.000.jpg,False,0.0,,,,,False,False
Non_Header/h39/NonHeader_h39_f000390_t6.500.jpg,False,0.0,,,,,False,False
Non_Header/h39/NonHeader_h39_f000420_t7.000.jpg,False,0.0,,,,,False,False
Non_Header/h39/NonHeader_h39_f000450_t7.500.jpg,False,0.0,,,,,False,False
Non_Header/h39/NonHeader_h39_f000480_t8.000.jpg,False,0.0,,,,,False,False
Non_Header/h39/NonHeader_h39_f000510_t8.500.jpg,False,0.0,,,,,False,False
Non_Header/h39/NonHeader_h39_f000540_t9.000.jpg,False,0.0,,,,,False,False
Non_Header/h4/NonHeader_h4_f000000_t0.000.jpg,False,0.0,,,,,False,True
Non_Header/h4/NonHeader_h4_f000030_t0.500.jpg,False,0.0,,,,,False,True
Non_Header/h4/NonHeader_h4_f000060_t1.000.jpg,True,0.8731,873.8,850.4,933.0,908.0,False,False
Non_Header/h4/NonHeader_h4_f000090_t1.500.jpg,True,0.8567,685.5,749.7,743.2,801.7,False,False
Non_Header/h4/NonHeader_h4_f000120_t2.000.jpg,True,0.8696,697.1,704.1,746.6,752.6,False,False
Non_Header/h4/NonHeader_h4_f000150_t2.500.jpg,True,0.8658,648.9,660.4,697.3,707.1,False,False
Non_Header/h4/NonHeader_h4_f000180_t3.000.jpg,True,0.8694,628.5,622.9,674.2,664.4,False,False
Non_Header/h4/NonHeader_h4_f000210_t3.500.jpg,True,0.8684,467.2,604.2,508.0,645.3,False,False
Non_Header/h4/NonHeader_h4_f000240_t4.000.jpg,True,0.5592,469.9,613.7,521.4,654.1,False,False
Non_Header/h4/NonHeader_h4_f000270_t4.500.jpg,True,0.8363,996.3,676.0,1047.5,715.4,False,False
Non_Header/h4/NonHeader_h4_f000300_t5.000.jpg,True,0.8417,1285.3,710.6,1326.3,748.7,False,False
Non_Header/h4/NonHeader_h4_f000330_t5.500.jpg,True,0.9,1344.9,739.2,1459.3,843.2,False,False
Non_Header/h4/NonHeader_h4_f000360_t6.000.jpg,True,0.9165,1028.8,918.8,1162.1,1040.6,False,False
Non_Header/h4/NonHeader_h4_f000390_t6.500.jpg,True,0.9015,1696.2,355.3,1780.0,437.0,False,False
Non_Header/h4/NonHeader_h4_f000420_t7.000.jpg,True,0.4946,719.4,627.3,745.5,652.4,False,False
Non_Header/h4/NonHeader_h4_f000450_t7.500.jpg,True,0.518,530.1,597.0,556.8,625.7,False,False
Non_Header/h4/NonHeader_h4_f000480_t8.000.jpg,True,0.734,417.3,524.9,449.9,555.5,False,False
Non_Header/h40/NonHeader_h40_f000000_t0.000.jpg,False,0.0,,,,,False,False
Non_Header/h40/NonHeader_h40_f000030_t0.500.jpg,False,0.0,,,,,False,False
Non_Header/h40/NonHeader_h40_f000060_t1.000.jpg,False,0.0,,,,,False,False
Non_Header/h40/NonHeader_h40_f000090_t1.500.jpg,True,0.2542,388.1,369.3,408.0,385.8,False,False
Non_Header/h40/NonHeader_h40_f000120_t2.000.jpg,False,0.147,73.6,162.3,108.6,184.3,True,False
Non_Header/h40/NonHeader_h40_f000150_t2.500.jpg,True,0.2907,301.9,164.5,337.5,185.2,False,False
Non_Header/h40/NonHeader_h40_f000180_t3.000.jpg,False,0.0,,,,,False,False
Non_Header/h40/NonHeader_h40_f000210_t3.500.jpg,True,0.5966,211.1,538.5,233.1,557.2,False,False
Non_Header/h40/NonHeader_h40_f000240_t4.000.jpg,True,0.5328,250.0,538.4,271.4,558.1,False,False
Non_Header/h40/NonHeader_h40_f000270_t4.500.jpg,False,0.1636,485.9,175.3,516.7,197.1,True,False
Non_Header/h40/NonHeader_h40_f000300_t5.000.jpg,False,0.0,,,,,False,False
Non_Header/h40/NonHeader_h40_f000330_t5.500.jpg,False,0.0,,,,,False,False
Non_Header/h40/NonHeader_h40_f000360_t6.000.jpg,False,0.0,,,,,False,False
Non_Header/h40/NonHeader_h40_f000390_t6.500.jpg,False,0.0,,,,,False,False
Non_Header/h40/NonHeader_h40_f000420_t7.000.jpg,True,0.4214,1409.0,450.4,1440.7,474.5,False,False
Non_Header/h40/NonHeader_h40_f000450_t7.500.jpg,False,0.1056,1411.2,449.0,1443.3,481.5,True,False
Non_Header/h40/NonHeader_h40_f000480_t8.000.jpg,False,0.0,,,,,False,False
Non_Header/h40/NonHeader_h40_f000510_t8.500.jpg,False,0.0,,,,,False,False
Non_Header/h40/NonHeader_h40_f000540_t9.000.jpg,False,0.0,,,,,False,False
Non_Header/h41/NonHeader_h41_f000000_t0.000.jpg,False,0.0,,,,,False,False
Non_Header/h41/NonHeader_h41_f000030_t0.500.jpg,False,0.0,,,,,False,False
Non_Header/h41/NonHeader_h41_f000060_t1.000.jpg,False,0.0,,,,,False,False
Non_Header/h41/NonHeader_h41_f000090_t1.500.jpg,False,0.0,,,,,False,False
Non_Header/h41/NonHeader_h41_f000120_t2.000.jpg,False,0.0,,,,,False,False
Non_Header/h41/NonHeader_h41_f000150_t2.500.jpg,False,0.0,,,,,False,False
Non_Header/h41/NonHeader_h41_f000180_t3.000.jpg,False,0.0,,,,,False,False
Non_Header/h41/NonHeader_h41_f000210_t3.500.jpg,False,0.0,,,,,False,False
Non_Header/h41/NonHeader_h41_f000240_t4.000.jpg,False,0.0,,,,,False,False
Non_Header/h41/NonHeader_h41_f000270_t4.500.jpg,False,0.0,,,,,False,True
Non_Header/h41/NonHeader_h41_f000300_t5.000.jpg,False,0.0,,,,,False,True
Non_Header/h41/NonHeader_h41_f000330_t5.500.jpg,False,0.0,,,,,False,True
Non_Header/h41/NonHeader_h41_f000360_t6.000.jpg,False,0.0,,,,,False,True
Non_Header/h41/NonHeader_h41_f000390_t6.500.jpg,False,0.0,,,,,False,True
Non_Header/h41/NonHeader_h41_f000420_t7.000.jpg,False,0.0,,,,,False,True
Non_Header/h41/NonHeader_h41_f000450_t7.500.jpg,False,0.0,,,,,False,True
Non_Header/h41/NonHeader_h41_f000480_t8.000.jpg,False,0.0,,,,,False,True
Non_Header/h41/NonHeader_h41_f000510_t8.500.jpg,False,0.0,,,,,False,True
Non_Header/h41/NonHeader_h41_f000540_t9.000.jpg,False,0.0,,,,,False,True
Non_Header/h41/NonHeader_h41_f000570_t9.500.jpg,False,0.0,,,,,False,True
Non_Header/h41/NonHeader_h41_f000600_t10.000.jpg,False,0.0,,,,,False,True
Non_Header/h42/NonHeader_h42_f000000_t0.000.jpg,False,0.0,,,,,False,False
Non_Header/h42/NonHeader_h42_f000030_t0.500.jpg,False,0.0,,,,,False,False
Non_Header/h42/NonHeader_h42_f000060_t1.000.jpg,False,0.0,,,,,False,False
Non_Header/h42/NonHeader_h42_f000090_t1.500.jpg,False,0.1159,1744.3,80.8,1854.2,199.8,True,False
Non_Header/h42/NonHeader_h42_f000120_t2.000.jpg,False,0.0,,,,,False,False
Non_Header/h42/NonHeader_h42_f000150_t2.500.jpg,False,0.0,,,,,False,False
Non_Header/h42/NonHeader_h42_f000180_t3.000.jpg,False,0.0,,,,,False,False
Non_Header/h42/NonHeader_h42_f000210_t3.500.jpg,False,0.2143,1258.0,328.4,1277.8,344.2,True,False
Non_Header/h42/NonHeader_h42_f000240_t4.000.jpg,False,0.0,,,,,False,False
Non_Header/h42/NonHeader_h42_f000270_t4.500.jpg,False,0.0,,,,,False,False
Non_Header/h42/NonHeader_h42_f000300_t5.000.jpg,False,0.0,,,,,False,False
Non_Header/h42/NonHeader_h42_f000330_t5.500.jpg,False,0.0,,,,,False,False
Non_Header/h42/NonHeader_h42_f000360_t6.000.jpg,False,0.2092,1744.1,67.4,1856.5,200.7,True,False
Non_Header/h42/NonHeader_h42_f000390_t6.500.jpg,True,0.4384,1745.8,83.5,1857.1,199.3,False,False
Non_Header/h42/NonHeader_h42_f000420_t7.000.jpg,False,0.0,,,,,False,False
Non_Header/h42/NonHeader_h42_f000450_t7.500.jpg,True,0.5424,1746.0,78.5,1855.5,200.5,False,False
Non_Header/h42/NonHeader_h42_f000480_t8.000.jpg,True,0.5744,1462.7,497.0,1480.8,513.7,False,False
Non_Header/h42/NonHeader_h42_f000510_t8.500.jpg,False,0.0,,,,,False,False
Non_Header/h42/NonHeader_h42_f000540_t9.000.jpg,False,0.0,,,,,False,False
Non_Header/h42/NonHeader_h42_f000570_t9.500.jpg,False,0.0,,,,,False,False
Non_Header/h42/NonHeader_h42_f000600_t10.000.jpg,False,0.1459,1323.0,406.4,1338.6,420.4,True,False
Non_Header/h43/NonHeader_h43_f000000_t0.000.jpg,False,0.1339,1554.5,705.9,1571.5,723.2,True,False
Non_Header/h43/NonHeader_h43_f000030_t0.500.jpg,False,0.0,,,,,False,False
Non_Header/h43/NonHeader_h43_f000060_t1.000.jpg,True,0.4031,1541.3,693.5,1557.3,710.8,False,False
Non_Header/h43/NonHeader_h43_f000090_t1.500.jpg,True,0.3017,1539.2,690.4,1554.9,705.7,False,False
Non_Header/h43/NonHeader_h43_f000120_t2.000.jpg,False,0.1452,1554.9,698.5,1570.7,713.3,True,False
Non_Header/h43/NonHeader_h43_f000150_t2.500.jpg,False,0.0,,,,,False,False
Non_Header/h43/NonHeader_h43_f000180_t3.000.jpg,True,0.4284,991.7,760.5,1011.1,780.5,False,False
Non_Header/h43/NonHeader_h43_f000210_t3.500.jpg,False,0.0,,,,,False,False
Non_Header/h43/NonHeader_h43_f000240_t4.000.jpg,False,0.0,,,,,False,False
Non_Header/h43/NonHeader_h43_f000270_t4.500.jpg,False,0.0,,,,,False,False
Non_Header/h43/NonHeader_h43_f000300_t5.000.jpg,True,0.6752,1350.5,729.8,1371.0,750.7,False,False
Non_Header/h43/NonHeader_h43_f000330_t5.500.jpg,False,0.0,,,,,False,False
Non_Header/h43/NonHeader_h43_f000360_t6.000.jpg,False,0.0,,,,,False,False
Non_Header/h43/NonHeader_h43_f000390_t6.500.jpg,False,0.0,,,,,False,False
Non_Header/h43/NonHeader_h43_f000420_t7.000.jpg,False,0.1003,1518.8,772.4,1543.5,803.6,True,False
Non_Header/h43/NonHeader_h43_f000450_t7.500.jpg,False,0.0,,,,,False,False
Non_Header/h43/NonHeader_h43_f000480_t8.000.jpg,True,0.5758,1361.3,732.7,1382.3,753.3,False,False
Non_Header/h44/NonHeader_h44_f000000_t0.000.jpg,True,0.553,1361.2,732.6,1382.5,753.3,False,False
Non_Header/h44/NonHeader_h44_f000030_t0.500.jpg,False,0.0,,,,,False,False
Non_Header/h44/NonHeader_h44_f000060_t1.000.jpg,True,0.3694,1128.9,727.9,1152.7,746.0,False,False
Non_Header/h44/NonHeader_h44_f000090_t1.500.jpg,False,0.2123,1063.9,719.3,1084.1,741.3,True,False
Non_Header/h44/NonHeader_h44_f000120_t2.000.jpg,False,0.0,,,,,False,False
Non_Header/h44/NonHeader_h44_f000150_t2.500.jpg,False,0.0,,,,,False,False
Non_Header/h44/NonHeader_h44_f000180_t3.000.jpg,True,0.2766,1362.6,667.5,1381.6,684.1,False,False
Non_Header/h44/NonHeader_h44_f000210_t3.500.jpg,False,0.0,,,,,False,False
Non_Header/h44/NonHeader_h44_f000240_t4.000.jpg,False,0.0,,,,,False,False
Non_Header/h44/NonHeader_h44_f000270_t4.500.jpg,False,0.0,,,,,False,False
Non_Header/h44/NonHeader_h44_f000300_t5.000.jpg,True,0.4731,1132.6,594.7,1149.8,611.9,False,False
Non_Header/h44/NonHeader_h44_f000330_t5.500.jpg,False,0.0,,,,,False,False
Non_Header/h44/NonHeader_h44_f000360_t6.000.jpg,False,0.0,,,,,False,False
Non_Header/h44/NonHeader_h44_f000390_t6.500.jpg,False,0.0,,,,,False,False
Non_Header/h44/NonHeader_h44_f000420_t7.000.jpg,False,0.0,,,,,False,False
Non_Header/h44/NonHeader_h44_f000450_t7.500.jpg,True,0.2793,709.5,575.8,727.2,593.7,False,False
Non_Header/h44/NonHeader_h44_f000480_t8.000.jpg,False,0.0,,,,,False,False
Non_Header/h44/NonHeader_h44_f000510_t8.500.jpg,False,0.0,,,,,False,False
Non_Header/h44/NonHeader_h44_f000540_t9.000.jpg,True,0.4224,524.4,448.3,550.9,467.0,False,False
Non_Header/h45/NonHeader_h45_f000000_t0.000.jpg,True,0.4737,524.9,448.4,550.6,466.8,False,False
Non_Header/h45/NonHeader_h45_f000030_t0.500.jpg,False,0.0,,,,,False,False
Non_Header/h45/NonHeader_h45_f000060_t1.000.jpg,False,0.0,,,,,False,False
Non_Header/h45/NonHeader_h45_f000090_t1.500.jpg,False,0.0,,,,,False,False
Non_Header/h45/NonHeader_h45_f000120_t2.000.jpg,False,0.0,,,,,False,False
Non_Header/h45/NonHeader_h45_f000150_t2.500.jpg,False,0.1131,754.7,946.4,770.6,972.5,True,False
Non_Header/h45/NonHeader_h45_f000180_t3.000.jpg,False,0.2459,820.7,929.5,844.1,956.9,True,False
Non_Header/h45/NonHeader_h45_f000210_t3.500.jpg,False,0.0,,,,,False,False
Non_Header/h45/NonHeader_h45_f000240_t4.000.jpg,True,0.5954,506.6,592.1,523.9,609.1,False,False
Non_Header/h45/NonHeader_h45_f000270_t4.500.jpg,False,0.0,,,,,False,False
Non_Header/h45/NonHeader_h45_f000300_t5.000.jpg,False,0.0,,,,,False,False
Non_Header/h45/NonHeader_h45_f000330_t5.500.jpg,False,0.0,,,,,False,False
Non_Header/h45/NonHeader_h45_f000360_t6.000.jpg,False,0.0,,,,,False,False
Non_Header/h45/NonHeader_h45_f000390_t6.500.jpg,False,0.0,,,,,False,False
Non_Header/h45/NonHeader_h45_f000420_t7.000.jpg,False,0.0,,,,,False,False
Non_Header/h45/NonHeader_h45_f000450_t7.500.jpg,True,0.3611,295.0,623.1,312.5,637.4,False,False
Non_Header/h45/NonHeader_h45_f000480_t8.000.jpg,True,0.4768,298.0,637.7,313.3,653.1,False,False
Non_Header/h45/NonHeader_h45_f000510_t8.500.jpg,False,0.0,,,,,False,False
Non_Header/h45/NonHeader_h45_f000540_t9.000.jpg,False,0.0,,,,,False,False
Non_Header/h45/NonHeader_h45_f000570_t9.500.jpg,False,0.2011,259.4,664.5,277.1,681.5,True,False
Non_Header/h45/NonHeader_h45_f000600_t10.000.jpg,False,0.0,,,,,False,False
Non_Header/h46/NonHeader_h46_f000000_t0.000.jpg,False,0.0,,,,,False,False
Non_Header/h46/NonHeader_h46_f000030_t0.500.jpg,False,0.0,,,,,False,False
Non_Header/h46/NonHeader_h46_f000060_t1.000.jpg,False,0.0,,,,,False,False
Non_Header/h46/NonHeader_h46_f000090_t1.500.jpg,False,0.1042,15.1,493.2,41.5,505.5,True,False
Non_Header/h46/NonHeader_h46_f000120_t2.000.jpg,False,0.0,,,,,False,False
Non_Header/h46/NonHeader_h46_f000150_t2.500.jpg,False,0.1593,1017.4,214.2,1042.2,235.3,True,False
Non_Header/h46/NonHeader_h46_f000180_t3.000.jpg,False,0.0,,,,,False,False
Non_Header/h46/NonHeader_h46_f000210_t3.500.jpg,False,0.0,,,,,False,False
Non_Header/h46/NonHeader_h46_f000240_t4.000.jpg,False,0.1726,1059.2,208.6,1086.7,240.0,True,False
Non_Header/h46/NonHeader_h46_f000270_t4.500.jpg,False,0.2191,1136.6,655.6,1154.0,673.3,True,False
Non_Header/h46/NonHeader_h46_f000300_t5.000.jpg,True,0.5912,1263.1,653.4,1280.5,670.4,False,False
Non_Header/h46/NonHeader_h46_f000330_t5.500.jpg,True,0.2577,1323.1,652.7,1343.6,673.6,False,False
Non_Header/h46/NonHeader_h46_f000360_t6.000.jpg,True,0.5695,1419.9,675.8,1443.1,697.5,False,False
Non_Header/h46/NonHeader_h46_f000390_t6.500.jpg,False,0.1304,1467.1,698.2,1489.1,720.8,True,False
Non_Header/h46/NonHeader_h46_f000420_t7.000.jpg,True,0.5469,1024.9,659.1,1050.6,680.7,False,False
Non_Header/h46/NonHeader_h46_f000450_t7.500.jpg,True,0.662,963.9,634.3,984.2,653.3,False,False
Non_Header/h46/NonHeader_h46_f000480_t8.000.jpg,True,0.6989,1094.1,632.2,1119.2,653.6,False,False
Non_Header/h47/NonHeader_h47_f000000_t0.000.jpg,True,0.6767,1108.7,632.8,1133.9,653.7,False,False
Non_Header/h47/NonHeader_h47_f000030_t0.500.jpg,False,0.0,,,,,False,False
Non_Header/h47/NonHeader_h47_f000060_t1.000.jpg,True,0.6348,1416.3,620.3,1434.2,637.9,False,False
Non_Header/h47/NonHeader_h47_f000090_t1.500.jpg,False,0.0,,,,,False,False
Non_Header/h47/NonHeader_h47_f000120_t2.000.jpg,False,0.2201,929.8,635.0,964.4,650.0,True,False
Non_Header/h47/NonHeader_h47_f000150_t2.500.jpg,True,0.6125,1037.2,689.0,1061.6,711.8,False,False
Non_Header/h47/NonHeader_h47_f000180_t3.000.jpg,False,0.0,,,,,False,False
Non_Header/h47/NonHeader_h47_f000210_t3.500.jpg,False,0.0,,,,,False,False
Non_Header/h47/NonHeader_h47_f000240_t4.000.jpg,False,0.0,,,,,False,False
Non_Header/h47/NonHeader_h47_f000270_t4.500.jpg,False,0.1292,562.4,371.6,617.2,395.3,True,False
Non_Header/h47/NonHeader_h47_f000300_t5.000.jpg,False,0.0,,,,,False,True
Non_Header/h47/NonHeader_h47_f000330_t5.500.jpg,False,0.0,,,,,False,True
Non_Header/h47/NonHeader_h47_f000360_t6.000.jpg,False,0.0,,,,,False,True
Non_Header/h47/NonHeader_h47_f000390_t6.500.jpg,False,0.0,,,,,False,True
Non_Header/h47/NonHeader_h47_f000420_t7.000.jpg,True,0.8605,377.1,696.5,459.2,770.0,False,False
Non_Header/h47/NonHeader_h47_f000450_t7.500.jpg,True,0.8467,475.9,653.7,536.1,712.8,False,False
Non_Header/h47/NonHeader_h47_f000480_t8.000.jpg,True,0.8797,292.9,623.5,355.8,681.2,False,False
Non_Header/h47/NonHeader_h47_f000510_t8.500.jpg,True,0.8799,225.1,679.2,291.3,743.5,False,False
Non_Header/h48/NonHeader_h48_f000000_t0.000.jpg,True,0.9021,240.0,745.6,311.4,820.2,False,False
Non_Header/h48/NonHeader_h48_f000030_t0.500.jpg,True,0.8836,298.3,783.1,378.5,858.1,False,False
Non_Header/h48/NonHeader_h48_f000060_t1.000.jpg,True,0.9294,643.1,796.0,773.5,922.5,False,False
Non_Header/h48/NonHeader_h48_f000090_t1.500.jpg,True,0.9163,496.0,836.8,631.8,963.0,False,False
Non_Header/h48/NonHeader_h48_f000120_t2.000.jpg,True,0.9327,601.2,800.1,743.5,942.7,False,False
Non_Header/h48/NonHeader_h48_f000150_t2.500.jpg,True,0.9284,180.3,682.5,348.9,843.4,False,False
Non_Header/h48/NonHeader_h48_f000180_t3.000.jpg,True,0.8061,1382.6,693.5,1504.5,833.5,False,False
Non_Header/h48/NonHeader_h48_f000210_t3.500.jpg,False,0.0,,,,,False,False
Non_Header/h48/NonHeader_h48_f000240_t4.000.jpg,True,0.3488,1171.7,631.6,1222.5,722.3,False,False
Non_Header/h48/NonHeader_h48_f000270_t4.500.jpg,True,0.9017,1742.5,732.3,1862.0,849.4,False,False
Non_Header/h48/NonHeader_h48_f000300_t5.000.jpg,False,0.0,,,,,False,False
Non_Header/h48/NonHeader_h48_f000330_t5.500.jpg,False,0.0,,,,,False,False
Non_Header/h48/NonHeader_h48_f000360_t6.000.jpg,True,0.3778,1609.9,695.2,1629.1,710.3,False,False
Non_Header/h48/NonHeader_h48_f000390_t6.500.jpg,False,0.0,,,,,False,False
Non_Header/h48/NonHeader_h48_f000420_t7.000.jpg,False,0.0,,,,,False,False
Non_Header/h48/NonHeader_h48_f000450_t7.500.jpg,False,0.0,,,,,False,False
Non_Header/h48/NonHeader_h48_f000480_t8.000.jpg,True,0.7261,880.1,839.3,900.3,858.6,False,False
Non_Header/h48/NonHeader_h48_f000510_t8.500.jpg,True,0.4042,955.3,868.2,974.1,890.4,False,False
Non_Header/h48/NonHeader_h48_f000540_t9.000.jpg,True,0.6521,979.1,888.8,999.6,912.5,False,False
Non_Header/h48/NonHeader_h48_f000570_t9.500.jpg,True,0.5914,1064.5,875.8,1086.5,897.4,False,False
Non_Header/h48/NonHeader_h48_f000600_t10.000.jpg,True,0.3167,1122.5,863.1,1143.7,882.2,False,False
Non_Header/h49/NonHeader_h49_f000000_t0.000.jpg,True,0.4921,1126.7,862.7,1147.7,881.6,False,False
Non_Header/h49/NonHeader_h49_f000030_t0.500.jpg,True,0.2574,978.9,928.0,1046.1,1060.7,False,False
Non_Header/h49/NonHeader_h49_f000060_t1.000.jpg,True,0.9217,1365.5,916.4,1504.4,1056.4,False,False
Non_Header/h49/NonHeader_h49_f000090_t1.500.jpg,True,0.9186,1081.3,933.0,1207.1,1055.1,False,False
Non_Header/h49/NonHeader_h49_f000120_t2.000.jpg,True,0.9003,929.0,823.9,1027.8,924.0,False,False
Non_Header/h49/NonHeader_h49_f000150_t2.500.jpg,True,0.9127,1033.7,843.0,1124.0,930.7,False,False
Non_Header/h49/NonHeader_h49_f000180_t3.000.jpg,True,0.3086,847.7,680.4,960.8,772.4,False,False
Non_Header/h49/NonHeader_h49_f000210_t3.500.jpg,True,0.891,771.3,832.3,865.2,929.0,False,False
Non_Header/h49/NonHeader_h49_f000240_t4.000.jpg,True,0.2606,1838.4,779.9,1871.4,803.5,False,False
Non_Header/h49/NonHeader_h49_f000270_t4.500.jpg,False,0.2256,1283.0,708.8,1302.3,726.8,True,False
Non_Header/h49/NonHeader_h49_f000300_t5.000.jpg,True,0.3126,1308.5,716.5,1333.3,733.5,False,False
Non_Header/h49/NonHeader_h49_f000330_t5.500.jpg,True,0.545,1613.6,785.4,1636.8,805.8,False,False
Non_Header/h49/NonHeader_h49_f000360_t6.000.jpg,False,0.0,,,,,False,False
Non_Header/h49/NonHeader_h49_f000390_t6.500.jpg,True,0.6636,1200.1,787.5,1225.0,807.3,False,False
Non_Header/h49/NonHeader_h49_f000420_t7.000.jpg,False,0.1032,944.2,817.8,970.2,842.7,True,False
Non_Header/h49/NonHeader_h49_f000450_t7.500.jpg,False,0.1878,1151.6,815.4,1173.8,836.8,True,False
Non_Header/h5/NonHeader_h5_f000000_t0.000.jpg,True,0.7344,417.0,524.6,449.6,555.3,False,False
Non_Header/h5/NonHeader_h5_f000030_t0.500.jpg,True,0.7705,386.4,469.6,417.9,498.0,False,False
Non_Header/h5/NonHeader_h5_f000060_t1.000.jpg,False,0.0,,,,,False,False
Non_Header/h5/NonHeader_h5_f000090_t1.500.jpg,True,0.7654,347.7,439.6,384.4,475.2,False,False
Non_Header/h5/NonHeader_h5_f000120_t2.000.jpg,True,0.7921,288.0,439.9,326.8,472.7,False,False
Non_Header/h5/NonHeader_h5_f000150_t2.500.jpg,True,0.8332,228.9,419.5,268.3,457.9,False,False
Non_Header/h5/NonHeader_h5_f000180_t3.000.jpg,True,0.6399,368.9,485.0,405.3,517.7,False,False
Non_Header/h5/NonHeader_h5_f000210_t3.500.jpg,True,0.6435,380.0,453.1,418.3,486.3,False,False
Non_Header/h5/NonHeader_h5_f000240_t4.000.jpg,True,0.6666,417.0,492.5,453.7,524.0,False,False
Non_Header/h5/NonHeader_h5_f000270_t4.500.jpg,True,0.5123,566.4,492.2,605.9,525.1,False,False
Non_Header/h5/NonHeader_h5_f000300_t5.000.jpg,True,0.6024,638.7,459.0,676.8,488.7,False,False
Non_Header/h5/NonHeader_h5_f000330_t5.500.jpg,True,0.6649,761.5,406.0,799.7,438.2,False,False
Non_Header/h5/NonHeader_h5_f000360_t6.000.jpg,True,0.8663,832.6,478.8,870.3,514.2,False,False
Non_Header/h5/NonHeader_h5_f000390_t6.500.jpg,True,0.8375,826.9,597.2,862.0,632.2,False,False
Non_Header/h5/NonHeader_h5_f000420_t7.000.jpg,True,0.7624,812.4,687.5,848.7,721.8,False,False
Non_Header/h5/NonHeader_h5_f000450_t7.500.jpg,True,0.7829,916.9,798.1,954.4,833.4,False,False
Non_Header/h5/NonHeader_h5_f000480_t8.000.jpg,False,0.0,,,,,False,False
Non_Header/h5/NonHeader_h5_f000510_t8.500.jpg,True,0.5309,999.8,338.8,1030.6,372.0,False,False
Non_Header/h5/NonHeader_h5_f000540_t9.000.jpg,False,0.1283,843.8,219.5,872.3,250.1,True,False
Non_Header/h50/NonHeader_h50_f000000_t0.000.jpg,True,0.5199,1257.3,810.7,1277.6,830.7,False,False
Non_Header/h50/NonHeader_h50_f000030_t0.500.jpg,False,0.0,,,,,False,False
Non_Header/h50/NonHeader_h50_f000060_t1.000.jpg,False,0.0,,,,,False,False
Non_Header/h50/NonHeader_h50_f000090_t1.500.jpg,False,0.0,,,,,False,False
Non_Header/h50/NonHeader_h50_f000120_t2.000.jpg,True,0.5798,1008.8,803.2,1032.6,827.0,False,False
Non_Header/h50/NonHeader_h50_f000150_t2.500.jpg,False,0.0,,,,,False,False
Non_Header/h50/NonHeader_h50_f000180_t3.000.jpg,True,0.6468,1447.8,736.3,1481.5,770.8,False,False
Non_Header/h50/NonHeader_h50_f000210_t3.500.jpg,False,0.0,,,,,False,False
Non_Header/h50/NonHeader_h50_f000240_t4.000.jpg,False,0.0,,,,,False,False
Non_Header/h50/NonHeader_h50_f000270_t4.500.jpg,True,0.4284,534.2,807.4,557.7,849.7,False,False
Non_Header/h50/NonHeader_h50_f000300_t5.000.jpg,True,0.4771,1569.2,622.1,1602.6,653.5,False,False
Non_Header/h50/NonHeader_h50_f000330_t5.500.jpg,False,0.0,,,,,False,True
Non_Header/h50/NonHeader_h50_f000360_t6.000.jpg,False,0.0,,,,,False,True
Non_Header/h50/NonHeader_h50_f000390_t6.500.jpg,False,0.0,,,,,False,True
Non_Header/h50/NonHeader_h50_f000420_t7.000.jpg,False,0.0,,,,,False,True
Non_Header/h50/NonHeader_h50_f000450_t7.500.jpg,False,0.0,,,,,False,True
Non_Header/h50/NonHeader_h50_f000480_t8.000.jpg,True,0.8732,851.2,571.2,938.0,646.6,False,False
Non_Header/h50/NonHeader_h50_f000510_t8.500.jpg,True,0.8769,1830.0,730.5,1918.2,817.9,False,False
Non_Header/h50/NonHeader_h50_f000540_t9.000.jpg,True,0.9073,1124.6,387.0,1216.6,480.5,False,False
Non_Header/h51/NonHeader_h51_f000000_t0.000.jpg,True,0.905,1124.5,387.2,1216.7,479.8,False,False
Non_Header/h51/NonHeader_h51_f000030_t0.500.jpg,True,0.8854,978.8,620.7,1048.5,687.3,False,False
Non_Header/h51/NonHeader_h51_f000060_t1.000.jpg,True,0.8599,835.2,554.8,893.8,613.5,False,False
Non_Header/h51/NonHeader_h51_f000090_t1.500.jpg,True,0.8766,619.6,477.0,663.1,518.1,False,False
Non_Header/h51/NonHeader_h51_f000120_t2.000.jpg,True,0.8317,625.3,701.0,659.3,737.2,False,False
Non_Header/h51/NonHeader_h51_f000150_t2.500.jpg,False,0.1561,686.8,972.8,723.8,1011.0,True,False
Non_Header/h51/NonHeader_h51_f000180_t3.000.jpg,True,0.4043,1545.0,698.7,1561.2,711.1,False,False
Non_Header/h51/NonHeader_h51_f000210_t3.500.jpg,False,0.0,,,,,False,False
Non_Header/h51/NonHeader_h51_f000240_t4.000.jpg,False,0.0,,,,,False,False
Non_Header/h51/NonHeader_h51_f000270_t4.500.jpg,False,0.0,,,,,False,False
Non_Header/h51/NonHeader_h51_f000300_t5.000.jpg,True,0.4535,1488.3,622.8,1501.8,634.9,False,False
Non_Header/h51/NonHeader_h51_f000330_t5.500.jpg,False,0.0,,,,,False,False
Non_Header/h51/NonHeader_h51_f000360_t6.000.jpg,False,0.0,,,,,False,False
Non_Header/h51/NonHeader_h51_f000390_t6.500.jpg,False,0.0,,,,,False,False
Non_Header/h51/NonHeader_h51_f000420_t7.000.jpg,False,0.0,,,,,False,False
Non_Header/h51/NonHeader_h51_f000450_t7.500.jpg,False,0.0,,,,,False,False
Non_Header/h51/NonHeader_h51_f000480_t8.000.jpg,False,0.0,,,,,False,False
Non_Header/h51/NonHeader_h51_f000510_t8.500.jpg,False,0.0,,,,,False,False
Non_Header/h51/NonHeader_h51_f000540_t9.000.jpg,False,0.0,,,,,False,False
Non_Header/h51/NonHeader_h51_f000570_t9.500.jpg,False,0.0,,,,,False,False
Non_Header/h51/NonHeader_h51_f000600_t10.000.jpg,False,0.0,,,,,False,False
Non_Header/h52/NonHeader_h52_f000000_t0.000.jpg,False,0.1512,1323.0,406.6,1338.7,420.6,True,False
Non_Header/h52/NonHeader_h52_f000030_t0.500.jpg,False,0.2314,1271.4,450.1,1286.1,464.4,True,False
Non_Header/h52/NonHeader_h52_f000060_t1.000.jpg,True,0.2569,1153.6,450.0,1190.3,466.9,False,False
Non_Header/h52/NonHeader_h52_f000090_t1.500.jpg,False,0.0,,,,,False,False
Non_Header/h52/NonHeader_h52_f000120_t2.000.jpg,False,0.0,,,,,False,False
Non_Header/h52/NonHeader_h52_f000150_t2.500.jpg,False,0.0,,,,,False,False
Non_Header/h52/NonHeader_h52_f000180_t3.000.jpg,False,0.0,,,,,False,False
Non_Header/h52/NonHeader_h52_f000210_t3.500.jpg,False,0.0,,,,,False,False
Non_Header/h52/NonHeader_h52_f000240_t4.000.jpg,False,0.0,,,,,False,False
Non_Header/h52/NonHeader_h52_f000270_t4.500.jpg,False,0.0,,,,,False,False
Non_Header/h52/NonHeader_h52_f000300_t5.000.jpg,True,0.3843,381.8,872.0,507.4,1067.2,False,False
Non_Header/h52/NonHeader_h52_f000330_t5.500.jpg,False,0.1532,1451.2,825.3,1574.4,935.1,True,False
Non_Header/h52/NonHeader_h52_f000360_t6.000.jpg,False,0.0,,,,,False,False
Non_Header/h52/NonHeader_h52_f000390_t6.500.jpg,True,0.283,945.6,415.5,968.9,438.1,False,False
Non_Header/h52/NonHeader_h52_f000420_t7.000.jpg,False,0.0,,,,,False,False
Non_Header/h52/NonHeader_h52_f000450_t7.500.jpg,True,0.6063,1110.8,338.8,1136.9,366.1,False,False
Non_Header/h52/NonHeader_h52_f000480_t8.000.jpg,False,0.0,,,,,False,False
Non_Header/h53/NonHeader_h53_f000000_t0.000.jpg,False,0.0,,,,,False,False
Non_Header/h53/NonHeader_h53_f000030_t0.500.jpg,False,0.0,,,,,False,False
Non_Header/h53/NonHeader_h53_f000060_t1.000.jpg,False,0.1022,1299.0,634.0,1318.4,654.1,True,False
Non_Header/h53/NonHeader_h53_f000090_t1.500.jpg,False,0.0,,,,,False,False
Non_Header/h53/NonHeader_h53_f000120_t2.000.jpg,True,0.6947,1013.7,686.7,1039.5,706.8,False,False
Non_Header/h53/NonHeader_h53_f000150_t2.500.jpg,True,0.4697,744.7,735.0,767.7,755.3,False,False
Non_Header/h53/NonHeader_h53_f000180_t3.000.jpg,True,0.4638,792.6,740.1,815.6,763.5,False,False
Non_Header/h53/NonHeader_h53_f000210_t3.500.jpg,True,0.6788,831.3,765.8,860.4,792.5,False,False
Non_Header/h53/NonHeader_h53_f000240_t4.000.jpg,False,0.0,,,,,False,False
Non_Header/h53/NonHeader_h53_f000270_t4.500.jpg,False,0.0,,,,,False,False
Non_Header/h53/NonHeader_h53_f000300_t5.000.jpg,True,0.5679,725.5,593.8,761.7,625.8,False,False
Non_Header/h53/NonHeader_h53_f000330_t5.500.jpg,False,0.1283,1543.4,292.2,1576.1,313.6,True,False
Non_Header/h53/NonHeader_h53_f000360_t6.000.jpg,True,0.6462,661.7,668.8,699.6,704.7,False,False
Non_Header/h53/NonHeader_h53_f000390_t6.500.jpg,True,0.2525,33.4,700.3,65.2,736.7,False,False
Non_Header/h53/NonHeader_h53_f000420_t7.000.jpg,False,0.0,,,,,False,True
Non_Header/h53/NonHeader_h53_f000450_t7.500.jpg,False,0.0,,,,,False,True
Non_Header/h53/NonHeader_h53_f000480_t8.000.jpg,False,0.0,,,,,False,True
Non_Header/h53/NonHeader_h53_f000510_t8.500.jpg,False,0.0,,,,,False,True
Non_Header/h53/NonHeader_h53_f000540_t9.000.jpg,False,0.0,,,,,False,True
Non_Header/h54/NonHeader_h54_f000000_t0.000.jpg,False,0.0,,,,,False,False
Non_Header/h54/NonHeader_h54_f000030_t0.500.jpg,False,0.0,,,,,False,False
Non_Header/h54/NonHeader_h54_f000060_t1.000.jpg,True,0.7326,444.6,380.9,474.6,411.8,False,False
Non_Header/h54/NonHeader_h54_f000090_t1.500.jpg,False,0.0,,,,,False,False
Non_Header/h54/NonHeader_h54_f000120_t2.000.jpg,False,0.0,,,,,False,False
Non_Header/h54/NonHeader_h54_f000150_t2.500.jpg,False,0.0,,,,,False,False
Non_Header/h54/NonHeader_h54_f000180_t3.000.jpg,False,0.0,,,,,False,False
Non_Header/h54/NonHeader_h54_f000210_t3.500.jpg,True,0.747,1259.3,354.2,1290.2,386.0,False,False
Non_Header/h54/NonHeader_h54_f000240_t4.000.jpg,True,0.5963,1416.4,358.5,1447.8,387.8,False,False
Non_Header/h54/NonHeader_h54_f000270_t4.500.jpg,True,0.82,1527.6,375.1,1560.7,408.0,False,False
Non_Header/h54/NonHeader_h54_f000300_t5.000.jpg,True,0.7602,1658.7,364.2,1692.0,395.4,False,False
Non_Header/h54/NonHeader_h54_f000330_t5.500.jpg,True,0.7948,1585.9,336.8,1620.1,370.8,False,False
Non_Header/h54/NonHeader_h54_f000360_t6.000.jpg,True,0.3153,1394.4,341.6,1427.2,371.6,False,False
Non_Header/h54/NonHeader_h54_f000390_t6.500.jpg,True,0.5213,1049.9,392.9,1083.2,421.8,False,False
Non_Header/h54/NonHeader_h54_f000420_t7.000.jpg,True,0.5149,877.5,442.5,907.1,471.9,False,False
Non_Header/h54/NonHeader_h54_f000450_t7.500.jpg,True,0.4794,724.6,470.3,755.1,496.4,False,False
Non_Header/h54/NonHeader_h54_f000480_t8.000.jpg,True,0.5702,616.0,501.2,646.0,529.6,False,False
Non_Header/h54/NonHeader_h54_f000510_t8.500.jpg,True,0.7999,624.2,554.9,653.7,586.0,False,False
Non_Header/h54/NonHeader_h54_f000540_t9.000.jpg,True,0.6033,608.8,556.8,636.7,584.2,False,False
Non_Header/h54/NonHeader_h54_f000570_t9.500.jpg,False,0.0,,,,,False,False
Non_Header/h54/NonHeader_h54_f000600_t10.000.jpg,True,0.4854,801.4,492.5,827.9,520.1,False,False
Non_Header/h54/NonHeader_h54_f000630_t10.500.jpg,True,0.5729,1012.7,463.6,1044.0,486.8,False,False
Non_Header/h55/NonHeader_h55_f000000_t0.000.jpg,True,0.5149,877.5,442.5,907.1,471.9,False,False
Non_Header/h55/NonHeader_h55_f000030_t0.500.jpg,True,0.4794,724.6,470.3,755.1,496.4,False,False
Non_Header/h55/NonHeader_h55_f000060_t1.000.jpg,True,0.5702,616.0,501.2,646.0,529.6,False,False
Non_Header/h55/NonHeader_h55_f000090_t1.500.jpg,True,0.7999,624.2,554.9,653.7,586.0,False,False
Non_Header/h55/NonHeader_h55_f000120_t2.000.jpg,True,0.6033,608.8,556.8,636.7,584.2,False,False
Non_Header/h55/NonHeader_h55_f000150_t2.500.jpg,False,0.0,,,,,False,False
Non_Header/h55/NonHeader_h55_f000180_t3.000.jpg,True,0.4854,801.4,492.5,827.9,520.1,False,False
Non_Header/h55/NonHeader_h55_f000210_t3.500.jpg,True,0.5729,1012.7,463.6,1044.0,486.8,False,False
Non_Header/h55/NonHeader_h55_f000240_t4.000.jpg,True,0.7186,1522.3,455.4,1553.4,483.6,False,False
Non_Header/h55/NonHeader_h55_f000270_t4.500.jpg,False,0.0,,,,,False,False
Non_Header/h55/NonHeader_h55_f000300_t5.000.jpg,True,0.678,1646.2,406.5,1670.1,431.6,False,False
Non_Header/h55/NonHeader_h55_f000330_t5.500.jpg,False,0.0,,,,,False,False
Non_Header/h55/NonHeader_h55_f000360_t6.000.jpg,True,0.626,1447.7,557.0,1472.8,580.1,False,False
Non_Header/h55/NonHeader_h55_f000390_t6.500.jpg,True,0.5986,1434.5,666.1,1460.1,689.7,False,False
Non_Header/h55/NonHeader_h55_f000420_t7.000.jpg,True,0.7508,1414.9,732.6,1438.9,755.9,False,False
Non_Header/h55/NonHeader_h55_f000450_t7.500.jpg,True,0.5293,1411.5,765.4,1438.1,790.1,False,False
Non_Header/h55/NonHeader_h55_f000480_t8.000.jpg,True,0.6766,1430.0,750.5,1456.4,776.3,False,False
Non_Header/h55/NonHeader_h55_f000510_t8.500.jpg,True,0.7295,1502.2,742.9,1527.6,769.4,False,False
Non_Header/h55/NonHeader_h55_f000540_t9.000.jpg,True,0.7718,1456.3,758.1,1487.5,785.2,False,False
Non_Header/h55/NonHeader_h55_f000570_t9.500.jpg,True,0.7653,1040.7,886.9,1073.7,918.0,False,False
Non_Header/h55/NonHeader_h55_f000600_t10.000.jpg,False,0.0,,,,,False,False
Non_Header/h55/NonHeader_h55_f000630_t10.500.jpg,False,0.0,,,,,False,False
Non_Header/h55/NonHeader_h55_f000660_t11.000.jpg,False,0.0,,,,,False,False
Non_Header/h55/NonHeader_h55_f000690_t11.500.jpg,True,0.496,860.0,513.5,884.4,541.0,False,False
Non_Header/h55/NonHeader_h55_f000720_t12.000.jpg,False,0.0,,,,,False,False
Non_Header/h55/NonHeader_h55_f000750_t12.500.jpg,True,0.4933,803.9,442.9,832.5,471.5,False,False
Non_Header/h56/NonHeader_h56_f000000_t0.000.jpg,False,0.0,,,,,False,False
Non_Header/h56/NonHeader_h56_f000030_t0.500.jpg,False,0.0,,,,,False,False
Non_Header/h56/NonHeader_h56_f000060_t1.000.jpg,False,0.0,,,,,False,False
Non_Header/h56/NonHeader_h56_f000090_t1.500.jpg,False,0.0,,,,,False,False
Non_Header/h56/NonHeader_h56_f000120_t2.000.jpg,False,0.0,,,,,False,False
Non_Header/h56/NonHeader_h56_f000150_t2.500.jpg,True,0.5074,803.7,441.5,831.3,468.9,False,False
Non_Header/h56/NonHeader_h56_f000180_t3.000.jpg,True,0.5068,788.7,465.1,817.1,491.0,False,False
Non_Header/h56/NonHeader_h56_f000210_t3.500.jpg,True,0.7744,657.9,586.2,690.3,618.1,False,False
Non_Header/h56/NonHeader_h56_f000240_t4.000.jpg,True,0.6732,476.8,815.8,507.9,846.0,False,False
Non_Header/h56/NonHeader_h56_f000270_t4.500.jpg,True,0.8118,955.8,799.5,989.9,831.8,False,False
Non_Header/h56/NonHeader_h56_f000300_t5.000.jpg,True,0.3916,1247.8,802.0,1278.6,831.2,False,False
Non_Header/h56/NonHeader_h56_f000330_t5.500.jpg,False,0.0,,,,,False,False
Non_Header/h56/NonHeader_h56_f000360_t6.000.jpg,True,0.6124,1354.8,828.7,1387.0,859.6,False,False
Non_Header/h56/NonHeader_h56_f000390_t6.500.jpg,True,0.5753,1451.5,800.8,1483.4,834.4,False,False
Non_Header/h56/NonHeader_h56_f000420_t7.000.jpg,True,0.6242,1460.3,796.2,1491.4,827.8,False,False
Non_Header/h56/NonHeader_h56_f000450_t7.500.jpg,False,0.0,,,,,False,False
Non_Header/h56/NonHeader_h56_f000480_t8.000.jpg,True,0.5839,978.6,718.3,1007.5,750.1,False,False
Non_Header/h56/NonHeader_h56_f000510_t8.500.jpg,False,0.0,,,,,False,False
Non_Header/h56/NonHeader_h56_f000540_t9.000.jpg,True,0.763,924.1,610.9,953.9,640.8,False,False
Non_Header/h56/NonHeader_h56_f000570_t9.500.jpg,False,0.0,,,,,False,False
Non_Header/h56/NonHeader_h56_f000600_t10.000.jpg,True,0.829,818.7,595.3,847.0,625.0,False,False
Non_Header/h56/NonHeader_h56_f000630_t10.500.jpg,False,0.0,,,,,False,False
Non_Header/h56/NonHeader_h56_f000660_t11.000.jpg,True,0.6018,829.3,615.3,853.8,640.6,False,False
Non_Header/h56/NonHeader_h56_f000690_t11.500.jpg,False,0.0,,,,,False,False
Non_Header/h56/NonHeader_h56_f000720_t12.000.jpg,True,0.3068,721.5,544.9,746.2,569.1,False,False
Non_Header/h56/NonHeader_h56_f000750_t12.500.jpg,False,0.2079,849.5,532.9,876.0,560.0,True,False
Non_Header/h57/NonHeader_h57_f000000_t0.000.jpg,False,0.0,,,,,False,False
Non_Header/h57/NonHeader_h57_f000030_t0.500.jpg,False,0.2374,724.4,530.6,749.2,555.6,True,False
Non_Header/h57/NonHeader_h57_f000060_t1.000.jpg,True,0.5292,879.9,531.7,904.2,557.8,False,False
Non_Header/h57/NonHeader_h57_f000090_t1.500.jpg,False,0.241,1023.3,521.9,1050.1,545.9,True,False
Non_Header/h57/NonHeader_h57_f000120_t2.000.jpg,True,0.3432,1269.9,533.0,1295.0,556.1,False,False
Non_Header/h57/NonHeader_h57_f000150_t2.500.jpg,False,0.2252,1437.7,541.4,1464.1,566.4,True,False
Non_Header/h57/NonHeader_h57_f000180_t3.000.jpg,True,0.7419,1423.4,685.8,1452.1,714.1,False,False
Non_Header/h57/NonHeader_h57_f000210_t3.500.jpg,True,0.5127,1366.6,788.4,1397.0,819.5,False,False
Non_Header/h57/NonHeader_h57_f000240_t4.000.jpg,False,0.2218,1485.8,781.1,1518.4,813.6,True,False
Non_Header/h57/NonHeader_h57_f000270_t4.500.jpg,True,0.7584,1608.9,805.8,1644.5,838.4,False,False
Non_Header/h57/NonHeader_h57_f000300_t5.000.jpg,False,0.0,,,,,False,False
Non_Header/h57/NonHeader_h57_f000330_t5.500.jpg,False,0.1126,1675.3,804.3,1707.0,829.0,True,False
Non_Header/h57/NonHeader_h57_f000360_t6.000.jpg,False,0.1394,1673.6,795.6,1702.0,825.3,True,False
Non_Header/h57/NonHeader_h57_f000390_t6.500.jpg,False,0.0,,,,,False,False
Non_Header/h57/NonHeader_h57_f000420_t7.000.jpg,False,0.0,,,,,False,False
Non_Header/h57/NonHeader_h57_f000450_t7.500.jpg,False,0.1349,1671.8,754.2,1703.5,777.4,True,False
Non_Header/h57/NonHeader_h57_f000480_t8.000.jpg,True,0.4386,1331.0,709.1,1361.4,736.8,False,False
Non_Header/h57/NonHeader_h57_f000510_t8.500.jpg,True,0.6536,1089.4,665.5,1116.1,692.4,False,False
Non_Header/h57/NonHeader_h57_f000540_t9.000.jpg,False,0.0,,,,,False,False
Non_Header/h58/NonHeader_h58_f000000_t0.000.jpg,True,0.9191,1117.8,791.4,1237.1,908.8,False,False
Non_Header/h58/NonHeader_h58_f000030_t0.500.jpg,True,0.6866,968.4,785.4,1150.4,894.0,False,False
Non_Header/h58/NonHeader_h58_f000060_t1.000.jpg,True,0.9069,1288.9,732.5,1415.5,842.4,False,False
Non_Header/h58/NonHeader_h58_f000090_t1.500.jpg,False,0.2038,1787.3,443.5,1833.5,476.4,True,False
Non_Header/h58/NonHeader_h58_f000120_t2.000.jpg,False,0.1712,1899.5,444.4,1919.3,483.0,True,False
Non_Header/h58/NonHeader_h58_f000150_t2.500.jpg,False,0.0,,,,,False,False
Non_Header/h58/NonHeader_h58_f000180_t3.000.jpg,False,0.1936,987.2,521.9,1155.0,700.5,True,False
Non_Header/h58/NonHeader_h58_f000210_t3.500.jpg,True,0.3559,1255.5,562.1,1282.9,588.8,False,False
Non_Header/h58/NonHeader_h58_f000240_t4.000.jpg,True,0.737,1448.3,716.7,1477.4,747.2,False,False
Non_Header/h58/NonHeader_h58_f000270_t4.500.jpg,True,0.7176,1530.1,856.0,1559.3,885.0,False,False
Non_Header/h58/NonHeader_h58_f000300_t5.000.jpg,True,0.5068,1508.6,941.1,1537.9,970.0,False,False
Non_Header/h58/NonHeader_h58_f000330_t5.500.jpg,True,0.6272,1410.7,960.0,1441.3,988.6,False,False
Non_Header/h58/NonHeader_h58_f000360_t6.000.jpg,True,0.6074,1507.9,1001.4,1538.9,1032.6,False,False
Non_Header/h58/NonHeader_h58_f000390_t6.500.jpg,True,0.3521,1682.9,996.0,1708.8,1020.2,False,False
Non_Header/h58/NonHeader_h58_f000420_t7.000.jpg,True,0.4395,1706.7,969.8,1734.1,994.5,False,False
Non_Header/h58/NonHeader_h58_f000450_t7.500.jpg,True,0.7059,1496.7,737.7,1528.6,768.5,False,False
Non_Header/h58/NonHeader_h58_f000480_t8.000.jpg,True,0.5136,1072.8,484.6,1100.9,508.4,False,False
Non_Header/h58/NonHeader_h58_f000510_t8.500.jpg,True,0.6938,976.5,400.2,999.9,422.1,False,False
Non_Header/h58/NonHeader_h58_f000540_t9.000.jpg,False,0.1902,1059.0,459.2,1081.9,484.0,True,False
Non_Header/h59/NonHeader_h59_f000000_t0.000.jpg,True,0.4395,1706.7,969.8,1734.1,994.5,False,False
Non_Header/h59/NonHeader_h59_f000030_t0.500.jpg,True,0.7059,1496.7,737.7,1528.6,768.5,False,False
Non_Header/h59/NonHeader_h59_f000060_t1.000.jpg,True,0.5136,1072.8,484.6,1100.9,508.4,False,False
Non_Header/h59/NonHeader_h59_f000090_t1.500.jpg,True,0.6938,976.5,400.2,999.9,422.1,False,False
Non_Header/h59/NonHeader_h59_f000120_t2.000.jpg,False,0.1902,1059.0,459.2,1081.9,484.0,True,False
Non_Header/h59/NonHeader_h59_f000150_t2.500.jpg,False,0.1347,1014.8,529.9,1042.5,554.8,True,False
Non_Header/h59/NonHeader_h59_f000180_t3.000.jpg,True,0.6209,1059.3,566.5,1083.4,592.8,False,False
Non_Header/h59/NonHeader_h59_f000210_t3.500.jpg,True,0.629,1193.7,591.3,1221.0,619.9,False,False
Non_Header/h59/NonHeader_h59_f000240_t4.000.jpg,False,0.0,,,,,False,False
Non_Header/h59/NonHeader_h59_f000270_t4.500.jpg,False,0.0,,,,,False,False
Non_Header/h59/NonHeader_h59_f000300_t5.000.jpg,False,0.0,,,,,False,False
Non_Header/h59/NonHeader_h59_f000330_t5.500.jpg,True,0.7441,944.5,563.7,976.0,596.4,False,False
Non_Header/h59/NonHeader_h59_f000360_t6.000.jpg,True,0.5159,977.8,562.2,1011.4,595.8,False,False
Non_Header/h59/NonHeader_h59_f000390_t6.500.jpg,True,0.6238,1103.2,538.8,1138.8,574.3,False,False
Non_Header/h59/NonHeader_h59_f000420_t7.000.jpg,True,0.5721,898.6,641.8,936.3,679.8,False,False
Non_Header/h59/NonHeader_h59_f000450_t7.500.jpg,True,0.7269,725.9,697.1,767.1,736.9,False,False
Non_Header/h59/NonHeader_h59_f000480_t8.000.jpg,True,0.6156,518.4,722.2,558.3,763.0,False,False
Non_Header/h59/NonHeader_h59_f000510_t8.500.jpg,True,0.6482,179.2,714.1,222.8,755.8,False,False
Non_Header/h59/NonHeader_h59_f000540_t9.000.jpg,True,0.9152,511.5,781.7,704.2,959.8,False,False
Non_Header/h59/NonHeader_h59_f000570_t9.500.jpg,True,0.9206,787.1,717.5,996.1,901.5,False,False
Non_Header/h59/NonHeader_h59_f000600_t10.000.jpg,True,0.9217,1735.6,667.6,1919.4,854.6,False,False
Non_Header/h59/NonHeader_h59_f000630_t10.500.jpg,False,0.0,,,,,False,False
Non_Header/h59/NonHeader_h59_f000660_t11.000.jpg,False,0.0,,,,,False,False
Non_Header/h6/NonHeader_h6_f000000_t0.000.jpg,False,0.1082,843.3,219.4,871.9,250.3,True,False
Non_Header/h6/NonHeader_h6_f000030_t0.500.jpg,True,0.3745,925.7,221.6,948.5,246.8,False,False
Non_Header/h6/NonHeader_h6_f000060_t1.000.jpg,True,0.2753,350.7,367.2,371.7,378.8,False,False
Non_Header/h6/NonHeader_h6_f000090_t1.500.jpg,False,0.2041,1024.1,190.4,1045.4,208.8,True,False
Non_Header/h6/NonHeader_h6_f000120_t2.000.jpg,True,0.4361,1100.8,183.8,1119.8,205.1,False,False
Non_Header/h6/NonHeader_h6_f000150_t2.500.jpg,False,0.0,,,,,False,True
Non_Header/h6/NonHeader_h6_f000180_t3.000.jpg,False,0.0,,,,,False,True
Non_Header/h6/NonHeader_h6_f000210_t3.500.jpg,False,0.0,,,,,False,True
Non_Header/h6/NonHeader_h6_f000240_t4.000.jpg,False,0.0,,,,,False,True
Non_Header/h6/NonHeader_h6_f000270_t4.500.jpg,False,0.0,,,,,False,True
Non_Header/h6/NonHeader_h6_f000300_t5.000.jpg,False,0.0,,,,,False,True
Non_Header/h6/NonHeader_h6_f000330_t5.500.jpg,False,0.0,,,,,False,True
Non_Header/h6/NonHeader_h6_f000360_t6.000.jpg,False,0.0,,,,,False,True
Non_Header/h6/NonHeader_h6_f000390_t6.500.jpg,False,0.0,,,,,False,True
Non_Header/h6/NonHeader_h6_f000420_t7.000.jpg,False,0.0,,,,,False,True
Non_Header/h6/NonHeader_h6_f000450_t7.500.jpg,False,0.0,,,,,False,False
Non_Header/h6/NonHeader_h6_f000480_t8.000.jpg,False,0.0,,,,,False,False
Non_Header/h6/NonHeader_h6_f000510_t8.500.jpg,False,0.0,,,,,False,False
Non_Header/h6/NonHeader_h6_f000540_t9.000.jpg,False,0.0,,,,,False,False
Non_Header/h60/NonHeader_h60_f000000_t0.000.jpg,True,0.9048,1793.3,665.9,1919.3,853.5,False,False
Non_Header/h60/NonHeader_h60_f000030_t0.500.jpg,False,0.0,,,,,False,False
Non_Header/h60/NonHeader_h60_f000060_t1.000.jpg,False,0.1361,1893.6,335.8,1919.3,392.2,True,False
Non_Header/h60/NonHeader_h60_f000090_t1.500.jpg,False,0.1127,1570.2,313.2,1612.9,365.6,True,False
Non_Header/h60/NonHeader_h60_f000120_t2.000.jpg,False,0.0,,,,,False,False
Non_Header/h60/NonHeader_h60_f000150_t2.500.jpg,False,0.0,,,,,False,False
Non_Header/h60/NonHeader_h60_f000180_t3.000.jpg,True,0.7828,631.0,587.9,669.7,626.8,False,False
Non_Header/h60/NonHeader_h60_f000210_t3.500.jpg,True,0.8294,683.2,571.4,718.5,606.9,False,False
Non_Header/h60/NonHeader_h60_f000240_t4.000.jpg,True,0.2769,677.6,579.3,713.6,616.0,False,False
Non_Header/h60/NonHeader_h60_f000270_t4.500.jpg,True,0.3476,485.1,665.9,527.0,707.4,False,False
Non_Header/h60/NonHeader_h60_f000300_t5.000.jpg,True,0.8027,302.1,725.4,347.1,769.6,False,False
Non_Header/h60/NonHeader_h60_f000330_t5.500.jpg,True,0.672,274.8,790.1,322.1,834.0,False,False
Non_Header/h60/NonHeader_h60_f000360_t6.000.jpg,True,0.5752,227.5,837.5,274.9,886.9,False,False
Non_Header/h60/NonHeader_h60_f000390_t6.500.jpg,False,0.0,,,,,False,False
Non_Header/h60/NonHeader_h60_f000420_t7.000.jpg,False,0.0,,,,,False,False
Non_Header/h60/NonHeader_h60_f000450_t7.500.jpg,False,0.0,,,,,False,True
Non_Header/h60/NonHeader_h60_f000480_t8.000.jpg,False,0.0,,,,,False,True
Non_Header/h60/NonHeader_h60_f000510_t8.500.jpg,True,0.2968,742.5,373.7,836.3,473.3,False,False
Non_Header/h60/NonHeader_h60_f000540_t9.000.jpg,True,0.7708,1371.2,473.3,1405.3,508.6,False,False
Non_Header/h60/NonHeader_h60_f000570_t9.500.jpg,True,0.7891,1044.7,736.2,1080.4,771.6,False,False
Non_Header/h60/NonHeader_h60_f000600_t10.000.jpg,True,0.2597,931.9,824.5,969.4,856.6,False,False
Non_Header/h60/NonHeader_h60_f000630_t10.500.jpg,False,0.0,,,,,False,False
Non_Header/h60/NonHeader_h60_f000660_t11.000.jpg,True,0.6385,1025.2,846.4,1061.0,881.9,False,False
Non_Header/h61/NonHeader_h61_f000000_t0.000.jpg,False,0.0,,,,,False,False
Non_Header/h61/NonHeader_h61_f000030_t0.500.jpg,False,0.0,,,,,False,False
Non_Header/h61/NonHeader_h61_f000060_t1.000.jpg,False,0.0,,,,,False,False
Non_Header/h61/NonHeader_h61_f000090_t1.500.jpg,False,0.0,,,,,False,False
Non_Header/h61/NonHeader_h61_f000120_t2.000.jpg,False,0.0,,,,,False,False
Non_Header/h61/NonHeader_h61_f000150_t2.500.jpg,False,0.2425,611.5,398.1,644.3,417.5,True,False
Non_Header/h61/NonHeader_h61_f000180_t3.000.jpg,True,0.6287,794.9,498.4,829.0,532.8,False,False
Non_Header/h61/NonHeader_h61_f000210_t3.500.jpg,True,0.7009,824.9,576.4,871.3,615.5,False,False
Non_Header/h61/NonHeader_h61_f000240_t4.000.jpg,False,0.0,,,,,False,False
Non_Header/h61/NonHeader_h61_f000270_t4.500.jpg,False,0.0,,,,,False,False
Non_Header/h61/NonHeader_h61_f000300_t5.000.jpg,True,0.9147,1115.6,834.8,1248.3,962.4,False,False
Non_Header/h61/NonHeader_h61_f000330_t5.500.jpg,False,0.0,,,,,False,False
Non_Header/h61/NonHeader_h61_f000360_t6.000.jpg,True,0.9067,596.7,192.5,719.2,312.9,False,False
Non_Header/h61/NonHeader_h61_f000390_t6.500.jpg,True,0.2625,744.2,3.9,847.2,93.8,False,False
Non_Header/h61/NonHeader_h61_f000420_t7.000.jpg,True,0.8792,1013.4,64.4,1130.3,178.7,False,False
Non_Header/h61/NonHeader_h61_f000450_t7.500.jpg,False,0.0,,,,,False,True
Non_Header/h61/NonHeader_h61_f000480_t8.000.jpg,True,0.2598,1514.5,124.4,1627.1,232.0,False,False
Non_Header/h61/NonHeader_h61_f000510_t8.500.jpg,False,0.0,,,,,False,True
Non_Header/h61/NonHeader_h61_f000540_t9.000.jpg,False,0.0,,,,,False,True
Non_Header/h62/NonHeader_h62_f000000_t0.000.jpg,False,0.0,,,,,False,True
Non_Header/h62/NonHeader_h62_f000030_t0.501.jpg,False,0.0,,,,,False,True
Non_Header/h62/NonHeader_h62_f000060_t1.001.jpg,False,0.0,,,,,False,True
Non_Header/h62/NonHeader_h62_f000090_t1.502.jpg,False,0.2116,1303.8,916.8,1325.6,939.2,True,False
Non_Header/h62/NonHeader_h62_f000120_t2.002.jpg,False,0.0,,,,,False,False
Non_Header/h62/NonHeader_h62_f000150_t2.502.jpg,False,0.0,,,,,False,False
Non_Header/h62/NonHeader_h62_f000180_t3.003.jpg,True,0.5307,640.9,991.0,662.2,1012.1,False,False
Non_Header/h62/NonHeader_h62_f000210_t3.504.jpg,False,0.0,,,,,False,False
Non_Header/h62/NonHeader_h62_f000240_t4.004.jpg,True,0.6272,825.4,990.5,847.6,1012.5,False,False
Non_Header/h62/NonHeader_h62_f000270_t4.505.jpg,True,0.6236,887.2,989.0,907.9,1011.0,False,False
Non_Header/h62/NonHeader_h62_f000300_t5.005.jpg,False,0.0,,,,,False,False
Non_Header/h62/NonHeader_h62_f000330_t5.506.jpg,False,0.0,,,,,False,False
Non_Header/h62/NonHeader_h62_f000360_t6.006.jpg,False,0.0,,,,,False,False
Non_Header/h62/NonHeader_h62_f000390_t6.506.jpg,False,0.1822,1204.1,885.5,1222.5,903.5,True,False
Non_Header/h62/NonHeader_h62_f000420_t7.007.jpg,False,0.0,,,,,False,False
Non_Header/h62/NonHeader_h62_f000450_t7.508.jpg,False,0.1071,1210.0,817.8,1228.5,841.4,True,False
Non_Header/h62/NonHeader_h62_f000480_t8.008.jpg,False,0.0,,,,,False,False
Non_Header/h63/NonHeader_h63_f000000_t0.000.jpg,False,0.0,,,,,False,False
Non_Header/h63/NonHeader_h63_f000030_t0.501.jpg,False,0.1071,1210.0,817.8,1228.5,841.4,True,False
Non_Header/h63/NonHeader_h63_f000060_t1.001.jpg,False,0.0,,,,,False,False
Non_Header/h63/NonHeader_h63_f000090_t1.502.jpg,True,0.3614,1244.1,780.8,1261.6,800.0,False,False
Non_Header/h63/NonHeader_h63_f000120_t2.002.jpg,False,0.0,,,,,False,False
Non_Header/h63/NonHeader_h63_f000150_t2.502.jpg,False,0.0,,,,,False,False
Non_Header/h63/NonHeader_h63_f000180_t3.003.jpg,False,0.0,,,,,False,False
Non_Header/h63/NonHeader_h63_f000210_t3.504.jpg,False,0.0,,,,,False,False
Non_Header/h63/NonHeader_h63_f000240_t4.004.jpg,True,0.2756,1234.4,730.6,1251.6,750.4,False,False
Non_Header/h63/NonHeader_h63_f000270_t4.505.jpg,True,0.9163,1425.4,878.2,1563.8,1016.0,False,False
Non_Header/h63/NonHeader_h63_f000300_t5.005.jpg,True,0.9199,1085.5,866.3,1225.2,998.9,False,False
Non_Header/h63/NonHeader_h63_f000330_t5.506.jpg,True,0.9114,924.1,855.1,1059.7,986.2,False,False
Non_Header/h63/NonHeader_h63_f000360_t6.006.jpg,True,0.8819,1013.4,845.5,1152.3,965.9,False,False
Non_Header/h63/NonHeader_h63_f000390_t6.506.jpg,True,0.9206,1016.2,786.6,1153.6,922.7,False,False
Non_Header/h63/NonHeader_h63_f000420_t7.007.jpg,True,0.913,1105.4,811.4,1245.2,940.2,False,False
Non_Header/h63/NonHeader_h63_f000450_t7.508.jpg,True,0.9218,1250.9,808.7,1391.5,937.6,False,False
Non_Header/h63/NonHeader_h63_f000480_t8.008.jpg,True,0.9145,1336.6,806.6,1477.3,939.1,False,False
Non_Header/h63/NonHeader_h63_f000509_t8.492.jpg,True,0.9154,1587.1,792.1,1733.9,926.4,False,False
Non_Header/h63/NonHeader_h63_f000539_t8.992.jpg,False,0.0,,,,,False,False
Non_Header/h63/NonHeader_h63_f000569_t9.493.jpg,False,0.0,,,,,False,False
Non_Header/h63/NonHeader_h63_f000599_t9.993.jpg,True,0.927,496.9,908.6,639.8,1047.5,False,False
Non_Header/h64/NonHeader_h64_f000000_t0.000.jpg,True,0.2849,1168.3,912.9,1192.8,937.7,False,False
Non_Header/h64/NonHeader_h64_f000030_t0.501.jpg,False,0.0,,,,,False,False
Non_Header/h64/NonHeader_h64_f000060_t1.001.jpg,False,0.0,,,,,False,False
Non_Header/h64/NonHeader_h64_f000090_t1.502.jpg,False,0.0,,,,,False,False
Non_Header/h64/NonHeader_h64_f000120_t2.002.jpg,False,0.0,,,,,False,False
Non_Header/h64/NonHeader_h64_f000150_t2.502.jpg,True,0.5549,1226.4,898.0,1245.5,919.6,False,False
Non_Header/h64/NonHeader_h64_f000180_t3.003.jpg,True,0.4956,1241.4,894.1,1262.9,917.1,False,False
Non_Header/h64/NonHeader_h64_f000210_t3.504.jpg,True,0.4422,1271.5,893.0,1291.9,913.9,False,False
Non_Header/h64/NonHeader_h64_f000240_t4.004.jpg,True,0.584,1182.7,886.3,1204.3,908.7,False,False
Non_Header/h64/NonHeader_h64_f000270_t4.505.jpg,False,0.0,,,,,False,False
Non_Header/h64/NonHeader_h64_f000300_t5.005.jpg,True,0.399,1154.0,854.5,1174.7,873.3,False,False
Non_Header/h64/NonHeader_h64_f000330_t5.506.jpg,False,0.0,,,,,False,False
Non_Header/h64/NonHeader_h64_f000360_t6.006.jpg,False,0.0,,,,,False,False
Non_Header/h64/NonHeader_h64_f000390_t6.506.jpg,True,0.9143,715.5,708.9,880.3,868.6,False,False
Non_Header/h64/NonHeader_h64_f000420_t7.007.jpg,True,0.9172,786.9,846.2,920.6,981.6,False,False
Non_Header/h64/NonHeader_h64_f000450_t7.508.jpg,True,0.5267,1052.2,837.0,1075.5,859.0,False,False
Non_Header/h64/NonHeader_h64_f000480_t8.008.jpg,True,0.4399,790.7,904.1,813.4,927.1,False,False
Non_Header/h64/NonHeader_h64_f000509_t8.492.jpg,True,0.3795,587.3,925.4,610.3,951.5,False,False
Non_Header/h64/NonHeader_h64_f000539_t8.992.jpg,True,0.6291,408.1,965.0,431.8,991.3,False,False
Non_Header/h64/NonHeader_h64_f000569_t9.493.jpg,True,0.716,480.0,994.5,503.9,1021.1,False,False
Non_Header/h64/NonHeader_h64_f000599_t9.993.jpg,False,0.2417,596.8,1013.9,617.9,1037.3,True,False
Non_Header/h64/NonHeader_h64_f000629_t10.494.jpg,True,0.5547,677.2,983.8,702.8,1011.7,False,False
Non_Header/h64/NonHeader_h64_f000659_t10.994.jpg,True,0.5824,668.4,915.9,690.9,939.4,False,False
Non_Header/h64/NonHeader_h64_f000689_t11.495.jpg,False,0.118,850.9,861.7,872.2,882.9,True,False
Non_Header/h65/NonHeader_h65_f000000_t0.000.jpg,True,0.5339,699.3,899.7,719.5,920.9,False,False
Non_Header/h65/NonHeader_h65_f000030_t0.501.jpg,True,0.3878,881.6,852.3,901.4,875.7,False,False
Non_Header/h65/NonHeader_h65_f000060_t1.001.jpg,False,0.0,,,,,False,False
Non_Header/h65/NonHeader_h65_f000090_t1.502.jpg,False,0.0,,,,,False,False
Non_Header/h65/NonHeader_h65_f000120_t2.002.jpg,True,0.3892,1097.4,786.5,1117.0,803.6,False,False
Non_Header/h65/NonHeader_h65_f000150_t2.502.jpg,True,0.362,1170.0,753.6,1188.1,770.7,False,False
Non_Header/h65/NonHeader_h65_f000180_t3.003.jpg,False,0.0,,,,,False,False
Non_Header/h65/NonHeader_h65_f000210_t3.504.jpg,False,0.0,,,,,False,False
Non_Header/h65/NonHeader_h65_f000240_t4.004.jpg,True,0.7832,1176.2,713.3,1192.5,730.4,False,False
Non_Header/h65/NonHeader_h65_f000270_t4.505.jpg,False,0.2253,1207.1,728.2,1226.6,745.8,True,False
Non_Header/h65/NonHeader_h65_f000300_t5.005.jpg,True,0.6973,1229.7,733.0,1247.2,751.6,False,False
Non_Header/h65/NonHeader_h65_f000330_t5.506.jpg,False,0.0,,,,,False,False
Non_Header/h65/NonHeader_h65_f000360_t6.006.jpg,False,0.0,,,,,False,False
Non_Header/h65/NonHeader_h65_f000390_t6.506.jpg,False,0.0,,,,,False,False
Non_Header/h65/NonHeader_h65_f000420_t7.007.jpg,False,0.1018,1403.3,618.7,1419.4,634.1,True,False
Non_Header/h65/NonHeader_h65_f000450_t7.508.jpg,False,0.0,,,,,False,False
Non_Header/h65/NonHeader_h65_f000480_t8.008.jpg,True,0.5992,1442.3,519.1,1456.6,533.5,False,False
Non_Header/h65/NonHeader_h65_f000509_t8.492.jpg,False,0.0,,,,,False,False
Non_Header/h65/NonHeader_h65_f000539_t8.992.jpg,True,0.276,922.3,761.7,946.6,783.4,False,False
Non_Header/h65/NonHeader_h65_f000569_t9.493.jpg,False,0.0,,,,,False,False
Non_Header/h66/NonHeader_h66_f000000_t0.000.jpg,True,0.4334,928.1,760.5,950.0,783.2,False,False
Non_Header/h66/NonHeader_h66_f000030_t0.501.jpg,False,0.0,,,,,False,False
Non_Header/h66/NonHeader_h66_f000060_t1.001.jpg,False,0.0,,,,,False,False
Non_Header/h66/NonHeader_h66_f000090_t1.502.jpg,False,0.0,,,,,False,False
Non_Header/h66/NonHeader_h66_f000120_t2.002.jpg,False,0.0,,,,,False,False
Non_Header/h66/NonHeader_h66_f000150_t2.502.jpg,False,0.0,,,,,False,False
Non_Header/h66/NonHeader_h66_f000180_t3.003.jpg,False,0.0,,,,,False,False
Non_Header/h66/NonHeader_h66_f000210_t3.504.jpg,False,0.0,,,,,False,False
Non_Header/h66/NonHeader_h66_f000240_t4.004.jpg,False,0.0,,,,,False,False
Non_Header/h66/NonHeader_h66_f000270_t4.505.jpg,True,0.5744,1138.2,898.4,1161.5,922.0,False,False
Non_Header/h66/NonHeader_h66_f000300_t5.005.jpg,True,0.7654,1018.7,928.8,1043.2,952.2,False,False
Non_Header/h66/NonHeader_h66_f000330_t5.506.jpg,True,0.652,1145.7,921.9,1167.3,944.6,False,False
Non_Header/h66/NonHeader_h66_f000360_t6.006.jpg,True,0.5658,1178.7,899.4,1201.3,922.3,False,False
Non_Header/h66/NonHeader_h66_f000390_t6.506.jpg,True,0.2816,1208.7,112.9,1241.4,138.3,False,False
Non_Header/h66/NonHeader_h66_f000420_t7.007.jpg,True,0.2559,1394.8,114.7,1427.9,139.5,False,False
Non_Header/h66/NonHeader_h66_f000450_t7.508.jpg,False,0.0,,,,,False,False
Non_Header/h66/NonHeader_h66_f000480_t8.008.jpg,True,0.5343,793.1,903.8,817.6,928.4,False,False
Non_Header/h66/NonHeader_h66_f000509_t8.492.jpg,True,0.6546,620.2,924.5,644.2,948.4,False,False
Non_Header/h66/NonHeader_h66_f000539_t8.992.jpg,True,0.6124,580.3,960.0,605.9,987.5,False,False
Non_Header/h66/NonHeader_h66_f000569_t9.493.jpg,False,0.0,,,,,False,False
Non_Header/h67/NonHeader_h67_f000000_t0.000.jpg,True,0.8442,1416.1,875.5,1450.8,909.2,False,False
Non_Header/h67/NonHeader_h67_f000030_t0.500.jpg,False,0.1059,1488.3,845.1,1515.4,876.1,True,False
Non_Header/h67/NonHeader_h67_f000060_t1.000.jpg,True,0.769,1311.8,730.8,1355.8,762.7,False,False
Non_Header/h67/NonHeader_h67_f000090_t1.500.jpg,True,0.8416,988.0,587.8,1026.9,622.9,False,False
Non_Header/h67/NonHeader_h67_f000120_t2.000.jpg,True,0.879,839.8,659.1,877.3,695.9,False,False
Non_Header/h67/NonHeader_h67_f000150_t2.500.jpg,True,0.8596,781.4,706.7,818.3,745.6,False,False
Non_Header/h67/NonHeader_h67_f000180_t3.000.jpg,True,0.86,1118.0,786.3,1165.1,829.1,False,False
Non_Header/h67/NonHeader_h67_f000210_t3.500.jpg,True,0.8709,1209.3,841.6,1256.1,887.3,False,False
Non_Header/h67/NonHeader_h67_f000240_t4.000.jpg,False,0.0,,,,,False,False
Non_Header/h67/NonHeader_h67_f000270_t4.500.jpg,True,0.8514,1011.8,915.7,1055.5,956.6,False,False
Non_Header/h67/NonHeader_h67_f000300_t5.000.jpg,True,0.3302,1152.0,544.2,1189.3,589.9,False,False
Non_Header/h67/NonHeader_h67_f000330_t5.500.jpg,True,0.3849,1206.2,413.1,1237.2,443.4,False,False
Non_Header/h67/NonHeader_h67_f000360_t6.000.jpg,True,0.6479,1221.8,317.0,1248.7,344.2,False,False
Non_Header/h67/NonHeader_h67_f000390_t6.500.jpg,True,0.6573,1246.0,373.1,1270.6,395.8,False,False
Non_Header/h67/NonHeader_h67_f000420_t7.000.jpg,True,0.5093,1267.0,424.9,1293.9,448.0,False,False
Non_Header/h67/NonHeader_h67_f000450_t7.500.jpg,True,0.5376,1213.9,475.7,1237.6,500.5,False,False
Non_Header/h67/NonHeader_h67_f000480_t8.000.jpg,True,0.5687,1330.7,518.2,1356.4,541.4,False,False
Non_Header/h68/NonHeader_h68_f000000_t0.000.jpg,True,0.8316,82.0,605.6,126.0,650.2,False,False
Non_Header/h68/NonHeader_h68_f000030_t0.500.jpg,False,0.0,,,,,False,False
Non_Header/h68/NonHeader_h68_f000060_t1.000.jpg,True,0.913,1409.4,940.5,1685.3,1077.6,False,False
Non_Header/h68/NonHeader_h68_f000090_t1.500.jpg,False,0.0,,,,,False,False
Non_Header/h68/NonHeader_h68_f000120_t2.000.jpg,False,0.0,,,,,False,False
Non_Header/h68/NonHeader_h68_f000150_t2.500.jpg,False,0.0,,,,,False,False
Non_Header/h68/NonHeader_h68_f000180_t3.000.jpg,False,0.0,,,,,False,False
Non_Header/h68/NonHeader_h68_f000210_t3.500.jpg,False,0.0,,,,,False,False
Non_Header/h68/NonHeader_h68_f000240_t4.000.jpg,True,0.8723,685.6,734.4,842.3,992.6,False,False
Non_Header/h68/NonHeader_h68_f000270_t4.500.jpg,False,0.0,,,,,False,False
Non_Header/h68/NonHeader_h68_f000300_t5.000.jpg,False,0.0,,,,,False,False
Non_Header/h68/NonHeader_h68_f000330_t5.500.jpg,False,0.0,,,,,False,False
Non_Header/h68/NonHeader_h68_f000360_t6.000.jpg,False,0.0,,,,,False,False
Non_Header/h68/NonHeader_h68_f000390_t6.500.jpg,False,0.0,,,,,False,False
Non_Header/h68/NonHeader_h68_f000420_t7.000.jpg,False,0.0,,,,,False,False
Non_Header/h68/NonHeader_h68_f000450_t7.500.jpg,True,0.2756,937.1,472.2,1029.6,615.7,False,False
Non_Header/h68/NonHeader_h68_f000480_t8.000.jpg,False,0.0,,,,,False,False
Non_Header/h68/NonHeader_h68_f000510_t8.500.jpg,True,0.7856,1847.6,703.9,1919.2,940.8,False,False
Non_Header/h68/NonHeader_h68_f000540_t9.000.jpg,True,0.9241,1793.1,629.7,1919.3,925.1,False,False
Non_Header/h69/NonHeader_h69_f000000_t0.000.jpg,True,0.9234,1793.4,629.3,1919.3,924.9,False,False
Non_Header/h69/NonHeader_h69_f000030_t0.500.jpg,False,0.0,,,,,False,False
Non_Header/h69/NonHeader_h69_f000060_t1.000.jpg,False,0.0,,,,,False,False
Non_Header/h69/NonHeader_h69_f000090_t1.500.jpg,False,0.0,,,,,False,False
Non_Header/h69/NonHeader_h69_f000120_t2.000.jpg,False,0.0,,,,,False,False
Non_Header/h69/NonHeader_h69_f000150_t2.500.jpg,False,0.0,,,,,False,False
Non_Header/h69/NonHeader_h69_f000180_t3.000.jpg,True,0.4222,0.1,736.6,28.0,797.1,False,False
Non_Header/h69/NonHeader_h69_f000210_t3.500.jpg,True,0.929,831.5,902.7,1054.6,1079.1,False,False
Non_Header/h69/NonHeader_h69_f000240_t4.000.jpg,True,0.9269,588.6,910.3,822.3,1079.8,False,False
Non_Header/h69/NonHeader_h69_f000270_t4.500.jpg,True,0.9074,289.5,955.1,523.0,1080.0,False,False
Non_Header/h69/NonHeader_h69_f000300_t5.000.jpg,False,0.0,,,,,False,False
Non_Header/h69/NonHeader_h69_f000330_t5.500.jpg,False,0.0,,,,,False,False
Non_Header/h69/NonHeader_h69_f000360_t6.000.jpg,False,0.0,,,,,False,False
Non_Header/h69/NonHeader_h69_f000390_t6.500.jpg,False,0.0,,,,,False,True
Non_Header/h69/NonHeader_h69_f000420_t7.000.jpg,False,0.0,,,,,False,True
Non_Header/h69/NonHeader_h69_f000450_t7.500.jpg,False,0.0,,,,,False,True
Non_Header/h69/NonHeader_h69_f000480_t8.000.jpg,False,0.0,,,,,False,True
Non_Header/h69/NonHeader_h69_f000510_t8.500.jpg,False,0.0,,,,,False,True
Non_Header/h69/NonHeader_h69_f000540_t9.000.jpg,False,0.0,,,,,False,True
Non_Header/h7/NonHeader_h7_f000000_t0.000.jpg,True,0.8446,496.1,725.3,535.2,763.4,False,False
Non_Header/h7/NonHeader_h7_f000030_t0.500.jpg,True,0.9191,580.7,821.2,695.6,934.3,False,False
Non_Header/h7/NonHeader_h7_f000060_t1.000.jpg,True,0.9111,597.6,845.5,710.7,957.9,False,False
Non_Header/h7/NonHeader_h7_f000090_t1.500.jpg,True,0.8988,595.3,919.1,730.7,1057.5,False,False
Non_Header/h7/NonHeader_h7_f000120_t2.000.jpg,False,0.0,,,,,False,False
Non_Header/h7/NonHeader_h7_f000150_t2.500.jpg,True,0.8639,788.7,795.2,924.0,905.7,False,False
Non_Header/h7/NonHeader_h7_f000180_t3.000.jpg,True,0.7847,1240.2,764.5,1389.1,859.2,False,False
Non_Header/h7/NonHeader_h7_f000210_t3.500.jpg,True,0.7562,726.8,620.2,774.8,666.5,False,False
Non_Header/h7/NonHeader_h7_f000240_t4.000.jpg,True,0.7508,616.3,644.4,661.7,690.5,False,False
Non_Header/h7/NonHeader_h7_f000270_t4.500.jpg,True,0.7331,770.4,653.6,823.7,701.2,False,False
Non_Header/h7/NonHeader_h7_f000300_t5.000.jpg,True,0.8161,991.1,657.5,1036.4,701.7,False,False
Non_Header/h7/NonHeader_h7_f000330_t5.500.jpg,True,0.8738,992.4,664.0,1033.4,705.7,False,False
Non_Header/h7/NonHeader_h7_f000360_t6.000.jpg,True,0.8211,926.7,669.5,965.1,706.1,False,False
Non_Header/h7/NonHeader_h7_f000390_t6.500.jpg,False,0.0,,,,,False,False
Non_Header/h7/NonHeader_h7_f000420_t7.000.jpg,True,0.7972,1021.4,530.5,1056.8,566.3,False,False
Non_Header/h7/NonHeader_h7_f000450_t7.500.jpg,True,0.665,1160.2,500.1,1203.3,533.0,False,False
Non_Header/h7/NonHeader_h7_f000480_t8.000.jpg,False,0.0,,,,,False,False
Non_Header/h7/NonHeader_h7_f000510_t8.500.jpg,False,0.1076,1200.7,508.6,1249.5,540.4,True,False
Non_Header/h7/NonHeader_h7_f000540_t9.000.jpg,False,0.0,,,,,False,False
Non_Header/h70/NonHeader_h70_f000000_t0.000.jpg,False,0.0,,,,,False,False
Non_Header/h70/NonHeader_h70_f000030_t0.500.jpg,False,0.0,,,,,False,False
Non_Header/h70/NonHeader_h70_f000060_t1.000.jpg,False,0.1458,243.0,338.2,262.6,364.1,True,False
Non_Header/h70/NonHeader_h70_f000090_t1.500.jpg,True,0.4631,797.4,278.8,863.3,310.9,False,False
Non_Header/h70/NonHeader_h70_f000120_t2.000.jpg,False,0.0,,,,,False,False
Non_Header/h70/NonHeader_h70_f000150_t2.500.jpg,False,0.0,,,,,False,False
Non_Header/h70/NonHeader_h70_f000180_t3.000.jpg,False,0.0,,,,,False,False
Non_Header/h70/NonHeader_h70_f000210_t3.500.jpg,False,0.0,,,,,False,False
Non_Header/h70/NonHeader_h70_f000240_t4.000.jpg,True,0.7533,0.2,893.6,59.3,1077.8,False,False
Non_Header/h70/NonHeader_h70_f000270_t4.500.jpg,True,0.4326,0.2,892.6,34.3,1054.0,False,False
Non_Header/h70/NonHeader_h70_f000300_t5.000.jpg,True,0.88,0.3,853.0,129.9,1050.9,False,False
Non_Header/h70/NonHeader_h70_f000330_t5.500.jpg,True,0.7962,112.6,835.5,281.1,1015.3,False,False
Non_Header/h70/NonHeader_h70_f000360_t6.000.jpg,True,0.3358,399.7,786.2,488.0,952.4,False,False
Non_Header/h70/NonHeader_h70_f000390_t6.500.jpg,True,0.913,1461.7,837.6,1590.3,954.0,False,False
Non_Header/h70/NonHeader_h70_f000420_t7.000.jpg,True,0.9114,1513.7,870.7,1640.1,986.2,False,False
Non_Header/h70/NonHeader_h70_f000450_t7.500.jpg,True,0.9165,1556.6,893.4,1680.2,1006.0,False,False
Non_Header/h70/NonHeader_h70_f000480_t8.000.jpg,False,0.0,,,,,False,False
Non_Header/h70/NonHeader_h70_f000510_t8.500.jpg,True,0.3229,906.2,409.5,1029.4,513.0,False,False
Non_Header/h70/NonHeader_h70_f000540_t9.000.jpg,True,0.7888,538.0,404.9,635.0,500.9,False,False
Non_Header/h71/NonHeader_h71_f000000_t0.000.jpg,True,0.7561,539.3,404.2,636.4,499.3,False,False
Non_Header/h71/NonHeader_h71_f000030_t0.500.jpg,True,0.7699,580.4,504.5,679.5,602.3,False,False
Non_Header/h71/NonHeader_h71_f000060_t1.000.jpg,False,0.0,,,,,False,False
Non_Header/h71/NonHeader_h71_f000090_t1.500.jpg,False,0.0,,,,,False,False
Non_Header/h71/NonHeader_h71_f000120_t2.000.jpg,False,0.1852,512.8,47.4,616.1,127.7,True,False
Non_Header/h71/NonHeader_h71_f000150_t2.500.jpg,False,0.0,,,,,False,False
Non_Header/h71/NonHeader_h71_f000180_t3.000.jpg,False,0.0,,,,,False,False
Non_Header/h71/NonHeader_h71_f000210_t3.500.jpg,False,0.0,,,,,False,False
Non_Header/h71/NonHeader_h71_f000240_t4.000.jpg,False,0.0,,,,,False,True
Non_Header/h71/NonHeader_h71_f000270_t4.500.jpg,False,0.0,,,,,False,False
Non_Header/h71/NonHeader_h71_f000300_t5.000.jpg,False,0.0,,,,,False,False
Non_Header/h71/NonHeader_h71_f000330_t5.500.jpg,False,0.0,,,,,False,False
Non_Header/h71/NonHeader_h71_f000360_t6.000.jpg,False,0.0,,,,,False,False
Non_Header/h71/NonHeader_h71_f000390_t6.500.jpg,True,0.8781,1276.7,789.9,1371.9,879.4,False,False
Non_Header/h71/NonHeader_h71_f000420_t7.000.jpg,True,0.874,1188.3,811.6,1275.3,891.8,False,False
Non_Header/h71/NonHeader_h71_f000450_t7.500.jpg,True,0.8792,1101.7,816.6,1178.1,886.1,False,False
Non_Header/h71/NonHeader_h71_f000480_t8.000.jpg,True,0.8717,1019.8,823.7,1083.9,883.7,False,False
Non_Header/h71/NonHeader_h71_f000510_t8.500.jpg,False,0.1906,1047.9,541.4,1097.6,579.9,True,False
Non_Header/h71/NonHeader_h71_f000540_t9.000.jpg,True,0.3748,1905.7,543.2,1919.1,564.8,False,False
Non_Header/h72/NonHeader_h72_f000000_t0.000.jpg,False,0.1771,467.2,398.9,480.4,414.3,True,False
Non_Header/h72/NonHeader_h72_f000030_t0.500.jpg,True,0.6151,480.0,402.9,494.5,418.6,False,False
Non_Header/h72/NonHeader_h72_f000060_t1.000.jpg,False,0.0,,,,,False,False
Non_Header/h72/NonHeader_h72_f000090_t1.500.jpg,True,0.3736,681.6,400.0,695.4,415.5,False,False
Non_Header/h72/NonHeader_h72_f000120_t2.000.jpg,False,0.0,,,,,False,False
Non_Header/h72/NonHeader_h72_f000150_t2.500.jpg,True,0.5229,559.7,418.2,574.5,434.7,False,False
Non_Header/h72/NonHeader_h72_f000180_t3.000.jpg,False,0.1954,656.1,417.9,672.6,433.3,True,False
Non_Header/h72/NonHeader_h72_f000210_t3.500.jpg,False,0.0,,,,,False,False
Non_Header/h72/NonHeader_h72_f000240_t4.000.jpg,False,0.0,,,,,False,False
Non_Header/h72/NonHeader_h72_f000270_t4.500.jpg,True,0.5041,891.6,474.4,906.8,488.1,False,False
Non_Header/h72/NonHeader_h72_f000300_t5.000.jpg,False,0.0,,,,,False,False
Non_Header/h72/NonHeader_h72_f000330_t5.500.jpg,False,0.0,,,,,False,False
Non_Header/h72/NonHeader_h72_f000360_t6.000.jpg,False,0.0,,,,,False,False
Non_Header/h72/NonHeader_h72_f000390_t6.500.jpg,False,0.0,,,,,False,False
Non_Header/h73/NonHeader_h73_f000000_t0.000.jpg,True,0.2736,1184.8,689.1,1196.9,705.1,False,False
Non_Header/h73/NonHeader_h73_f000030_t0.500.jpg,False,0.0,,,,,False,False
Non_Header/h73/NonHeader_h73_f000060_t1.000.jpg,False,0.0,,,,,False,False
Non_Header/h73/NonHeader_h73_f000090_t1.500.jpg,False,0.0,,,,,False,False
Non_Header/h73/NonHeader_h73_f000120_t2.000.jpg,False,0.0,,,,,False,False
Non_Header/h73/NonHeader_h73_f000150_t2.500.jpg,False,0.0,,,,,False,False
Non_Header/h73/NonHeader_h73_f000180_t3.000.jpg,False,0.1325,946.7,656.6,964.5,676.0,True,False
Non_Header/h73/NonHeader_h73_f000210_t3.500.jpg,False,0.0,,,,,False,False
Non_Header/h73/NonHeader_h73_f000240_t4.000.jpg,True,0.5539,879.5,608.5,895.3,624.2,False,False
Non_Header/h73/NonHeader_h73_f000270_t4.500.jpg,True,0.5149,825.7,589.9,840.6,607.1,False,False
Non_Header/h73/NonHeader_h73_f000300_t5.000.jpg,True,0.6517,801.2,570.3,817.0,586.6,False,False
Non_Header/h73/NonHeader_h73_f000330_t5.500.jpg,True,0.4455,842.4,568.5,856.6,583.8,False,False
Non_Header/h73/NonHeader_h73_f000360_t6.000.jpg,True,0.523,841.2,547.5,855.8,563.9,False,False
Non_Header/h73/NonHeader_h73_f000390_t6.500.jpg,False,0.0,,,,,False,False
Non_Header/h73/NonHeader_h73_f000420_t7.000.jpg,False,0.0,,,,,False,False
Non_Header/h73/NonHeader_h73_f000450_t7.500.jpg,False,0.0,,,,,False,False
Non_Header/h73/NonHeader_h73_f000480_t8.000.jpg,False,0.1601,816.9,501.9,832.9,522.5,True,False
Non_Header/h73/NonHeader_h73_f000510_t8.500.jpg,True,0.4727,842.2,498.3,855.2,513.4,False,False
Non_Header/h74/NonHeader_h74_f000000_t0.000.jpg,True,0.5146,1415.4,664.6,1430.4,681.8,False,False
Non_Header/h74/NonHeader_h74_f000030_t0.500.jpg,True,0.2548,1401.3,634.1,1416.2,649.8,False,False
Non_Header/h74/NonHeader_h74_f000060_t1.000.jpg,False,0.0,,,,,False,False
Non_Header/h74/NonHeader_h74_f000090_t1.500.jpg,False,0.0,,,,,False,False
Non_Header/h74/NonHeader_h74_f000120_t2.000.jpg,True,0.3589,694.1,791.7,709.8,809.6,False,False
Non_Header/h74/NonHeader_h74_f000150_t2.500.jpg,False,0.0,,,,,False,False
Non_Header/h74/NonHeader_h74_f000180_t3.000.jpg,False,0.0,,,,,False,False
Non_Header/h74/NonHeader_h74_f000210_t3.500.jpg,True,0.9054,488.8,781.5,600.9,890.6,False,False
Non_Header/h74/NonHeader_h74_f000240_t4.000.jpg,True,0.8538,980.1,796.9,1049.6,884.5,False,False
Non_Header/h74/NonHeader_h74_f000270_t4.500.jpg,True,0.2916,1098.4,807.7,1195.6,894.3,False,False
Non_Header/h74/NonHeader_h74_f000300_t5.000.jpg,True,0.9065,1096.2,874.6,1206.8,989.9,False,False
Non_Header/h74/NonHeader_h74_f000330_t5.500.jpg,True,0.889,856.4,858.7,966.1,968.0,False,False
Non_Header/h74/NonHeader_h74_f000360_t6.000.jpg,False,0.0,,,,,False,False
Non_Header/h74/NonHeader_h74_f000390_t6.500.jpg,True,0.6028,848.1,692.3,861.7,708.9,False,False
Non_Header/h74/NonHeader_h74_f000420_t7.000.jpg,False,0.0,,,,,False,False
Non_Header/h74/NonHeader_h74_f000450_t7.500.jpg,True,0.4766,730.2,653.9,747.2,670.4,False,False
Non_Header/h74/NonHeader_h74_f000480_t8.000.jpg,False,0.0,,,,,False,False
Non_Header/h74/NonHeader_h74_f000510_t8.500.jpg,False,0.0,,,,,False,False
Non_Header/h75/NonHeader_h75_f000000_t0.000.jpg,False,0.0,,,,,False,False
Non_Header/h75/NonHeader_h75_f000030_t0.500.jpg,False,0.1406,1095.1,935.1,1117.7,955.4,True,False
Non_Header/h75/NonHeader_h75_f000060_t1.000.jpg,False,0.0,,,,,False,False
Non_Header/h75/NonHeader_h75_f000090_t1.500.jpg,False,0.0,,,,,False,False
Non_Header/h75/NonHeader_h75_f000120_t2.000.jpg,True,0.4652,1340.8,855.0,1357.9,875.5,False,False
Non_Header/h75/NonHeader_h75_f000150_t2.500.jpg,False,0.0,,,,,False,False
Non_Header/h75/NonHeader_h75_f000180_t3.000.jpg,False,0.0,,,,,False,False
Non_Header/h75/NonHeader_h75_f000210_t3.500.jpg,False,0.0,,,,,False,False
Non_Header/h75/NonHeader_h75_f000240_t4.000.jpg,False,0.0,,,,,False,False
Non_Header/h75/NonHeader_h75_f000270_t4.500.jpg,False,0.0,,,,,False,False
Non_Header/h75/NonHeader_h75_f000300_t5.000.jpg,False,0.0,,,,,False,False
Non_Header/h75/NonHeader_h75_f000330_t5.500.jpg,False,0.0,,,,,False,False
Non_Header/h75/NonHeader_h75_f000360_t6.000.jpg,False,0.0,,,,,False,False
Non_Header/h75/NonHeader_h75_f000390_t6.500.jpg,False,0.0,,,,,False,False
Non_Header/h75/NonHeader_h75_f000420_t7.000.jpg,False,0.0,,,,,False,False
Non_Header/h75/NonHeader_h75_f000450_t7.500.jpg,False,0.0,,,,,False,False
Non_Header/h75/NonHeader_h75_f000480_t8.000.jpg,False,0.0,,,,,False,False
Non_Header/h75/NonHeader_h75_f000510_t8.500.jpg,True,0.3409,1180.1,751.1,1197.2,770.5,False,False
Non_Header/h76/NonHeader_h76_f000000_t0.000.jpg,True,0.3104,1060.8,595.3,1078.1,610.6,False,False
Non_Header/h76/NonHeader_h76_f000030_t0.500.jpg,False,0.0,,,,,False,False
Non_Header/h76/NonHeader_h76_f000060_t1.000.jpg,False,0.0,,,,,False,False
Non_Header/h76/NonHeader_h76_f000090_t1.500.jpg,False,0.0,,,,,False,False
Non_Header/h76/NonHeader_h76_f000120_t2.000.jpg,False,0.0,,,,,False,False
Non_Header/h76/NonHeader_h76_f000150_t2.500.jpg,False,0.0,,,,,False,False
Non_Header/h76/NonHeader_h76_f000180_t3.000.jpg,False,0.0,,,,,False,False
Non_Header/h76/NonHeader_h76_f000210_t3.500.jpg,False,0.0,,,,,False,False
Non_Header/h76/NonHeader_h76_f000240_t4.000.jpg,False,0.0,,,,,False,False
Non_Header/h76/NonHeader_h76_f000270_t4.500.jpg,False,0.0,,,,,False,False
Non_Header/h76/NonHeader_h76_f000300_t5.000.jpg,False,0.0,,,,,False,False
Non_Header/h76/NonHeader_h76_f000330_t5.500.jpg,False,0.1707,1106.4,430.3,1119.9,446.4,True,False
Non_Header/h76/NonHeader_h76_f000360_t6.000.jpg,False,0.1989,1134.0,429.4,1148.4,444.2,True,False
Non_Header/h76/NonHeader_h76_f000390_t6.500.jpg,False,0.0,,,,,False,False
Non_Header/h76/NonHeader_h76_f000420_t7.000.jpg,False,0.0,,,,,False,False
Non_Header/h76/NonHeader_h76_f000450_t7.500.jpg,True,0.7057,697.2,476.5,717.8,492.3,False,False
Non_Header/h77/NonHeader_h77_f000000_t0.000.jpg,False,0.0,,,,,False,False
Non_Header/h77/NonHeader_h77_f000030_t0.500.jpg,False,0.0,,,,,False,False
Non_Header/h77/NonHeader_h77_f000060_t1.000.jpg,False,0.0,,,,,False,False
Non_Header/h77/NonHeader_h77_f000090_t1.500.jpg,False,0.0,,,,,False,False
Non_Header/h77/NonHeader_h77_f000120_t2.000.jpg,False,0.0,,,,,False,False
Non_Header/h77/NonHeader_h77_f000150_t2.500.jpg,False,0.0,,,,,False,False
Non_Header/h77/NonHeader_h77_f000180_t3.000.jpg,False,0.0,,,,,False,False
Non_Header/h77/NonHeader_h77_f000210_t3.500.jpg,True,0.7226,505.9,472.8,519.9,488.6,False,False
Non_Header/h77/NonHeader_h77_f000240_t4.000.jpg,True,0.5202,485.2,491.7,500.9,507.4,False,False
Non_Header/h77/NonHeader_h77_f000270_t4.500.jpg,True,0.5679,439.3,504.2,457.6,518.7,False,False
Non_Header/h77/NonHeader_h77_f000300_t5.000.jpg,True,0.4893,512.8,516.2,528.2,531.2,False,False
Non_Header/h77/NonHeader_h77_f000330_t5.500.jpg,True,0.6072,534.3,521.5,551.6,537.6,False,False
Non_Header/h77/NonHeader_h77_f000360_t6.000.jpg,False,0.0,,,,,False,False
Non_Header/h77/NonHeader_h77_f000390_t6.500.jpg,False,0.0,,,,,False,False
Non_Header/h77/NonHeader_h77_f000420_t7.000.jpg,False,0.0,,,,,False,False
Non_Header/h77/NonHeader_h77_f000450_t7.500.jpg,False,0.1369,538.8,449.4,556.4,466.4,True,False
Non_Header/h77/NonHeader_h77_f000480_t8.000.jpg,False,0.0,,,,,False,False
Non_Header/h77/NonHeader_h77_f000510_t8.500.jpg,False,0.2376,549.4,465.9,564.3,479.5,True,False
Non_Header/h78/NonHeader_h78_f000000_t0.000.jpg,True,0.2786,1260.4,620.5,1291.4,638.3,False,False
Non_Header/h78/NonHeader_h78_f000030_t0.500.jpg,True,0.612,451.0,504.3,468.5,519.3,False,False
Non_Header/h78/NonHeader_h78_f000060_t1.000.jpg,False,0.0,,,,,False,False
Non_Header/h78/NonHeader_h78_f000090_t1.500.jpg,True,0.5099,505.3,492.8,523.7,506.2,False,False
Non_Header/h78/NonHeader_h78_f000120_t2.000.jpg,False,0.0,,,,,False,False
Non_Header/h78/NonHeader_h78_f000150_t2.500.jpg,False,0.0,,,,,False,False
Non_Header/h78/NonHeader_h78_f000180_t3.000.jpg,False,0.2276,626.6,534.3,653.3,554.8,True,False
Non_Header/h78/NonHeader_h78_f000210_t3.500.jpg,False,0.0,,,,,False,False
Non_Header/h78/NonHeader_h78_f000240_t4.000.jpg,False,0.0,,,,,False,False
Non_Header/h78/NonHeader_h78_f000270_t4.500.jpg,False,0.0,,,,,False,False
Non_Header/h78/NonHeader_h78_f000300_t5.000.jpg,False,0.0,,,,,False,False
Non_Header/h78/NonHeader_h78_f000330_t5.500.jpg,False,0.0,,,,,False,False
Non_Header/h78/NonHeader_h78_f000360_t6.000.jpg,False,0.0,,,,,False,False
Non_Header/h78/NonHeader_h78_f000390_t6.500.jpg,False,0.0,,,,,False,False
Non_Header/h78/NonHeader_h78_f000420_t7.000.jpg,False,0.1282,637.6,562.1,652.6,576.3,True,False
Non_Header/h78/NonHeader_h78_f000450_t7.500.jpg,True,0.4274,638.4,554.1,655.2,574.5,False,False
Non_Header/h78/NonHeader_h78_f000480_t8.000.jpg,False,0.0,,,,,False,False
Non_Header/h78/NonHeader_h78_f000510_t8.500.jpg,False,0.0,,,,,False,False
Non_Header/h79/NonHeader_h79_f000000_t0.000.jpg,False,0.0,,,,,False,True
Non_Header/h79/NonHeader_h79_f000030_t0.500.jpg,True,0.331,403.1,364.8,417.6,376.8,False,False
Non_Header/h79/NonHeader_h79_f000060_t1.000.jpg,False,0.2211,580.2,354.9,590.0,366.5,True,False
Non_Header/h79/NonHeader_h79_f000090_t1.500.jpg,False,0.1906,433.7,333.2,448.5,342.4,True,False
Non_Header/h79/NonHeader_h79_f000120_t2.000.jpg,True,0.7207,1198.6,542.1,1215.0,560.8,False,False
Non_Header/h79/NonHeader_h79_f000150_t2.500.jpg,True,0.3541,1110.9,539.0,1130.1,559.8,False,False
Non_Header/h79/NonHeader_h79_f000180_t3.000.jpg,True,0.4252,1087.9,510.6,1105.5,529.9,False,False
Non_Header/h79/NonHeader_h79_f000210_t3.500.jpg,True,0.4229,1078.4,473.3,1101.3,495.3,False,False
Non_Header/h79/NonHeader_h79_f000240_t4.000.jpg,False,0.11,1073.0,322.3,1088.7,334.6,True,False
Non_Header/h79/NonHeader_h79_f000270_t4.500.jpg,True,0.4947,763.7,448.6,790.1,469.5,False,False
Non_Header/h79/NonHeader_h79_f000300_t5.000.jpg,False,0.0,,,,,False,False
Non_Header/h79/NonHeader_h79_f000330_t5.500.jpg,True,0.4918,1104.7,499.7,1127.3,520.3,False,False
Non_Header/h79/NonHeader_h79_f000360_t6.000.jpg,False,0.0,,,,,False,False
Non_Header/h79/NonHeader_h79_f000390_t6.500.jpg,False,0.1613,722.2,598.2,733.7,608.4,True,False
Non_Header/h79/NonHeader_h79_f000420_t7.000.jpg,False,0.0,,,,,False,False
Non_Header/h79/NonHeader_h79_f000450_t7.500.jpg,False,0.0,,,,,False,False
Non_Header/h8/NonHeader_h8_f000000_t0.000.jpg,False,0.0,,,,,False,False
Non_Header/h8/NonHeader_h8_f000030_t0.500.jpg,False,0.1058,377.3,401.8,407.8,426.3,True,False
Non_Header/h8/NonHeader_h8_f000060_t1.000.jpg,True,0.5163,483.4,422.3,513.2,445.0,False,False
Non_Header/h8/NonHeader_h8_f000090_t1.500.jpg,True,0.5396,534.6,462.1,562.7,488.5,False,False
Non_Header/h8/NonHeader_h8_f000120_t2.000.jpg,True,0.6278,538.4,552.3,570.6,582.9,False,False
Non_Header/h8/NonHeader_h8_f000150_t2.500.jpg,True,0.4601,502.0,580.9,536.3,609.9,False,False
Non_Header/h8/NonHeader_h8_f000180_t3.000.jpg,False,0.2112,445.4,554.0,478.5,583.0,True,False
Non_Header/h8/NonHeader_h8_f000210_t3.500.jpg,False,0.2343,1491.5,900.4,1526.2,934.8,True,False
Non_Header/h8/NonHeader_h8_f000240_t4.000.jpg,False,0.0,,,,,False,False
Non_Header/h8/NonHeader_h8_f000270_t4.500.jpg,False,0.0,,,,,False,False
Non_Header/h8/NonHeader_h8_f000300_t5.000.jpg,False,0.0,,,,,False,False
Non_Header/h8/NonHeader_h8_f000330_t5.500.jpg,False,0.169,1016.3,183.4,1037.9,209.0,True,False
Non_Header/h8/NonHeader_h8_f000360_t6.000.jpg,False,0.2125,1546.5,228.9,1566.6,243.6,True,False
Non_Header/h8/NonHeader_h8_f000390_t6.500.jpg,True,0.5004,967.1,518.3,996.4,543.4,False,False
Non_Header/h8/NonHeader_h8_f000420_t7.000.jpg,False,0.0,,,,,False,False
Non_Header/h8/NonHeader_h8_f000450_t7.500.jpg,True,0.2919,1278.8,403.1,1296.2,417.3,False,False
Non_Header/h8/NonHeader_h8_f000480_t8.000.jpg,True,0.398,1225.7,452.8,1243.7,466.8,False,False
Non_Header/h80/NonHeader_h80_f000000_t0.000.jpg,True,0.4386,616.4,842.7,650.5,859.9,False,False
Non_Header/h80/NonHeader_h80_f000030_t0.500.jpg,True,0.4963,1117.1,887.2,1141.8,904.7,False,False
Non_Header/h80/NonHeader_h80_f000060_t1.000.jpg,True,0.315,1583.7,764.7,1598.3,772.0,False,False
Non_Header/h80/NonHeader_h80_f000090_t1.500.jpg,False,0.142,1429.9,907.5,1453.0,928.2,True,False
Non_Header/h80/NonHeader_h80_f000120_t2.000.jpg,True,0.4377,1412.3,898.7,1433.9,921.3,False,False
Non_Header/h80/NonHeader_h80_f000150_t2.500.jpg,True,0.4037,1426.8,898.3,1448.0,922.0,False,False
Non_Header/h80/NonHeader_h80_f000180_t3.000.jpg,False,0.1259,1610.4,415.4,1634.1,440.7,True,False
Non_Header/h80/NonHeader_h80_f000210_t3.500.jpg,True,0.8887,1323.8,740.5,1413.3,827.7,False,False
Non_Header/h80/NonHeader_h80_f000240_t4.000.jpg,True,0.8816,1362.3,736.7,1443.3,814.8,False,False
Non_Header/h80/NonHeader_h80_f000270_t4.500.jpg,True,0.8781,1135.9,749.1,1211.6,822.2,False,False
Non_Header/h80/NonHeader_h80_f000300_t5.000.jpg,True,0.8969,1087.8,767.4,1160.4,843.4,False,False
Non_Header/h80/NonHeader_h80_f000330_t5.500.jpg,True,0.8268,1112.7,783.7,1190.0,858.1,False,False
Non_Header/h80/NonHeader_h80_f000360_t6.000.jpg,True,0.8921,567.8,799.9,660.8,891.3,False,False
Non_Header/h80/NonHeader_h80_f000390_t6.500.jpg,True,0.8923,583.6,732.7,665.2,812.4,False,False
Non_Header/h80/NonHeader_h80_f000420_t7.000.jpg,True,0.8775,740.8,688.6,808.2,756.9,False,False
Non_Header/h80/NonHeader_h80_f000450_t7.500.jpg,False,0.0,,,,,False,False
Non_Header/h80/NonHeader_h80_f000480_t8.000.jpg,False,0.0,,,,,False,False
Non_Header/h80/NonHeader_h80_f000510_t8.500.jpg,False,0.0,,,,,False,False
Non_Header/h80/NonHeader_h80_f000540_t9.000.jpg,False,0.1132,1082.7,711.7,1103.0,729.7,True,False
Non_Header/h80/NonHeader_h80_f000570_t9.500.jpg,True,0.6107,933.7,686.2,950.4,703.0,False,False
Non_Header/h81/NonHeader_h81_f000000_t0.000.jpg,False,0.0,,,,,False,False
Non_Header/h81/NonHeader_h81_f000030_t0.500.jpg,False,0.125,1208.0,979.9,1215.6,988.3,True,False
Non_Header/h81/NonHeader_h81_f000060_t1.000.jpg,False,0.0,,,,,False,False
Non_Header/h81/NonHeader_h81_f000090_t1.500.jpg,False,0.1236,450.2,891.8,464.5,903.4,True,False
Non_Header/h81/NonHeader_h81_f000120_t2.000.jpg,False,0.0,,,,,False,False
Non_Header/h81/NonHeader_h81_f000150_t2.500.jpg,False,0.0,,,,,False,False
Non_Header/h81/NonHeader_h81_f000180_t3.000.jpg,True,0.4258,1278.4,777.7,1296.9,798.3,False,False
Non_Header/h81/NonHeader_h81_f000210_t3.500.jpg,True,0.5588,1362.5,842.2,1381.5,860.8,False,False
Non_Header/h81/NonHeader_h81_f000240_t4.000.jpg,False,0.0,,,,,False,False
Non_Header/h81/NonHeader_h81_f000270_t4.500.jpg,False,0.0,,,,,False,False
Non_Header/h81/NonHeader_h81_f000300_t5.000.jpg,False,0.0,,,,,False,False
Non_Header/h81/NonHeader_h81_f000330_t5.500.jpg,False,0.0,,,,,False,False
Non_Header/h81/NonHeader_h81_f000360_t6.000.jpg,False,0.0,,,,,False,False
Non_Header/h81/NonHeader_h81_f000390_t6.500.jpg,False,0.0,,,,,False,False
Non_Header/h81/NonHeader_h81_f000420_t7.000.jpg,False,0.0,,,,,False,False
Non_Header/h81/NonHeader_h81_f000450_t7.500.jpg,False,0.2262,1278.4,758.6,1297.2,777.7,True,False
Non_Header/h81/NonHeader_h81_f000480_t8.000.jpg,False,0.0,,,,,False,False
Non_Header/h81/NonHeader_h81_f000510_t8.500.jpg,False,0.0,,,,,False,False
Non_Header/h82/NonHeader_h82_f000000_t0.000.jpg,False,0.0,,,,,False,False
Non_Header/h82/NonHeader_h82_f000030_t0.500.jpg,False,0.0,,,,,False,False
Non_Header/h82/NonHeader_h82_f000060_t1.000.jpg,False,0.0,,,,,False,False
Non_Header/h82/NonHeader_h82_f000090_t1.500.jpg,False,0.0,,,,,False,False
Non_Header/h82/NonHeader_h82_f000120_t2.000.jpg,False,0.0,,,,,False,False
Non_Header/h82/NonHeader_h82_f000150_t2.500.jpg,False,0.0,,,,,False,False
Non_Header/h82/NonHeader_h82_f000180_t3.000.jpg,False,0.0,,,,,False,False
Non_Header/h82/NonHeader_h82_f000210_t3.500.jpg,False,0.0,,,,,False,False
Non_Header/h82/NonHeader_h82_f000240_t4.000.jpg,False,0.0,,,,,False,False
Non_Header/h82/NonHeader_h82_f000270_t4.500.jpg,False,0.0,,,,,False,False
Non_Header/h82/NonHeader_h82_f000300_t5.000.jpg,True,0.2695,903.6,769.9,921.3,787.9,False,False
Non_Header/h82/NonHeader_h82_f000330_t5.500.jpg,False,0.0,,,,,False,False
Non_Header/h82/NonHeader_h82_f000360_t6.000.jpg,False,0.0,,,,,False,False
Non_Header/h82/NonHeader_h82_f000390_t6.500.jpg,False,0.0,,,,,False,False
Non_Header/h82/NonHeader_h82_f000420_t7.000.jpg,False,0.0,,,,,False,False
Non_Header/h82/NonHeader_h82_f000450_t7.500.jpg,False,0.0,,,,,False,False
Non_Header/h82/NonHeader_h82_f000480_t8.000.jpg,False,0.0,,,,,False,False
Non_Header/h82/NonHeader_h82_f000510_t8.500.jpg,False,0.0,,,,,False,False
Non_Header/h83/NonHeader_h83_f000000_t0.000.jpg,False,0.0,,,,,False,False
Non_Header/h83/NonHeader_h83_f000030_t0.500.jpg,False,0.1443,616.6,598.6,637.5,618.5,True,False
Non_Header/h83/NonHeader_h83_f000060_t1.000.jpg,True,0.5441,800.5,615.5,817.5,634.0,False,False
Non_Header/h83/NonHeader_h83_f000090_t1.500.jpg,True,0.459,800.9,616.3,818.3,635.3,False,False
Non_Header/h83/NonHeader_h83_f000120_t2.000.jpg,True,0.3959,674.5,599.0,690.0,616.4,False,False
Non_Header/h83/NonHeader_h83_f000150_t2.500.jpg,True,0.3363,729.7,544.7,745.2,561.9,False,False
Non_Header/h83/NonHeader_h83_f000180_t3.000.jpg,False,0.0,,,,,False,False
Non_Header/h83/NonHeader_h83_f000210_t3.500.jpg,False,0.1871,656.1,536.3,670.1,553.8,True,False
Non_Header/h83/NonHeader_h83_f000240_t4.000.jpg,False,0.0,,,,,False,False
Non_Header/h83/NonHeader_h83_f000270_t4.500.jpg,False,0.0,,,,,False,False
Non_Header/h83/NonHeader_h83_f000300_t5.000.jpg,False,0.0,,,,,False,False
Non_Header/h83/NonHeader_h83_f000330_t5.500.jpg,True,0.4096,719.9,488.5,735.8,507.6,False,False
Non_Header/h83/NonHeader_h83_f000360_t6.000.jpg,False,0.0,,,,,False,False
Non_Header/h83/NonHeader_h83_f000390_t6.500.jpg,True,0.7031,840.4,377.6,856.8,393.2,False,False
Non_Header/h84/NonHeader_h84_f000000_t0.000.jpg,True,0.3996,1468.0,489.9,1486.3,505.7,False,False
Non_Header/h84/NonHeader_h84_f000030_t0.500.jpg,False,0.0,,,,,False,False
Non_Header/h84/NonHeader_h84_f000060_t1.000.jpg,False,0.0,,,,,False,False
Non_Header/h84/NonHeader_h84_f000090_t1.500.jpg,True,0.4027,1496.9,542.4,1519.2,560.7,False,False
Non_Header/h84/NonHeader_h84_f000120_t2.000.jpg,True,0.5027,1578.9,592.3,1598.1,612.3,False,False
Non_Header/h84/NonHeader_h84_f000150_t2.500.jpg,True,0.554,1565.6,616.0,1582.2,633.5,False,False
Non_Header/h84/NonHeader_h84_f000180_t3.000.jpg,True,0.2706,1533.5,622.8,1553.6,640.8,False,False
Non_Header/h84/NonHeader_h84_f000210_t3.500.jpg,True,0.6347,1446.3,611.2,1464.8,626.3,False,False
Non_Header/h84/NonHeader_h84_f000240_t4.000.jpg,False,0.0,,,,,False,False
Non_Header/h84/NonHeader_h84_f000270_t4.500.jpg,True,0.5526,1375.9,640.8,1393.0,658.2,False,False
Non_Header/h84/NonHeader_h84_f000300_t5.000.jpg,True,0.3042,1270.3,793.4,1290.0,812.7,False,False
Non_Header/h84/NonHeader_h84_f000330_t5.500.jpg,False,0.0,,,,,False,False
Non_Header/h84/NonHeader_h84_f000360_t6.000.jpg,True,0.6461,1206.9,900.6,1226.7,922.5,False,False
Non_Header/h84/NonHeader_h84_f000390_t6.500.jpg,True,0.6769,1255.7,897.0,1279.0,919.4,False,False
Non_Header/h84/NonHeader_h84_f000420_t7.000.jpg,False,0.1872,1235.2,819.7,1257.7,843.4,True,False
Non_Header/h84/NonHeader_h84_f000450_t7.500.jpg,True,0.717,1197.8,731.9,1216.4,753.0,False,False
Non_Header/h84/NonHeader_h84_f000480_t8.000.jpg,True,0.5759,1272.8,754.5,1292.8,774.5,False,False
Non_Header/h84/NonHeader_h84_f000510_t8.500.jpg,False,0.0,,,,,False,False
Non_Header/h85/NonHeader_h85_f000000_t0.000.jpg,True,0.2586,148.8,201.2,176.8,219.9,False,False
Non_Header/h85/NonHeader_h85_f000030_t0.500.jpg,True,0.4644,889.8,425.0,904.8,441.9,False,False
Non_Header/h85/NonHeader_h85_f000060_t1.000.jpg,False,0.1316,1342.1,68.9,1370.1,96.3,True,False
Non_Header/h85/NonHeader_h85_f000090_t1.500.jpg,False,0.125,1220.3,50.8,1247.8,77.3,True,False
Non_Header/h85/NonHeader_h85_f000120_t2.000.jpg,False,0.0,,,,,False,False
Non_Header/h85/NonHeader_h85_f000150_t2.500.jpg,False,0.1076,749.3,298.0,765.3,313.8,True,False
Non_Header/h85/NonHeader_h85_f000180_t3.000.jpg,True,0.3127,1167.5,598.4,1194.0,610.0,False,False
Non_Header/h85/NonHeader_h85_f000210_t3.500.jpg,False,0.237,844.2,398.2,862.6,414.8,True,False
Non_Header/h85/NonHeader_h85_f000240_t4.000.jpg,False,0.0,,,,,False,False
Non_Header/h85/NonHeader_h85_f000270_t4.500.jpg,True,0.2671,1881.5,439.4,1912.3,460.8,False,False
Non_Header/h85/NonHeader_h85_f000300_t5.000.jpg,False,0.0,,,,,False,False
Non_Header/h85/NonHeader_h85_f000330_t5.500.jpg,False,0.0,,,,,False,False
Non_Header/h85/NonHeader_h85_f000360_t6.000.jpg,False,0.1908,1133.5,424.5,1154.8,445.3,True,False
Non_Header/h85/NonHeader_h85_f000390_t6.500.jpg,True,0.4174,1244.0,440.5,1262.5,460.8,False,False
Non_Header/h86/NonHeader_h86_f000000_t0.000.jpg,True,0.3087,1552.1,118.4,1573.7,139.3,False,False
Non_Header/h86/NonHeader_h86_f000030_t0.500.jpg,False,0.2394,1420.1,125.5,1446.4,149.3,True,False
Non_Header/h86/NonHeader_h86_f000060_t1.000.jpg,False,0.1618,1483.5,149.6,1510.1,177.6,True,False
Non_Header/h86/NonHeader_h86_f000090_t1.500.jpg,False,0.2136,1224.4,371.3,1240.8,385.1,True,False
Non_Header/h86/NonHeader_h86_f000120_t2.000.jpg,True,0.563,1303.9,351.2,1318.1,368.3,False,False
Non_Header/h86/NonHeader_h86_f000150_t2.500.jpg,False,0.0,,,,,False,False
Non_Header/h86/NonHeader_h86_f000180_t3.000.jpg,False,0.2258,561.8,162.1,595.7,183.1,True,False
Non_Header/h86/NonHeader_h86_f000210_t3.500.jpg,False,0.0,,,,,False,False
Non_Header/h86/NonHeader_h86_f000240_t4.000.jpg,False,0.0,,,,,False,False
Non_Header/h86/NonHeader_h86_f000270_t4.500.jpg,False,0.0,,,,,False,False
Non_Header/h86/NonHeader_h86_f000300_t5.000.jpg,True,0.521,1334.7,419.6,1358.3,439.7,False,False
Non_Header/h86/NonHeader_h86_f000330_t5.500.jpg,True,0.2571,1392.0,417.0,1408.0,434.8,False,False
Non_Header/h86/NonHeader_h86_f000360_t6.000.jpg,False,0.0,,,,,False,False
Non_Header/h86/NonHeader_h86_f000390_t6.500.jpg,True,0.7434,1294.9,496.7,1311.3,515.4,False,False
Non_Header/h86/NonHeader_h86_f000420_t7.000.jpg,True,0.5133,1232.0,540.6,1248.7,559.3,False,False
Non_Header/h86/NonHeader_h86_f000450_t7.500.jpg,True,0.4489,1543.7,56.5,1574.5,85.2,False,False
Non_Header/h86/NonHeader_h86_f000480_t8.000.jpg,True,0.2637,1241.7,534.8,1261.0,554.7,False,False
Non_Header/h86/NonHeader_h86_f000510_t8.500.jpg,False,0.0,,,,,False,False
Non_Header/h87/NonHeader_h87_f000000_t0.000.jpg,False,0.0,,,,,False,False
Non_Header/h87/NonHeader_h87_f000030_t0.500.jpg,True,0.5207,869.4,440.2,892.9,460.9,False,False
Non_Header/h87/NonHeader_h87_f000060_t1.000.jpg,False,0.1732,732.2,456.6,749.2,474.6,True,False
Non_Header/h87/NonHeader_h87_f000090_t1.500.jpg,True,0.4918,697.8,453.3,716.8,472.6,False,False
Non_Header/h87/NonHeader_h87_f000120_t2.000.jpg,False,0.2187,851.1,451.1,874.3,470.1,True,False
Non_Header/h87/NonHeader_h87_f000150_t2.500.jpg,True,0.6999,1012.7,451.4,1033.0,470.2,False,False
Non_Header/h87/NonHeader_h87_f000180_t3.000.jpg,True,0.6843,1132.0,450.8,1152.5,470.9,False,False
Non_Header/h87/NonHeader_h87_f000210_t3.500.jpg,False,0.2395,1116.5,446.8,1136.3,469.2,True,False
Non_Header/h87/NonHeader_h87_f000240_t4.000.jpg,False,0.1452,1152.1,455.5,1171.3,475.6,True,False
Non_Header/h87/NonHeader_h87_f000270_t4.500.jpg,False,0.0,,,,,False,False
Non_Header/h87/NonHeader_h87_f000300_t5.000.jpg,False,0.0,,,,,False,False
Non_Header/h87/NonHeader_h87_f000330_t5.500.jpg,False,0.1177,901.0,713.3,961.8,787.9,True,False
Non_Header/h87/NonHeader_h87_f000360_t6.000.jpg,True,0.8353,193.9,807.0,332.6,889.3,False,False
Non_Header/h87/NonHeader_h87_f000390_t6.500.jpg,True,0.7048,783.7,457.7,803.1,478.0,False,False
Non_Header/h87/NonHeader_h87_f000420_t7.000.jpg,True,0.7024,872.7,457.8,892.9,477.9,False,False
Non_Header/h87/NonHeader_h87_f000450_t7.500.jpg,True,0.6836,977.7,454.5,995.6,471.0,False,False
Non_Header/h87/NonHeader_h87_f000480_t8.000.jpg,True,0.4372,1059.8,448.9,1078.0,465.3,False,False
Non_Header/h87/NonHeader_h87_f000510_t8.500.jpg,False,0.0,,,,,False,False
Non_Header/h88/NonHeader_h88_f000000_t0.000.jpg,False,0.0,,,,,False,False
Non_Header/h88/NonHeader_h88_f000030_t0.500.jpg,True,0.4426,710.9,774.3,737.7,797.4,False,False
Non_Header/h88/NonHeader_h88_f000060_t1.000.jpg,True,0.6319,623.9,714.2,644.7,735.9,False,False
Non_Header/h88/NonHeader_h88_f000090_t1.500.jpg,True,0.4505,608.7,736.4,627.5,756.9,False,False
Non_Header/h88/NonHeader_h88_f000120_t2.000.jpg,True,0.5612,587.2,792.8,609.8,814.8,False,False
Non_Header/h88/NonHeader_h88_f000150_t2.500.jpg,False,0.0,,,,,False,False
Non_Header/h88/NonHeader_h88_f000180_t3.000.jpg,True,0.7038,709.2,764.8,729.0,787.9,False,False
Non_Header/h88/NonHeader_h88_f000210_t3.500.jpg,False,0.0,,,,,False,False
Non_Header/h88/NonHeader_h88_f000240_t4.000.jpg,False,0.0,,,,,False,False
Non_Header/h88/NonHeader_h88_f000270_t4.500.jpg,False,0.0,,,,,False,False
Non_Header/h88/NonHeader_h88_f000300_t5.000.jpg,False,0.0,,,,,False,False
Non_Header/h88/NonHeader_h88_f000330_t5.500.jpg,False,0.0,,,,,False,False
Non_Header/h88/NonHeader_h88_f000360_t6.000.jpg,True,0.7091,644.3,737.7,666.2,758.9,False,False
Non_Header/h88/NonHeader_h88_f000390_t6.500.jpg,False,0.0,,,,,False,False
Non_Header/h88/NonHeader_h88_f000420_t7.000.jpg,True,0.629,1125.4,747.8,1148.4,769.0,False,False
Non_Header/h88/NonHeader_h88_f000450_t7.500.jpg,False,0.0,,,,,False,False
Non_Header/h89/NonHeader_h89_f000000_t0.000.jpg,True,0.5282,891.3,495.2,911.7,514.5,False,False
Non_Header/h89/NonHeader_h89_f000030_t0.500.jpg,False,0.0,,,,,False,False
Non_Header/h89/NonHeader_h89_f000060_t1.000.jpg,False,0.0,,,,,False,False
Non_Header/h89/NonHeader_h89_f000090_t1.500.jpg,False,0.1182,899.2,512.6,921.2,532.3,True,False
Non_Header/h89/NonHeader_h89_f000120_t2.000.jpg,False,0.0,,,,,False,False
Non_Header/h89/NonHeader_h89_f000150_t2.500.jpg,False,0.0,,,,,False,False
Non_Header/h89/NonHeader_h89_f000180_t3.000.jpg,True,0.4804,769.0,590.2,789.1,609.2,False,False
Non_Header/h89/NonHeader_h89_f000210_t3.500.jpg,False,0.0,,,,,False,False
Non_Header/h89/NonHeader_h89_f000240_t4.000.jpg,False,0.1916,772.0,537.1,790.6,557.7,True,False
Non_Header/h89/NonHeader_h89_f000270_t4.500.jpg,False,0.0,,,,,False,False
Non_Header/h89/NonHeader_h89_f000300_t5.000.jpg,False,0.0,,,,,False,False
Non_Header/h89/NonHeader_h89_f000330_t5.500.jpg,False,0.0,,,,,False,False
Non_Header/h89/NonHeader_h89_f000360_t6.000.jpg,False,0.0,,,,,False,False
Non_Header/h89/NonHeader_h89_f000390_t6.500.jpg,False,0.1229,1185.9,527.0,1212.1,545.4,True,False
Non_Header/h89/NonHeader_h89_f000420_t7.000.jpg,False,0.0,,,,,False,False
Non_Header/h89/NonHeader_h89_f000450_t7.500.jpg,True,0.5778,932.5,499.4,951.4,515.3,False,False
Non_Header/h89/NonHeader_h89_f000480_t8.000.jpg,False,0.0,,,,,False,False
Non_Header/h89/NonHeader_h89_f000510_t8.500.jpg,True,0.2934,910.6,514.3,944.5,535.2,False,False
Non_Header/h9/NonHeader_h9_f000000_t0.000.jpg,True,0.49,1064.5,595.1,1080.5,612.9,False,False
Non_Header/h9/NonHeader_h9_f000030_t0.500.jpg,False,0.0,,,,,False,False
Non_Header/h9/NonHeader_h9_f000060_t1.000.jpg,True,0.5352,1265.6,692.5,1280.7,709.7,False,False
Non_Header/h9/NonHeader_h9_f000090_t1.500.jpg,False,0.0,,,,,False,False
Non_Header/h9/NonHeader_h9_f000120_t2.000.jpg,False,0.0,,,,,False,False
Non_Header/h9/NonHeader_h9_f000150_t2.500.jpg,False,0.2451,1002.1,704.5,1021.6,722.2,True,False
Non_Header/h9/NonHeader_h9_f000180_t3.000.jpg,True,0.2752,859.5,680.5,877.8,697.6,False,False
Non_Header/h9/NonHeader_h9_f000210_t3.500.jpg,True,0.4496,774.0,664.7,789.5,681.9,False,False
Non_Header/h9/NonHeader_h9_f000240_t4.000.jpg,False,0.0,,,,,False,False
Non_Header/h9/NonHeader_h9_f000270_t4.500.jpg,False,0.0,,,,,False,False
Non_Header/h9/NonHeader_h9_f000300_t5.000.jpg,False,0.0,,,,,False,False
Non_Header/h9/NonHeader_h9_f000330_t5.500.jpg,False,0.1329,617.3,574.3,637.7,587.1,True,False
Non_Header/h9/NonHeader_h9_f000360_t6.000.jpg,False,0.0,,,,,False,False
Non_Header/h9/NonHeader_h9_f000390_t6.500.jpg,False,0.1745,362.1,354.8,379.4,369.7,True,False
Non_Header/h9/NonHeader_h9_f000420_t7.000.jpg,False,0.0,,,,,False,False
Non_Header/h9/NonHeader_h9_f000450_t7.500.jpg,False,0.0,,,,,False,False
Non_Header/h9/NonHeader_h9_f000480_t8.000.jpg,False,0.0,,,,,False,False
Non_Header/h9/NonHeader_h9_f000510_t8.500.jpg,False,0.0,,,,,False,False
Non_Header/h9/NonHeader_h9_f000540_t9.000.jpg,False,0.0,,,,,False,False
Non_Header/h9/NonHeader_h9_f000570_t9.500.jpg,False,0.0,,,,,False,False
Non_Header/h9/NonHeader_h9_f000600_t10.000.jpg,False,0.0,,,,,False,False
Non_Header/h90/NonHeader_h90_f000000_t0.000.jpg,True,0.3842,606.5,706.5,629.0,730.5,False,False
Non_Header/h90/NonHeader_h90_f000030_t0.500.jpg,True,0.2869,571.2,697.1,595.4,721.2,False,False
Non_Header/h90/NonHeader_h90_f000060_t1.000.jpg,True,0.6581,570.5,699.7,592.6,722.1,False,False
Non_Header/h90/NonHeader_h90_f000090_t1.500.jpg,False,0.181,580.5,710.0,610.0,731.5,True,False
Non_Header/h90/NonHeader_h90_f000120_t2.000.jpg,False,0.0,,,,,False,False
Non_Header/h90/NonHeader_h90_f000150_t2.500.jpg,True,0.8109,1096.7,578.6,1117.4,604.7,False,False
Non_Header/h90/NonHeader_h90_f000180_t3.000.jpg,False,0.0,,,,,False,False
Non_Header/h90/NonHeader_h90_f000210_t3.500.jpg,False,0.0,,,,,False,False
Non_Header/h90/NonHeader_h90_f000240_t4.000.jpg,True,0.6968,688.1,551.4,708.4,572.5,False,False
Non_Header/h90/NonHeader_h90_f000270_t4.500.jpg,True,0.3743,588.3,544.7,609.9,566.3,False,False
Non_Header/h90/NonHeader_h90_f000300_t5.000.jpg,True,0.2821,569.0,523.5,589.0,543.5,False,False
Non_Header/h90/NonHeader_h90_f000330_t5.500.jpg,False,0.0,,,,,False,False
Non_Header/h90/NonHeader_h90_f000360_t6.000.jpg,False,0.0,,,,,False,False
Non_Header/h90/NonHeader_h90_f000390_t6.500.jpg,False,0.0,,,,,False,False
Non_Header/h90/NonHeader_h90_f000420_t7.000.jpg,False,0.0,,,,,False,False
Non_Header/h90/NonHeader_h90_f000450_t7.500.jpg,False,0.0,,,,,False,False
Non_Header/h90/NonHeader_h90_f000480_t8.000.jpg,True,0.4406,487.1,489.7,503.9,509.6,False,False
Non_Header/h90/NonHeader_h90_f000510_t8.500.jpg,False,0.0,,,,,False,False
Non_Header/h90/NonHeader_h90_f000540_t9.000.jpg,False,0.0,,,,,False,False
Non_Header/h90/NonHeader_h90_f000570_t9.500.jpg,False,0.0,,,,,False,False
Non_Header/h91/NonHeader_h91_f000000_t0.000.jpg,False,0.0,,,,,False,False
Non_Header/h91/NonHeader_h91_f000030_t0.500.jpg,True,0.5719,1198.8,708.8,1226.3,734.4,False,False
Non_Header/h91/NonHeader_h91_f000060_t1.000.jpg,True,0.5292,1264.2,687.7,1293.1,715.8,False,False
Non_Header/h91/NonHeader_h91_f000090_t1.500.jpg,True,0.4876,1329.1,627.6,1355.9,652.4,False,False
Non_Header/h91/NonHeader_h91_f000120_t2.000.jpg,False,0.2165,1271.8,609.3,1295.2,631.3,True,False
Non_Header/h91/NonHeader_h91_f000150_t2.500.jpg,True,0.9016,1099.2,619.6,1219.1,732.7,False,False
Non_Header/h91/NonHeader_h91_f000180_t3.000.jpg,True,0.8847,1150.8,502.3,1253.1,595.1,False,False
Non_Header/h91/NonHeader_h91_f000210_t3.500.jpg,True,0.8808,1369.6,460.7,1449.0,541.9,False,False
Non_Header/h91/NonHeader_h91_f000240_t4.000.jpg,False,0.0,,,,,False,False
Non_Header/h91/NonHeader_h91_f000270_t4.500.jpg,True,0.2674,946.8,466.2,970.9,492.1,False,False
Non_Header/h91/NonHeader_h91_f000300_t5.000.jpg,True,0.6415,818.3,485.4,840.0,510.9,False,False
Non_Header/h91/NonHeader_h91_f000330_t5.500.jpg,True,0.5114,796.6,494.1,819.3,521.5,False,False
Non_Header/h91/NonHeader_h91_f000360_t6.000.jpg,True,0.4678,862.5,514.7,886.5,541.9,False,False
Non_Header/h91/NonHeader_h91_f000390_t6.500.jpg,True,0.6003,917.4,536.2,942.6,563.8,False,False
Non_Header/h91/NonHeader_h91_f000420_t7.000.jpg,True,0.5195,1084.8,387.5,1104.5,407.2,False,False
Non_Header/h91/NonHeader_h91_f000450_t7.500.jpg,False,0.1463,976.5,367.7,998.1,386.4,True,False
Non_Header/h91/NonHeader_h91_f000480_t8.000.jpg,False,0.1086,857.4,315.4,877.3,344.2,True,False
Non_Header/h91/NonHeader_h91_f000510_t8.500.jpg,True,0.2605,961.5,355.8,979.1,375.9,False,False
Non_Header/h92/NonHeader_h92_f000000_t0.000.jpg,False,0.0,,,,,False,False
Non_Header/h92/NonHeader_h92_f000030_t0.500.jpg,False,0.0,,,,,False,False
Non_Header/h92/NonHeader_h92_f000060_t1.000.jpg,True,0.3092,1379.8,578.3,1397.0,593.6,False,False
Non_Header/h92/NonHeader_h92_f000090_t1.500.jpg,True,0.602,1448.7,638.7,1462.7,655.2,False,False
Non_Header/h92/NonHeader_h92_f000120_t2.000.jpg,False,0.0,,,,,False,False
Non_Header/h92/NonHeader_h92_f000150_t2.500.jpg,False,0.1242,1319.1,610.8,1333.0,622.6,True,False
Non_Header/h92/NonHeader_h92_f000180_t3.000.jpg,True,0.4957,1311.1,606.2,1326.5,621.0,False,False
Non_Header/h92/NonHeader_h92_f000210_t3.500.jpg,False,0.0,,,,,False,False
Non_Header/h92/NonHeader_h92_f000240_t4.000.jpg,False,0.0,,,,,False,False
Non_Header/h92/NonHeader_h92_f000270_t4.500.jpg,True,0.5138,1425.3,523.6,1439.8,537.5,False,False
Non_Header/h92/NonHeader_h92_f000300_t5.000.jpg,False,0.0,,,,,False,False
Non_Header/h92/NonHeader_h92_f000330_t5.500.jpg,False,0.0,,,,,False,False
Non_Header/h92/NonHeader_h92_f000360_t6.000.jpg,False,0.1937,1168.7,462.8,1190.7,477.1,True,False
Non_Header/h92/NonHeader_h92_f000390_t6.500.jpg,False,0.0,,,,,False,False
Non_Header/h92/NonHeader_h92_f000420_t7.000.jpg,False,0.0,,,,,False,False
Non_Header/h92/NonHeader_h92_f000450_t7.500.jpg,False,0.0,,,,,False,False
Non_Header/h92/NonHeader_h92_f000480_t8.000.jpg,False,0.0,,,,,False,False
Non_Header/h92/NonHeader_h92_f000510_t8.500.jpg,True,0.433,622.5,542.7,637.4,555.2,False,False
Non_Header/h93/NonHeader_h93_f000000_t0.000.jpg,True,0.588,728.7,640.2,744.6,654.9,False,False
Non_Header/h93/NonHeader_h93_f000030_t0.500.jpg,True,0.274,689.0,707.5,709.5,730.1,False,False
Non_Header/h93/NonHeader_h93_f000060_t1.000.jpg,False,0.1326,562.6,822.4,583.5,844.5,True,False
Non_Header/h93/NonHeader_h93_f000090_t1.500.jpg,False,0.0,,,,,False,False
Non_Header/h93/NonHeader_h93_f000120_t2.000.jpg,False,0.0,,,,,False,False
Non_Header/h93/NonHeader_h93_f000150_t2.500.jpg,False,0.0,,,,,False,False
Non_Header/h93/NonHeader_h93_f000180_t3.000.jpg,True,0.4543,655.0,733.8,672.7,750.4,False,False
Non_Header/h93/NonHeader_h93_f000210_t3.500.jpg,False,0.0,,,,,False,False
Non_Header/h93/NonHeader_h93_f000240_t4.000.jpg,False,0.0,,,,,False,False
Non_Header/h93/NonHeader_h93_f000270_t4.500.jpg,False,0.0,,,,,False,False
Non_Header/h93/NonHeader_h93_f000300_t5.000.jpg,False,0.0,,,,,False,False
Non_Header/h93/NonHeader_h93_f000330_t5.500.jpg,True,0.445,885.1,703.6,902.8,718.6,False,False
Non_Header/h93/NonHeader_h93_f000360_t6.000.jpg,False,0.0,,,,,False,False
Non_Header/h93/NonHeader_h93_f000390_t6.500.jpg,False,0.0,,,,,False,False
Non_Header/h93/NonHeader_h93_f000420_t7.000.jpg,False,0.0,,,,,False,False
Non_Header/h93/NonHeader_h93_f000450_t7.500.jpg,False,0.0,,,,,False,False
Non_Header/h93/NonHeader_h93_f000480_t8.000.jpg,True,0.5362,431.4,782.4,450.8,801.8,False,False
Non_Header/h93/NonHeader_h93_f000510_t8.500.jpg,True,0.4718,401.0,779.2,422.1,800.2,False,False
Non_Header/h93/NonHeader_h93_f000540_t9.000.jpg,False,0.1636,557.5,774.6,577.8,793.5,True,False
Non_Header/h93/NonHeader_h93_f000570_t9.500.jpg,True,0.5198,731.0,785.1,751.7,803.6,False,False
Non_Header/h93/NonHeader_h93_f000600_t10.000.jpg,False,0.1578,743.9,797.5,767.6,817.7,True,False
Non_Header/h93/NonHeader_h93_f000630_t10.500.jpg,True,0.64,734.0,778.6,757.1,797.3,False,False
Non_Header/h94/NonHeader_h94_f000000_t0.000.jpg,False,0.0,,,,,False,False
Non_Header/h94/NonHeader_h94_f000030_t0.500.jpg,False,0.0,,,,,False,False
Non_Header/h94/NonHeader_h94_f000060_t1.000.jpg,False,0.0,,,,,False,False
Non_Header/h94/NonHeader_h94_f000090_t1.500.jpg,False,0.0,,,,,False,False
Non_Header/h94/NonHeader_h94_f000120_t2.000.jpg,False,0.0,,,,,False,False
Non_Header/h94/NonHeader_h94_f000150_t2.500.jpg,False,0.0,,,,,False,False
Non_Header/h94/NonHeader_h94_f000180_t3.000.jpg,False,0.0,,,,,False,False
Non_Header/h94/NonHeader_h94_f000210_t3.500.jpg,False,0.0,,,,,False,False
Non_Header/h94/NonHeader_h94_f000240_t4.000.jpg,False,0.0,,,,,False,False
Non_Header/h94/NonHeader_h94_f000270_t4.500.jpg,False,0.0,,,,,False,False
Non_Header/h94/NonHeader_h94_f000300_t5.000.jpg,True,0.3414,773.1,479.0,788.4,495.5,False,False
Non_Header/h94/NonHeader_h94_f000330_t5.500.jpg,True,0.4104,743.2,406.1,757.5,421.0,False,False
Non_Header/h94/NonHeader_h94_f000360_t6.000.jpg,False,0.2405,732.8,408.9,747.5,423.3,True,False
Non_Header/h94/NonHeader_h94_f000390_t6.500.jpg,False,0.0,,,,,False,False
Non_Header/h94/NonHeader_h94_f000420_t7.000.jpg,False,0.0,,,,,False,False
Non_Header/h94/NonHeader_h94_f000450_t7.500.jpg,False,0.0,,,,,False,False
Non_Header/h95/NonHeader_h95_f000000_t0.000.jpg,True,0.4113,482.4,330.0,495.1,339.4,False,False
Non_Header/h95/NonHeader_h95_f000030_t0.500.jpg,False,0.0,,,,,False,False
Non_Header/h95/NonHeader_h95_f000060_t1.000.jpg,False,0.0,,,,,False,False
Non_Header/h95/NonHeader_h95_f000090_t1.500.jpg,False,0.0,,,,,False,False
Non_Header/h95/NonHeader_h95_f000120_t2.000.jpg,False,0.0,,,,,False,False
Non_Header/h95/NonHeader_h95_f000150_t2.500.jpg,False,0.2062,3.1,12.4,29.7,49.7,True,False
Non_Header/h95/NonHeader_h95_f000180_t3.000.jpg,True,0.6518,836.4,561.8,847.9,573.0,False,False
Non_Header/h95/NonHeader_h95_f000210_t3.500.jpg,False,0.0,,,,,False,False
Non_Header/h95/NonHeader_h95_f000240_t4.000.jpg,True,0.6314,826.8,649.4,846.3,671.4,False,False
Non_Header/h95/NonHeader_h95_f000270_t4.500.jpg,True,0.2851,956.3,743.3,979.1,766.3,False,False
Non_Header/h95/NonHeader_h95_f000300_t5.000.jpg,True,0.6058,1071.0,839.4,1092.2,860.6,False,False
Non_Header/h95/NonHeader_h95_f000330_t5.500.jpg,True,0.4473,1107.9,846.7,1129.6,864.3,False,False
Non_Header/h95/NonHeader_h95_f000360_t6.000.jpg,True,0.5136,1127.8,823.4,1147.5,842.3,False,False
Non_Header/h95/NonHeader_h95_f000390_t6.500.jpg,True,0.5136,1054.6,779.6,1071.6,797.5,False,False
Non_Header/h95/NonHeader_h95_f000420_t7.000.jpg,True,0.287,1011.8,741.9,1030.6,759.2,False,False
Non_Header/h95/NonHeader_h95_f000450_t7.500.jpg,False,0.0,,,,,False,False
Non_Header/h96/NonHeader_h96_f000000_t0.000.jpg,True,0.4113,482.4,330.0,495.1,339.4,False,False
Non_Header/h96/NonHeader_h96_f000030_t0.500.jpg,False,0.0,,,,,False,False
Non_Header/h96/NonHeader_h96_f000060_t1.000.jpg,False,0.0,,,,,False,False
Non_Header/h96/NonHeader_h96_f000090_t1.500.jpg,False,0.0,,,,,False,False
Non_Header/h96/NonHeader_h96_f000120_t2.000.jpg,False,0.0,,,,,False,False
Non_Header/h96/NonHeader_h96_f000150_t2.500.jpg,False,0.2062,3.1,12.4,29.7,49.7,True,False
Non_Header/h96/NonHeader_h96_f000180_t3.000.jpg,True,0.6518,836.4,561.8,847.9,573.0,False,False
Non_Header/h96/NonHeader_h96_f000210_t3.500.jpg,False,0.0,,,,,False,False
Non_Header/h96/NonHeader_h96_f000240_t4.000.jpg,True,0.6314,826.8,649.4,846.3,671.4,False,False
Non_Header/h96/NonHeader_h96_f000270_t4.500.jpg,True,0.2851,956.3,743.3,979.1,766.3,False,False
Non_Header/h96/NonHeader_h96_f000300_t5.000.jpg,True,0.6058,1071.0,839.4,1092.2,860.6,False,False
Non_Header/h96/NonHeader_h96_f000330_t5.500.jpg,True,0.4473,1107.9,846.7,1129.6,864.3,False,False
Non_Header/h96/NonHeader_h96_f000360_t6.000.jpg,True,0.5136,1127.8,823.4,1147.5,842.3,False,False
Non_Header/h96/NonHeader_h96_f000390_t6.500.jpg,True,0.5136,1054.6,779.6,1071.6,797.5,False,False
Non_Header/h96/NonHeader_h96_f000420_t7.000.jpg,True,0.287,1011.8,741.9,1030.6,759.2,False,False
Non_Header/h96/NonHeader_h96_f000450_t7.500.jpg,False,0.0,,,,,False,False
Non_Header/h97/NonHeader_h97_f000000_t0.000.jpg,True,0.4807,895.8,351.7,909.9,368.1,False,False
Non_Header/h97/NonHeader_h97_f000030_t0.500.jpg,False,0.0,,,,,False,False
Non_Header/h97/NonHeader_h97_f000060_t1.000.jpg,True,0.9004,493.5,816.2,587.7,906.4,False,False
Non_Header/h97/NonHeader_h97_f000090_t1.500.jpg,True,0.8787,762.4,714.4,853.5,807.4,False,False
Non_Header/h97/NonHeader_h97_f000120_t2.000.jpg,True,0.9057,768.1,807.0,863.8,900.9,False,False
Non_Header/h97/NonHeader_h97_f000150_t2.500.jpg,True,0.9068,855.8,839.4,960.1,937.8,False,False
Non_Header/h97/NonHeader_h97_f000180_t3.000.jpg,False,0.1143,1223.2,345.2,1237.5,361.8,True,False
Non_Header/h97/NonHeader_h97_f000210_t3.500.jpg,False,0.0,,,,,False,False
Non_Header/h97/NonHeader_h97_f000240_t4.000.jpg,False,0.0,,,,,False,False
Non_Header/h97/NonHeader_h97_f000270_t4.500.jpg,True,0.6987,1232.8,496.3,1247.7,512.4,False,False
Non_Header/h97/NonHeader_h97_f000300_t5.000.jpg,False,0.0,,,,,False,False
Non_Header/h97/NonHeader_h97_f000330_t5.500.jpg,False,0.0,,,,,False,False
Non_Header/h97/NonHeader_h97_f000360_t6.000.jpg,True,0.6641,1320.6,645.8,1341.9,663.5,False,False
Non_Header/h97/NonHeader_h97_f000390_t6.500.jpg,False,0.1514,1830.3,145.5,1856.7,177.5,True,False
Non_Header/h98/NonHeader_h98_f000000_t0.000.jpg,False,0.0,,,,,False,False
Non_Header/h98/NonHeader_h98_f000030_t0.500.jpg,False,0.2412,57.9,1020.0,86.9,1043.0,True,False
Non_Header/h98/NonHeader_h98_f000060_t1.000.jpg,False,0.0,,,,,False,False
Non_Header/h98/NonHeader_h98_f000090_t1.500.jpg,False,0.0,,,,,False,False
Non_Header/h98/NonHeader_h98_f000120_t2.000.jpg,False,0.0,,,,,False,False
Non_Header/h98/NonHeader_h98_f000150_t2.500.jpg,False,0.0,,,,,False,False
Non_Header/h98/NonHeader_h98_f000180_t3.000.jpg,False,0.0,,,,,False,False
Non_Header/h98/NonHeader_h98_f000210_t3.500.jpg,False,0.0,,,,,False,False
Non_Header/h98/NonHeader_h98_f000240_t4.000.jpg,False,0.0,,,,,False,False
Non_Header/h98/NonHeader_h98_f000270_t4.500.jpg,False,0.1005,865.0,597.8,882.2,618.1,True,False
Non_Header/h98/NonHeader_h98_f000300_t5.000.jpg,True,0.6485,887.3,524.3,901.9,539.3,False,False
Non_Header/h98/NonHeader_h98_f000330_t5.500.jpg,True,0.4179,916.5,490.6,931.3,508.9,False,False
Non_Header/h98/NonHeader_h98_f000360_t6.000.jpg,False,0.1677,963.7,570.4,988.6,581.4,True,False
Non_Header/h98/NonHeader_h98_f000390_t6.500.jpg,True,0.7098,800.3,443.9,815.9,463.4,False,False
Non_Header/h98/NonHeader_h98_f000420_t7.000.jpg,True,0.3756,801.0,406.8,815.5,424.3,False,False
Non_Header/h98/NonHeader_h98_f000450_t7.500.jpg,False,0.0,,,,,False,False
Non_Header/h99/NonHeader_h99_f000000_t0.000.jpg,False,0.1282,514.0,832.5,533.5,850.1,True,False
Non_Header/h99/NonHeader_h99_f000030_t0.500.jpg,False,0.1603,562.0,827.6,576.4,845.9,True,False
Non_Header/h99/NonHeader_h99_f000060_t1.000.jpg,False,0.1746,898.9,713.0,919.7,731.0,True,False
Non_Header/h99/NonHeader_h99_f000090_t1.500.jpg,False,0.0,,,,,False,False
Non_Header/h99/NonHeader_h99_f000120_t2.000.jpg,False,0.0,,,,,False,False
Non_Header/h99/NonHeader_h99_f000150_t2.500.jpg,False,0.0,,,,,False,False
Non_Header/h99/NonHeader_h99_f000180_t3.000.jpg,False,0.0,,,,,False,False
Non_Header/h99/NonHeader_h99_f000210_t3.500.jpg,False,0.0,,,,,False,False
Non_Header/h99/NonHeader_h99_f000240_t4.000.jpg,False,0.0,,,,,False,False
Non_Header/h99/NonHeader_h99_f000270_t4.500.jpg,False,0.0,,,,,False,False
Non_Header/h99/NonHeader_h99_f000300_t5.000.jpg,False,0.1047,1067.1,715.7,1085.2,733.3,True,False
Non_Header/h99/NonHeader_h99_f000330_t5.500.jpg,False,0.0,,,,,False,False
Non_Header/h99/NonHeader_h99_f000360_t6.000.jpg,True,0.3664,838.0,738.4,856.1,754.3,False,False
Non_Header/h99/NonHeader_h99_f000390_t6.500.jpg,False,0.0,,,,,False,False
Non_Header/h99/NonHeader_h99_f000420_t7.000.jpg,True,0.4629,735.3,739.9,752.8,758.5,False,False
Non_Header/h99/NonHeader_h99_f000450_t7.500.jpg,False,0.1615,594.7,709.5,613.0,730.3,True,False
