label_file,num_players,num_balls,num_heads,reason
Header/h1/Header_h1_f000042_t0.700.txt,16,1,13,ball_larger_than_head
Header/h1/Header_h1_f000048_t0.800.txt,15,1,12,ball_larger_than_head
Header/h1/Header_h1_f000060_t1.000.txt,13,1,10,ball_larger_than_head
Header/h1/Header_h1_f000084_t1.400.txt,12,1,9,ball_larger_than_head
Header/h1/Header_h1_f000108_t1.800.txt,13,1,10,ball_larger_than_head
Header/h1/Header_h1_f000156_t2.600.txt,12,1,11,ball_larger_than_head
Header/h1/Header_h1_f000216_t3.600.txt,10,1,9,ball_larger_than_head
Header/h1/Header_h1_f000222_t3.700.txt,11,1,8,ball_larger_than_head
Header/h1/Header_h1_f000246_t4.100.txt,13,1,11,ball_larger_than_head
Header/h1/Header_h1_f000252_t4.200.txt,13,1,11,ball_larger_than_head
Header/h1/Header_h1_f000258_t4.300.txt,12,1,10,ball_larger_than_head
Header/h1/Header_h1_f000276_t4.600.txt,10,1,9,ball_larger_than_head
Header/h1/Header_h1_f000282_t4.700.txt,10,1,9,ball_larger_than_head
Header/h10/Header_h10_f000000_t0.000.txt,3,1,3,ball_larger_than_head
Header/h10/Header_h10_f000006_t0.100.txt,3,1,3,ball_larger_than_head
Header/h10/Header_h10_f000054_t0.900.txt,16,0,0,many_players_zero_heads
Header/h10/Header_h10_f000060_t1.000.txt,14,0,0,many_players_zero_heads
Header/h10/Header_h10_f000066_t1.100.txt,14,0,0,many_players_zero_heads
Header/h10/Header_h10_f000072_t1.200.txt,14,0,0,many_players_zero_heads
Header/h10/Header_h10_f000078_t1.300.txt,14,0,0,many_players_zero_heads
Header/h10/Header_h10_f000084_t1.400.txt,14,0,0,many_players_zero_heads
Header/h10/Header_h10_f000090_t1.500.txt,14,0,0,many_players_zero_heads
Header/h10/Header_h10_f000096_t1.600.txt,14,0,0,many_players_zero_heads
Header/h10/Header_h10_f000102_t1.700.txt,14,0,0,many_players_zero_heads
Header/h10/Header_h10_f000108_t1.800.txt,15,0,0,many_players_zero_heads
Header/h10/Header_h10_f000114_t1.900.txt,13,0,0,many_players_zero_heads
Header/h10/Header_h10_f000120_t2.000.txt,13,0,0,many_players_zero_heads
Header/h10/Header_h10_f000126_t2.100.txt,13,0,0,many_players_zero_heads
Header/h10/Header_h10_f000132_t2.200.txt,12,0,0,many_players_zero_heads
Header/h10/Header_h10_f000138_t2.300.txt,13,0,0,many_players_zero_heads
Header/h10/Header_h10_f000144_t2.400.txt,12,1,0,many_players_zero_heads
Header/h10/Header_h10_f000150_t2.500.txt,12,0,0,many_players_zero_heads
Header/h10/Header_h10_f000156_t2.600.txt,12,0,0,many_players_zero_heads
Header/h10/Header_h10_f000162_t2.700.txt,12,0,0,many_players_zero_heads
Header/h10/Header_h10_f000168_t2.800.txt,13,0,0,many_players_zero_heads
Header/h10/Header_h10_f000174_t2.900.txt,11,1,0,many_players_zero_heads
Header/h10/Header_h10_f000180_t3.000.txt,13,1,0,many_players_zero_heads
Header/h10/Header_h10_f000186_t3.100.txt,14,0,0,many_players_zero_heads
Header/h10/Header_h10_f000192_t3.200.txt,14,0,0,many_players_zero_heads
Header/h10/Header_h10_f000222_t3.700.txt,13,1,4,ball_larger_than_head
Header/h100/Header_h100_f000000_t0.000.txt,4,1,4,ball_larger_than_head
Header/h100/Header_h100_f000006_t0.100.txt,3,1,3,ball_larger_than_head
Header/h100/Header_h100_f000012_t0.200.txt,4,1,4,ball_larger_than_head
Header/h100/Header_h100_f000018_t0.300.txt,4,1,4,ball_larger_than_head
Header/h100/Header_h100_f000024_t0.400.txt,4,1,4,ball_larger_than_head
Header/h100/Header_h100_f000030_t0.500.txt,5,1,5,ball_larger_than_head
Header/h100/Header_h100_f000054_t0.900.txt,16,0,0,many_players_zero_heads
Header/h100/Header_h100_f000060_t1.000.txt,18,0,0,many_players_zero_heads
Header/h100/Header_h100_f000066_t1.100.txt,18,0,0,many_players_zero_heads
Header/h100/Header_h100_f000072_t1.200.txt,16,0,0,many_players_zero_heads
Header/h100/Header_h100_f000078_t1.300.txt,15,0,0,many_players_zero_heads
Header/h100/Header_h100_f000084_t1.400.txt,16,0,0,many_players_zero_heads
Header/h100/Header_h100_f000090_t1.500.txt,16,0,0,many_players_zero_heads
Header/h100/Header_h100_f000096_t1.600.txt,13,0,0,many_players_zero_heads
Header/h100/Header_h100_f000102_t1.700.txt,13,0,0,many_players_zero_heads
Header/h100/Header_h100_f000108_t1.800.txt,16,0,0,many_players_zero_heads
Header/h100/Header_h100_f000114_t1.900.txt,17,0,0,many_players_zero_heads
Header/h100/Header_h100_f000120_t2.000.txt,15,0,0,many_players_zero_heads
Header/h100/Header_h100_f000126_t2.100.txt,14,0,0,many_players_zero_heads
Header/h100/Header_h100_f000132_t2.200.txt,15,0,0,many_players_zero_heads
Header/h100/Header_h100_f000138_t2.300.txt,16,0,0,many_players_zero_heads
Header/h100/Header_h100_f000144_t2.400.txt,14,0,0,many_players_zero_heads
Header/h100/Header_h100_f000150_t2.500.txt,15,0,0,many_players_zero_heads
Header/h100/Header_h100_f000156_t2.600.txt,15,0,0,many_players_zero_heads
Header/h100/Header_h100_f000162_t2.700.txt,16,0,0,many_players_zero_heads
Header/h100/Header_h100_f000168_t2.800.txt,17,0,0,many_players_zero_heads
Header/h100/Header_h100_f000174_t2.900.txt,15,0,0,many_players_zero_heads
Header/h100/Header_h100_f000180_t3.000.txt,15,0,0,many_players_zero_heads
Header/h100/Header_h100_f000186_t3.100.txt,16,0,0,many_players_zero_heads
Header/h100/Header_h100_f000240_t4.000.txt,14,0,0,many_players_zero_heads
Header/h100/Header_h100_f000246_t4.100.txt,14,0,0,many_players_zero_heads
Header/h100/Header_h100_f000252_t4.200.txt,14,0,0,many_players_zero_heads
Header/h100/Header_h100_f000258_t4.300.txt,14,0,0,many_players_zero_heads
Header/h100/Header_h100_f000264_t4.400.txt,14,0,0,many_players_zero_heads
Header/h100/Header_h100_f000270_t4.500.txt,14,0,0,many_players_zero_heads
Header/h100/Header_h100_f000276_t4.600.txt,14,0,0,many_players_zero_heads
Header/h100/Header_h100_f000282_t4.700.txt,13,0,0,many_players_zero_heads
Header/h100/Header_h100_f000288_t4.800.txt,13,0,0,many_players_zero_heads
Header/h100/Header_h100_f000294_t4.900.txt,13,0,0,many_players_zero_heads
Header/h100/Header_h100_f000300_t5.000.txt,15,0,0,many_players_zero_heads
Header/h100/Header_h100_f000306_t5.100.txt,14,0,0,many_players_zero_heads
Header/h100/Header_h100_f000312_t5.200.txt,12,0,0,many_players_zero_heads
Header/h100/Header_h100_f000318_t5.300.txt,13,0,0,many_players_zero_heads
Header/h100/Header_h100_f000324_t5.400.txt,14,0,0,many_players_zero_heads
Header/h100/Header_h100_f000330_t5.500.txt,13,0,0,many_players_zero_heads
Header/h100/Header_h100_f000336_t5.600.txt,13,0,0,many_players_zero_heads
Header/h100/Header_h100_f000342_t5.700.txt,13,0,0,many_players_zero_heads
Header/h100/Header_h100_f000348_t5.800.txt,13,0,0,many_players_zero_heads
Header/h100/Header_h100_f000354_t5.900.txt,14,0,0,many_players_zero_heads
Header/h100/Header_h100_f000360_t6.000.txt,11,0,0,many_players_zero_heads
Header/h101/Header_h101_f000000_t0.000.txt,0,0,0,zero_players
Header/h101/Header_h101_f000006_t0.100.txt,0,0,0,zero_players
Header/h101/Header_h101_f000012_t0.200.txt,0,0,0,zero_players
Header/h101/Header_h101_f000018_t0.300.txt,0,0,0,zero_players
Header/h101/Header_h101_f000024_t0.400.txt,0,0,0,zero_players
Header/h101/Header_h101_f000030_t0.500.txt,0,0,0,zero_players
Header/h101/Header_h101_f000204_t3.400.txt,11,0,0,many_players_zero_heads
Header/h101/Header_h101_f000210_t3.500.txt,12,0,0,many_players_zero_heads
Header/h101/Header_h101_f000216_t3.600.txt,12,0,0,many_players_zero_heads
Header/h101/Header_h101_f000222_t3.700.txt,13,0,0,many_players_zero_heads
Header/h101/Header_h101_f000228_t3.800.txt,11,0,0,many_players_zero_heads
Header/h101/Header_h101_f000234_t3.900.txt,9,0,0,many_players_zero_heads
Header/h101/Header_h101_f000240_t4.000.txt,12,0,0,many_players_zero_heads
Header/h102/Header_h102_f000012_t0.200.txt,3,1,1,ball_larger_than_head
Header/h102/Header_h102_f000018_t0.300.txt,10,0,0,many_players_zero_heads
Header/h102/Header_h102_f000024_t0.400.txt,11,0,0,many_players_zero_heads
Header/h102/Header_h102_f000030_t0.500.txt,7,0,0,many_players_zero_heads
Header/h102/Header_h102_f000036_t0.600.txt,8,0,0,many_players_zero_heads
Header/h102/Header_h102_f000042_t0.700.txt,10,0,0,many_players_zero_heads
Header/h102/Header_h102_f000048_t0.800.txt,9,0,0,many_players_zero_heads
Header/h102/Header_h102_f000054_t0.900.txt,8,0,0,many_players_zero_heads
Header/h102/Header_h102_f000060_t1.000.txt,10,0,0,many_players_zero_heads
Header/h102/Header_h102_f000066_t1.100.txt,11,0,0,many_players_zero_heads
Header/h102/Header_h102_f000072_t1.200.txt,10,0,0,many_players_zero_heads
Header/h102/Header_h102_f000078_t1.300.txt,10,0,0,many_players_zero_heads
Header/h102/Header_h102_f000084_t1.400.txt,10,0,0,many_players_zero_heads
Header/h102/Header_h102_f000090_t1.500.txt,12,0,0,many_players_zero_heads
Header/h102/Header_h102_f000096_t1.600.txt,12,0,0,many_players_zero_heads
Header/h102/Header_h102_f000102_t1.700.txt,13,0,0,many_players_zero_heads
Header/h102/Header_h102_f000108_t1.800.txt,13,0,0,many_players_zero_heads
Header/h102/Header_h102_f000114_t1.900.txt,12,0,0,many_players_zero_heads
Header/h102/Header_h102_f000120_t2.000.txt,13,0,0,many_players_zero_heads
Header/h102/Header_h102_f000126_t2.100.txt,15,0,0,many_players_zero_heads
Header/h102/Header_h102_f000132_t2.200.txt,13,0,0,many_players_zero_heads
Header/h102/Header_h102_f000138_t2.300.txt,12,0,0,many_players_zero_heads
Header/h102/Header_h102_f000144_t2.400.txt,13,0,0,many_players_zero_heads
Header/h102/Header_h102_f000150_t2.500.txt,13,1,0,many_players_zero_heads
Header/h102/Header_h102_f000156_t2.600.txt,13,0,0,many_players_zero_heads
Header/h102/Header_h102_f000162_t2.700.txt,14,0,0,many_players_zero_heads
Header/h102/Header_h102_f000168_t2.800.txt,15,0,0,many_players_zero_heads
Header/h102/Header_h102_f000174_t2.900.txt,14,0,0,many_players_zero_heads
Header/h102/Header_h102_f000180_t3.000.txt,14,0,0,many_players_zero_heads
Header/h102/Header_h102_f000186_t3.100.txt,14,0,0,many_players_zero_heads
Header/h102/Header_h102_f000192_t3.200.txt,15,0,0,many_players_zero_heads
Header/h102/Header_h102_f000198_t3.300.txt,14,1,0,many_players_zero_heads
Header/h102/Header_h102_f000204_t3.400.txt,14,0,0,many_players_zero_heads
Header/h102/Header_h102_f000210_t3.500.txt,12,0,0,many_players_zero_heads
Header/h102/Header_h102_f000216_t3.600.txt,12,0,0,many_players_zero_heads
Header/h102/Header_h102_f000222_t3.700.txt,13,0,0,many_players_zero_heads
Header/h102/Header_h102_f000228_t3.800.txt,15,0,0,many_players_zero_heads
Header/h102/Header_h102_f000234_t3.900.txt,16,0,0,many_players_zero_heads
Header/h102/Header_h102_f000240_t4.000.txt,16,0,0,many_players_zero_heads
Header/h103/Header_h103_f000000_t0.000.txt,16,0,0,many_players_zero_heads
Header/h103/Header_h103_f000006_t0.100.txt,16,0,0,many_players_zero_heads
Header/h103/Header_h103_f000012_t0.200.txt,17,0,0,many_players_zero_heads
Header/h103/Header_h103_f000018_t0.300.txt,16,0,0,many_players_zero_heads
Header/h103/Header_h103_f000024_t0.400.txt,15,0,0,many_players_zero_heads
Header/h103/Header_h103_f000030_t0.500.txt,16,0,0,many_players_zero_heads
Header/h103/Header_h103_f000036_t0.600.txt,13,0,0,many_players_zero_heads
Header/h103/Header_h103_f000042_t0.700.txt,14,0,0,many_players_zero_heads
Header/h103/Header_h103_f000048_t0.800.txt,14,0,0,many_players_zero_heads
Header/h103/Header_h103_f000054_t0.900.txt,17,0,0,many_players_zero_heads
Header/h103/Header_h103_f000060_t1.000.txt,18,0,0,many_players_zero_heads
Header/h103/Header_h103_f000066_t1.100.txt,13,0,0,many_players_zero_heads
Header/h103/Header_h103_f000072_t1.200.txt,16,0,0,many_players_zero_heads
Header/h103/Header_h103_f000078_t1.300.txt,13,0,0,many_players_zero_heads
Header/h103/Header_h103_f000084_t1.400.txt,13,0,0,many_players_zero_heads
Header/h103/Header_h103_f000090_t1.500.txt,14,0,0,many_players_zero_heads
Header/h103/Header_h103_f000096_t1.600.txt,12,0,0,many_players_zero_heads
Header/h103/Header_h103_f000102_t1.700.txt,12,0,0,many_players_zero_heads
Header/h103/Header_h103_f000108_t1.800.txt,13,0,0,many_players_zero_heads
Header/h103/Header_h103_f000114_t1.900.txt,14,0,0,many_players_zero_heads
Header/h103/Header_h103_f000120_t2.000.txt,16,0,0,many_players_zero_heads
Header/h103/Header_h103_f000126_t2.100.txt,13,0,0,many_players_zero_heads
Header/h103/Header_h103_f000132_t2.200.txt,12,0,0,many_players_zero_heads
Header/h103/Header_h103_f000138_t2.300.txt,13,1,0,many_players_zero_heads
Header/h103/Header_h103_f000144_t2.400.txt,15,0,0,many_players_zero_heads
Header/h103/Header_h103_f000150_t2.500.txt,14,0,0,many_players_zero_heads
Header/h103/Header_h103_f000156_t2.600.txt,14,0,0,many_players_zero_heads
Header/h103/Header_h103_f000162_t2.700.txt,12,0,0,many_players_zero_heads
Header/h103/Header_h103_f000168_t2.800.txt,12,0,0,many_players_zero_heads
Header/h103/Header_h103_f000174_t2.900.txt,10,0,0,many_players_zero_heads
Header/h103/Header_h103_f000180_t3.000.txt,9,0,0,many_players_zero_heads
Header/h103/Header_h103_f000186_t3.100.txt,10,0,0,many_players_zero_heads
Header/h103/Header_h103_f000192_t3.200.txt,10,0,0,many_players_zero_heads
Header/h103/Header_h103_f000198_t3.300.txt,10,0,0,many_players_zero_heads
Header/h103/Header_h103_f000204_t3.400.txt,10,0,0,many_players_zero_heads
Header/h103/Header_h103_f000210_t3.500.txt,11,0,0,many_players_zero_heads
Header/h103/Header_h103_f000288_t4.800.txt,0,0,0,zero_players
Header/h103/Header_h103_f000294_t4.900.txt,0,0,0,zero_players
Header/h103/Header_h103_f000300_t5.000.txt,0,0,0,zero_players
Header/h104/Header_h104_f000000_t0.000.txt,0,0,0,zero_players
Header/h104/Header_h104_f000006_t0.100.txt,0,0,0,zero_players
Header/h104/Header_h104_f000012_t0.200.txt,0,0,0,zero_players
Header/h104/Header_h104_f000018_t0.300.txt,0,0,0,zero_players
Header/h104/Header_h104_f000024_t0.400.txt,0,0,0,zero_players
Header/h104/Header_h104_f000030_t0.500.txt,0,0,0,zero_players
Header/h104/Header_h104_f000036_t0.600.txt,0,0,0,zero_players
Header/h104/Header_h104_f000042_t0.700.txt,0,0,0,zero_players
Header/h104/Header_h104_f000048_t0.800.txt,0,0,0,zero_players
Header/h104/Header_h104_f000054_t0.900.txt,0,0,0,zero_players
Header/h104/Header_h104_f000060_t1.000.txt,0,0,0,zero_players
Header/h104/Header_h104_f000066_t1.100.txt,0,0,0,zero_players
Header/h104/Header_h104_f000072_t1.200.txt,13,0,0,many_players_zero_heads
Header/h104/Header_h104_f000078_t1.300.txt,12,0,0,many_players_zero_heads
Header/h104/Header_h104_f000084_t1.400.txt,11,0,0,many_players_zero_heads
Header/h104/Header_h104_f000090_t1.500.txt,13,0,0,many_players_zero_heads
Header/h104/Header_h104_f000096_t1.600.txt,13,0,0,many_players_zero_heads
Header/h104/Header_h104_f000102_t1.700.txt,14,0,0,many_players_zero_heads
Header/h104/Header_h104_f000108_t1.800.txt,13,0,0,many_players_zero_heads
Header/h104/Header_h104_f000114_t1.900.txt,14,0,0,many_players_zero_heads
Header/h104/Header_h104_f000120_t2.000.txt,14,0,0,many_players_zero_heads
Header/h104/Header_h104_f000126_t2.100.txt,15,1,0,many_players_zero_heads
Header/h104/Header_h104_f000132_t2.200.txt,14,0,0,many_players_zero_heads
Header/h104/Header_h104_f000138_t2.300.txt,15,0,0,many_players_zero_heads
Header/h104/Header_h104_f000144_t2.400.txt,14,1,0,many_players_zero_heads
Header/h104/Header_h104_f000150_t2.500.txt,15,0,0,many_players_zero_heads
Header/h104/Header_h104_f000156_t2.600.txt,15,0,0,many_players_zero_heads
Header/h104/Header_h104_f000162_t2.700.txt,15,0,0,many_players_zero_heads
Header/h104/Header_h104_f000168_t2.800.txt,15,0,0,many_players_zero_heads
Header/h104/Header_h104_f000174_t2.900.txt,16,0,0,many_players_zero_heads
Header/h104/Header_h104_f000180_t3.000.txt,15,0,0,many_players_zero_heads
Header/h104/Header_h104_f000186_t3.100.txt,15,0,0,many_players_zero_heads
Header/h104/Header_h104_f000192_t3.200.txt,16,0,0,many_players_zero_heads
Header/h104/Header_h104_f000198_t3.300.txt,16,0,0,many_players_zero_heads
Header/h104/Header_h104_f000204_t3.400.txt,16,0,0,many_players_zero_heads
Header/h104/Header_h104_f000210_t3.500.txt,16,0,0,many_players_zero_heads
Header/h104/Header_h104_f000216_t3.600.txt,16,0,0,many_players_zero_heads
Header/h104/Header_h104_f000222_t3.700.txt,16,0,0,many_players_zero_heads
Header/h104/Header_h104_f000228_t3.800.txt,16,0,0,many_players_zero_heads
Header/h104/Header_h104_f000234_t3.900.txt,16,0,0,many_players_zero_heads
Header/h104/Header_h104_f000240_t4.000.txt,16,0,0,many_players_zero_heads
Header/h104/Header_h104_f000246_t4.100.txt,16,0,0,many_players_zero_heads
Header/h104/Header_h104_f000252_t4.200.txt,15,0,0,many_players_zero_heads
Header/h104/Header_h104_f000258_t4.300.txt,17,0,0,many_players_zero_heads
Header/h104/Header_h104_f000264_t4.400.txt,16,0,0,many_players_zero_heads
Header/h104/Header_h104_f000270_t4.500.txt,16,0,0,many_players_zero_heads
Header/h104/Header_h104_f000276_t4.600.txt,16,0,0,many_players_zero_heads
Header/h104/Header_h104_f000282_t4.700.txt,15,1,0,many_players_zero_heads
Header/h104/Header_h104_f000288_t4.800.txt,13,0,0,many_players_zero_heads
Header/h104/Header_h104_f000294_t4.900.txt,12,0,0,many_players_zero_heads
Header/h104/Header_h104_f000300_t5.000.txt,14,0,0,many_players_zero_heads
Header/h104/Header_h104_f000306_t5.100.txt,13,0,0,many_players_zero_heads
Header/h104/Header_h104_f000312_t5.200.txt,14,1,0,many_players_zero_heads
Header/h104/Header_h104_f000318_t5.300.txt,12,0,0,many_players_zero_heads
Header/h104/Header_h104_f000324_t5.400.txt,14,1,0,many_players_zero_heads
Header/h104/Header_h104_f000330_t5.500.txt,13,1,0,many_players_zero_heads
Header/h104/Header_h104_f000354_t5.900.txt,14,0,0,many_players_zero_heads
Header/h104/Header_h104_f000372_t6.200.txt,14,0,0,many_players_zero_heads
Header/h104/Header_h104_f000378_t6.300.txt,14,0,0,many_players_zero_heads
Header/h105/Header_h105_f000000_t0.000.txt,9,0,0,many_players_zero_heads
Header/h105/Header_h105_f000006_t0.100.txt,9,0,0,many_players_zero_heads
Header/h105/Header_h105_f000012_t0.200.txt,10,0,0,many_players_zero_heads
Header/h105/Header_h105_f000018_t0.300.txt,11,0,0,many_players_zero_heads
Header/h105/Header_h105_f000024_t0.400.txt,10,0,0,many_players_zero_heads
Header/h105/Header_h105_f000030_t0.500.txt,10,0,0,many_players_zero_heads
Header/h105/Header_h105_f000036_t0.600.txt,10,0,0,many_players_zero_heads
Header/h105/Header_h105_f000042_t0.700.txt,9,0,0,many_players_zero_heads
Header/h105/Header_h105_f000048_t0.800.txt,10,0,0,many_players_zero_heads
Header/h105/Header_h105_f000054_t0.900.txt,8,0,0,many_players_zero_heads
Header/h105/Header_h105_f000060_t1.000.txt,7,0,0,many_players_zero_heads
Header/h105/Header_h105_f000066_t1.100.txt,8,0,0,many_players_zero_heads
Header/h105/Header_h105_f000072_t1.200.txt,8,0,0,many_players_zero_heads
Header/h105/Header_h105_f000078_t1.300.txt,10,0,0,many_players_zero_heads
Header/h105/Header_h105_f000084_t1.400.txt,12,0,0,many_players_zero_heads
Header/h105/Header_h105_f000090_t1.500.txt,11,0,0,many_players_zero_heads
Header/h105/Header_h105_f000096_t1.600.txt,12,0,0,many_players_zero_heads
Header/h105/Header_h105_f000102_t1.700.txt,10,0,0,many_players_zero_heads
Header/h105/Header_h105_f000108_t1.800.txt,13,0,0,many_players_zero_heads
Header/h105/Header_h105_f000114_t1.900.txt,10,0,0,many_players_zero_heads
Header/h105/Header_h105_f000120_t2.000.txt,13,0,0,many_players_zero_heads
Header/h105/Header_h105_f000126_t2.100.txt,14,0,0,many_players_zero_heads
Header/h105/Header_h105_f000132_t2.200.txt,15,0,0,many_players_zero_heads
Header/h105/Header_h105_f000138_t2.300.txt,14,0,0,many_players_zero_heads
Header/h105/Header_h105_f000144_t2.400.txt,15,0,0,many_players_zero_heads
Header/h105/Header_h105_f000150_t2.500.txt,15,0,0,many_players_zero_heads
Header/h105/Header_h105_f000156_t2.600.txt,15,0,0,many_players_zero_heads
Header/h105/Header_h105_f000162_t2.700.txt,15,0,0,many_players_zero_heads
Header/h105/Header_h105_f000168_t2.800.txt,16,0,0,many_players_zero_heads
Header/h105/Header_h105_f000174_t2.900.txt,16,0,0,many_players_zero_heads
Header/h105/Header_h105_f000180_t3.000.txt,12,0,0,many_players_zero_heads
Header/h105/Header_h105_f000192_t3.200.txt,12,0,0,many_players_zero_heads
Header/h105/Header_h105_f000198_t3.300.txt,12,0,0,many_players_zero_heads
Header/h106/Header_h106_f000174_t2.900.txt,11,1,3,ball_larger_than_head
Header/h106/Header_h106_f000186_t3.100.txt,10,1,4,ball_larger_than_head
Header/h106/Header_h106_f000192_t3.200.txt,9,1,3,ball_larger_than_head
Header/h106/Header_h106_f000198_t3.300.txt,8,1,4,ball_larger_than_head
Header/h11/Header_h11_f000000_t0.000.txt,11,1,11,ball_larger_than_head
Header/h11/Header_h11_f000006_t0.100.txt,11,1,11,ball_larger_than_head
Header/h11/Header_h11_f000012_t0.200.txt,10,1,10,ball_larger_than_head
Header/h11/Header_h11_f000018_t0.300.txt,10,1,10,ball_larger_than_head
Header/h11/Header_h11_f000024_t0.400.txt,10,1,10,ball_larger_than_head
Header/h11/Header_h11_f000030_t0.500.txt,10,1,9,ball_larger_than_head
Header/h11/Header_h11_f000036_t0.600.txt,10,1,10,ball_larger_than_head
Header/h11/Header_h11_f000042_t0.700.txt,10,1,10,ball_larger_than_head
Header/h11/Header_h11_f000048_t0.800.txt,10,1,10,ball_larger_than_head
Header/h11/Header_h11_f000054_t0.900.txt,10,1,10,ball_larger_than_head
Header/h11/Header_h11_f000060_t1.000.txt,16,0,0,many_players_zero_heads
Header/h11/Header_h11_f000066_t1.100.txt,14,0,0,many_players_zero_heads
Header/h11/Header_h11_f000072_t1.200.txt,15,0,0,many_players_zero_heads
Header/h11/Header_h11_f000078_t1.300.txt,15,0,0,many_players_zero_heads
Header/h11/Header_h11_f000084_t1.400.txt,16,0,0,many_players_zero_heads
Header/h11/Header_h11_f000090_t1.500.txt,16,0,0,many_players_zero_heads
Header/h11/Header_h11_f000096_t1.600.txt,17,0,0,many_players_zero_heads
Header/h11/Header_h11_f000102_t1.700.txt,15,0,0,many_players_zero_heads
Header/h11/Header_h11_f000108_t1.800.txt,13,0,0,many_players_zero_heads
Header/h11/Header_h11_f000114_t1.900.txt,16,0,0,many_players_zero_heads
Header/h11/Header_h11_f000120_t2.000.txt,15,0,0,many_players_zero_heads
Header/h11/Header_h11_f000126_t2.100.txt,13,0,0,many_players_zero_heads
Header/h11/Header_h11_f000132_t2.200.txt,12,0,0,many_players_zero_heads
Header/h11/Header_h11_f000138_t2.300.txt,13,0,0,many_players_zero_heads
Header/h11/Header_h11_f000144_t2.400.txt,12,0,0,many_players_zero_heads
Header/h11/Header_h11_f000150_t2.500.txt,12,0,0,many_players_zero_heads
Header/h11/Header_h11_f000156_t2.600.txt,12,0,0,many_players_zero_heads
Header/h11/Header_h11_f000162_t2.700.txt,13,0,0,many_players_zero_heads
Header/h11/Header_h11_f000168_t2.800.txt,13,0,0,many_players_zero_heads
Header/h11/Header_h11_f000174_t2.900.txt,14,0,0,many_players_zero_heads
Header/h11/Header_h11_f000180_t3.000.txt,11,0,0,many_players_zero_heads
Header/h11/Header_h11_f000186_t3.100.txt,12,0,0,many_players_zero_heads
Header/h11/Header_h11_f000192_t3.200.txt,13,0,0,many_players_zero_heads
Header/h11/Header_h11_f000198_t3.300.txt,12,0,0,many_players_zero_heads
Header/h11/Header_h11_f000204_t3.400.txt,13,0,0,many_players_zero_heads
Header/h11/Header_h11_f000210_t3.500.txt,13,0,0,many_players_zero_heads
Header/h11/Header_h11_f000228_t3.800.txt,11,0,0,many_players_zero_heads
Header/h11/Header_h11_f000234_t3.900.txt,13,0,0,many_players_zero_heads
Header/h11/Header_h11_f000246_t4.100.txt,10,0,0,many_players_zero_heads
Header/h11/Header_h11_f000282_t4.700.txt,13,0,0,many_players_zero_heads
Header/h11/Header_h11_f000288_t4.800.txt,13,0,0,many_players_zero_heads
Header/h11/Header_h11_f000294_t4.900.txt,13,1,0,many_players_zero_heads
Header/h12/Header_h12_f000078_t1.300.txt,14,0,0,many_players_zero_heads
Header/h12/Header_h12_f000108_t1.800.txt,16,1,0,many_players_zero_heads
Header/h12/Header_h12_f000168_t2.800.txt,14,0,0,many_players_zero_heads
Header/h12/Header_h12_f000174_t2.900.txt,12,0,0,many_players_zero_heads
Header/h12/Header_h12_f000180_t3.000.txt,13,0,0,many_players_zero_heads
Header/h12/Header_h12_f000186_t3.100.txt,11,0,0,many_players_zero_heads
Header/h12/Header_h12_f000192_t3.200.txt,14,0,0,many_players_zero_heads
Header/h12/Header_h12_f000198_t3.300.txt,12,0,0,many_players_zero_heads
Header/h12/Header_h12_f000204_t3.400.txt,12,0,0,many_players_zero_heads
Header/h12/Header_h12_f000210_t3.500.txt,13,0,0,many_players_zero_heads
Header/h12/Header_h12_f000216_t3.600.txt,13,0,0,many_players_zero_heads
Header/h12/Header_h12_f000222_t3.700.txt,13,0,0,many_players_zero_heads
Header/h12/Header_h12_f000228_t3.800.txt,13,0,0,many_players_zero_heads
Header/h12/Header_h12_f000234_t3.900.txt,13,0,0,many_players_zero_heads
Header/h12/Header_h12_f000240_t4.000.txt,10,0,0,many_players_zero_heads
Header/h12/Header_h12_f000246_t4.100.txt,9,0,0,many_players_zero_heads
Header/h12/Header_h12_f000252_t4.200.txt,9,0,0,many_players_zero_heads
Header/h12/Header_h12_f000258_t4.300.txt,7,0,0,many_players_zero_heads
Header/h12/Header_h12_f000264_t4.400.txt,7,0,0,many_players_zero_heads
Header/h13/Header_h13_f000012_t0.200.txt,15,0,0,many_players_zero_heads
Header/h13/Header_h13_f000018_t0.300.txt,16,0,0,many_players_zero_heads
Header/h13/Header_h13_f000024_t0.400.txt,16,0,0,many_players_zero_heads
Header/h13/Header_h13_f000030_t0.500.txt,15,0,0,many_players_zero_heads
Header/h13/Header_h13_f000036_t0.600.txt,15,0,0,many_players_zero_heads
Header/h13/Header_h13_f000042_t0.700.txt,15,0,0,many_players_zero_heads
Header/h13/Header_h13_f000048_t0.800.txt,15,0,0,many_players_zero_heads
Header/h13/Header_h13_f000054_t0.900.txt,15,0,0,many_players_zero_heads
Header/h13/Header_h13_f000060_t1.000.txt,15,0,0,many_players_zero_heads
Header/h13/Header_h13_f000066_t1.100.txt,15,0,0,many_players_zero_heads
Header/h13/Header_h13_f000072_t1.200.txt,15,0,0,many_players_zero_heads
Header/h13/Header_h13_f000078_t1.300.txt,16,1,0,many_players_zero_heads
Header/h13/Header_h13_f000084_t1.400.txt,15,0,0,many_players_zero_heads
Header/h13/Header_h13_f000090_t1.500.txt,14,0,0,many_players_zero_heads
Header/h13/Header_h13_f000096_t1.600.txt,14,0,0,many_players_zero_heads
Header/h13/Header_h13_f000102_t1.700.txt,14,0,0,many_players_zero_heads
Header/h13/Header_h13_f000108_t1.800.txt,14,0,0,many_players_zero_heads
Header/h13/Header_h13_f000114_t1.900.txt,13,0,0,many_players_zero_heads
Header/h13/Header_h13_f000120_t2.000.txt,12,0,0,many_players_zero_heads
Header/h13/Header_h13_f000126_t2.100.txt,12,0,0,many_players_zero_heads
Header/h13/Header_h13_f000132_t2.200.txt,12,0,0,many_players_zero_heads
Header/h13/Header_h13_f000138_t2.300.txt,12,0,0,many_players_zero_heads
Header/h13/Header_h13_f000144_t2.400.txt,12,0,0,many_players_zero_heads
Header/h13/Header_h13_f000150_t2.500.txt,11,0,0,many_players_zero_heads
Header/h13/Header_h13_f000156_t2.600.txt,12,0,0,many_players_zero_heads
Header/h13/Header_h13_f000162_t2.700.txt,12,0,0,many_players_zero_heads
Header/h13/Header_h13_f000168_t2.800.txt,12,0,0,many_players_zero_heads
Header/h13/Header_h13_f000174_t2.900.txt,11,0,0,many_players_zero_heads
Header/h13/Header_h13_f000180_t3.000.txt,11,0,0,many_players_zero_heads
Header/h13/Header_h13_f000186_t3.100.txt,11,0,0,many_players_zero_heads
Header/h13/Header_h13_f000192_t3.200.txt,11,1,0,many_players_zero_heads
Header/h13/Header_h13_f000198_t3.300.txt,11,1,0,many_players_zero_heads
Header/h13/Header_h13_f000204_t3.400.txt,10,1,0,many_players_zero_heads
Header/h13/Header_h13_f000210_t3.500.txt,10,0,0,many_players_zero_heads
Header/h13/Header_h13_f000216_t3.600.txt,10,1,0,many_players_zero_heads
Header/h13/Header_h13_f000222_t3.700.txt,10,0,0,many_players_zero_heads
Header/h13/Header_h13_f000228_t3.800.txt,10,0,0,many_players_zero_heads
Header/h13/Header_h13_f000234_t3.900.txt,8,0,0,many_players_zero_heads
Header/h13/Header_h13_f000240_t4.000.txt,8,0,0,many_players_zero_heads
Header/h13/Header_h13_f000246_t4.100.txt,8,0,0,many_players_zero_heads
Header/h13/Header_h13_f000252_t4.200.txt,8,0,0,many_players_zero_heads
Header/h13/Header_h13_f000258_t4.300.txt,8,1,0,many_players_zero_heads
Header/h13/Header_h13_f000264_t4.400.txt,9,0,0,many_players_zero_heads
Header/h13/Header_h13_f000270_t4.500.txt,9,0,0,many_players_zero_heads
Header/h13/Header_h13_f000276_t4.600.txt,10,1,0,many_players_zero_heads
Header/h13/Header_h13_f000282_t4.700.txt,10,1,0,many_players_zero_heads
Header/h13/Header_h13_f000288_t4.800.txt,10,0,0,many_players_zero_heads
Header/h13/Header_h13_f000294_t4.900.txt,11,0,0,many_players_zero_heads
Header/h13/Header_h13_f000300_t5.000.txt,11,1,0,many_players_zero_heads
Header/h14/Header_h14_f000000_t0.000.txt,16,0,0,many_players_zero_heads
Header/h14/Header_h14_f000006_t0.100.txt,17,0,0,many_players_zero_heads
Header/h14/Header_h14_f000012_t0.200.txt,17,0,0,many_players_zero_heads
Header/h14/Header_h14_f000018_t0.300.txt,16,0,0,many_players_zero_heads
Header/h14/Header_h14_f000024_t0.400.txt,16,0,0,many_players_zero_heads
Header/h14/Header_h14_f000030_t0.500.txt,16,0,0,many_players_zero_heads
Header/h14/Header_h14_f000036_t0.600.txt,17,0,0,many_players_zero_heads
Header/h14/Header_h14_f000042_t0.700.txt,15,0,0,many_players_zero_heads
Header/h14/Header_h14_f000048_t0.800.txt,14,0,0,many_players_zero_heads
Header/h14/Header_h14_f000054_t0.900.txt,16,0,0,many_players_zero_heads
Header/h14/Header_h14_f000060_t1.000.txt,15,0,0,many_players_zero_heads
Header/h14/Header_h14_f000066_t1.100.txt,16,0,0,many_players_zero_heads
Header/h14/Header_h14_f000072_t1.200.txt,17,0,0,many_players_zero_heads
Header/h14/Header_h14_f000078_t1.300.txt,18,0,0,many_players_zero_heads
Header/h14/Header_h14_f000084_t1.400.txt,17,0,0,many_players_zero_heads
Header/h14/Header_h14_f000090_t1.500.txt,18,0,0,many_players_zero_heads
Header/h14/Header_h14_f000096_t1.600.txt,18,0,0,many_players_zero_heads
Header/h14/Header_h14_f000102_t1.700.txt,18,0,0,many_players_zero_heads
Header/h14/Header_h14_f000108_t1.800.txt,18,0,0,many_players_zero_heads
Header/h14/Header_h14_f000114_t1.900.txt,18,0,0,many_players_zero_heads
Header/h14/Header_h14_f000120_t2.000.txt,19,0,0,many_players_zero_heads
Header/h14/Header_h14_f000126_t2.100.txt,20,0,0,many_players_zero_heads
Header/h14/Header_h14_f000132_t2.200.txt,20,0,0,many_players_zero_heads
Header/h14/Header_h14_f000138_t2.300.txt,17,0,0,many_players_zero_heads
Header/h14/Header_h14_f000144_t2.400.txt,18,0,0,many_players_zero_heads
Header/h14/Header_h14_f000150_t2.500.txt,16,0,0,many_players_zero_heads
Header/h14/Header_h14_f000156_t2.600.txt,15,0,0,many_players_zero_heads
Header/h14/Header_h14_f000162_t2.700.txt,15,0,0,many_players_zero_heads
Header/h14/Header_h14_f000168_t2.800.txt,15,0,0,many_players_zero_heads
Header/h14/Header_h14_f000174_t2.900.txt,15,0,0,many_players_zero_heads
Header/h14/Header_h14_f000180_t3.000.txt,16,0,0,many_players_zero_heads
Header/h14/Header_h14_f000186_t3.100.txt,15,0,0,many_players_zero_heads
Header/h14/Header_h14_f000192_t3.200.txt,16,0,0,many_players_zero_heads
Header/h14/Header_h14_f000198_t3.300.txt,16,0,0,many_players_zero_heads
Header/h14/Header_h14_f000204_t3.400.txt,15,0,0,many_players_zero_heads
Header/h14/Header_h14_f000210_t3.500.txt,17,0,0,many_players_zero_heads
Header/h14/Header_h14_f000216_t3.600.txt,14,0,0,many_players_zero_heads
Header/h14/Header_h14_f000222_t3.700.txt,15,0,0,many_players_zero_heads
Header/h14/Header_h14_f000228_t3.800.txt,14,0,0,many_players_zero_heads
Header/h14/Header_h14_f000234_t3.900.txt,16,0,0,many_players_zero_heads
Header/h14/Header_h14_f000240_t4.000.txt,15,0,0,many_players_zero_heads
Header/h14/Header_h14_f000246_t4.100.txt,14,0,0,many_players_zero_heads
Header/h14/Header_h14_f000252_t4.200.txt,14,0,0,many_players_zero_heads
Header/h14/Header_h14_f000258_t4.300.txt,16,0,0,many_players_zero_heads
Header/h14/Header_h14_f000264_t4.400.txt,17,0,0,many_players_zero_heads
Header/h14/Header_h14_f000270_t4.500.txt,16,0,0,many_players_zero_heads
Header/h14/Header_h14_f000276_t4.600.txt,16,0,0,many_players_zero_heads
Header/h14/Header_h14_f000282_t4.700.txt,17,0,0,many_players_zero_heads
Header/h14/Header_h14_f000288_t4.800.txt,16,0,0,many_players_zero_heads
Header/h14/Header_h14_f000294_t4.900.txt,18,0,0,many_players_zero_heads
Header/h14/Header_h14_f000300_t5.000.txt,16,0,0,many_players_zero_heads
Header/h15/Header_h15_f000090_t1.500.txt,8,0,0,many_players_zero_heads
Header/h15/Header_h15_f000096_t1.600.txt,9,0,0,many_players_zero_heads
Header/h15/Header_h15_f000102_t1.700.txt,7,0,0,many_players_zero_heads
Header/h15/Header_h15_f000108_t1.800.txt,7,0,0,many_players_zero_heads
Header/h15/Header_h15_f000114_t1.900.txt,6,0,0,many_players_zero_heads
Header/h15/Header_h15_f000120_t2.000.txt,8,0,0,many_players_zero_heads
Header/h15/Header_h15_f000126_t2.100.txt,8,0,0,many_players_zero_heads
Header/h15/Header_h15_f000132_t2.200.txt,5,0,0,many_players_zero_heads
Header/h15/Header_h15_f000138_t2.300.txt,6,0,0,many_players_zero_heads
Header/h15/Header_h15_f000144_t2.400.txt,7,0,0,many_players_zero_heads
Header/h15/Header_h15_f000150_t2.500.txt,7,0,0,many_players_zero_heads
Header/h15/Header_h15_f000156_t2.600.txt,6,0,0,many_players_zero_heads
Header/h15/Header_h15_f000162_t2.700.txt,7,0,0,many_players_zero_heads
Header/h15/Header_h15_f000168_t2.800.txt,9,0,0,many_players_zero_heads
Header/h15/Header_h15_f000174_t2.900.txt,7,0,0,many_players_zero_heads
Header/h15/Header_h15_f000180_t3.000.txt,8,0,0,many_players_zero_heads
Header/h15/Header_h15_f000186_t3.100.txt,7,0,0,many_players_zero_heads
Header/h15/Header_h15_f000192_t3.200.txt,7,0,0,many_players_zero_heads
Header/h15/Header_h15_f000198_t3.300.txt,9,0,0,many_players_zero_heads
Header/h15/Header_h15_f000204_t3.400.txt,9,0,0,many_players_zero_heads
Header/h15/Header_h15_f000210_t3.500.txt,11,0,0,many_players_zero_heads
Header/h15/Header_h15_f000216_t3.600.txt,10,0,0,many_players_zero_heads
Header/h15/Header_h15_f000222_t3.700.txt,12,0,0,many_players_zero_heads
Header/h15/Header_h15_f000228_t3.800.txt,12,0,0,many_players_zero_heads
Header/h15/Header_h15_f000234_t3.900.txt,10,0,0,many_players_zero_heads
Header/h15/Header_h15_f000240_t4.000.txt,11,0,0,many_players_zero_heads
Header/h15/Header_h15_f000246_t4.100.txt,10,0,0,many_players_zero_heads
Header/h15/Header_h15_f000252_t4.200.txt,10,0,0,many_players_zero_heads
Header/h15/Header_h15_f000258_t4.300.txt,11,0,0,many_players_zero_heads
Header/h15/Header_h15_f000264_t4.400.txt,12,0,0,many_players_zero_heads
Header/h15/Header_h15_f000270_t4.500.txt,11,0,0,many_players_zero_heads
Header/h15/Header_h15_f000276_t4.600.txt,10,0,0,many_players_zero_heads
Header/h15/Header_h15_f000282_t4.700.txt,9,0,0,many_players_zero_heads
Header/h15/Header_h15_f000288_t4.800.txt,10,0,0,many_players_zero_heads
Header/h15/Header_h15_f000294_t4.900.txt,12,0,0,many_players_zero_heads
Header/h15/Header_h15_f000300_t5.000.txt,13,0,0,many_players_zero_heads
Header/h16/Header_h16_f000000_t0.000.txt,11,0,0,many_players_zero_heads
Header/h16/Header_h16_f000006_t0.100.txt,11,0,0,many_players_zero_heads
Header/h16/Header_h16_f000012_t0.200.txt,12,0,0,many_players_zero_heads
Header/h16/Header_h16_f000018_t0.300.txt,11,0,0,many_players_zero_heads
Header/h16/Header_h16_f000024_t0.400.txt,11,0,0,many_players_zero_heads
Header/h16/Header_h16_f000030_t0.500.txt,12,0,0,many_players_zero_heads
Header/h16/Header_h16_f000036_t0.600.txt,12,0,0,many_players_zero_heads
Header/h16/Header_h16_f000042_t0.700.txt,11,0,0,many_players_zero_heads
Header/h16/Header_h16_f000048_t0.800.txt,11,0,0,many_players_zero_heads
Header/h16/Header_h16_f000054_t0.900.txt,10,0,0,many_players_zero_heads
Header/h16/Header_h16_f000060_t1.000.txt,11,0,0,many_players_zero_heads
Header/h16/Header_h16_f000066_t1.100.txt,12,0,0,many_players_zero_heads
Header/h16/Header_h16_f000072_t1.200.txt,11,0,0,many_players_zero_heads
Header/h16/Header_h16_f000078_t1.300.txt,11,0,0,many_players_zero_heads
Header/h16/Header_h16_f000084_t1.400.txt,11,0,0,many_players_zero_heads
Header/h16/Header_h16_f000090_t1.500.txt,11,0,0,many_players_zero_heads
Header/h16/Header_h16_f000096_t1.600.txt,12,1,0,many_players_zero_heads
Header/h16/Header_h16_f000102_t1.700.txt,12,0,0,many_players_zero_heads
Header/h16/Header_h16_f000108_t1.800.txt,12,0,0,many_players_zero_heads
Header/h16/Header_h16_f000114_t1.900.txt,11,0,0,many_players_zero_heads
Header/h16/Header_h16_f000120_t2.000.txt,12,0,0,many_players_zero_heads
Header/h16/Header_h16_f000126_t2.100.txt,10,0,0,many_players_zero_heads
Header/h16/Header_h16_f000132_t2.200.txt,10,0,0,many_players_zero_heads
Header/h16/Header_h16_f000138_t2.300.txt,10,0,0,many_players_zero_heads
Header/h16/Header_h16_f000144_t2.400.txt,11,1,0,many_players_zero_heads
Header/h16/Header_h16_f000150_t2.500.txt,11,0,0,many_players_zero_heads
Header/h16/Header_h16_f000156_t2.600.txt,11,0,0,many_players_zero_heads
Header/h16/Header_h16_f000162_t2.700.txt,11,1,0,many_players_zero_heads
Header/h16/Header_h16_f000168_t2.800.txt,11,1,0,many_players_zero_heads
Header/h16/Header_h16_f000174_t2.900.txt,10,0,0,many_players_zero_heads
Header/h16/Header_h16_f000180_t3.000.txt,10,1,0,many_players_zero_heads
Header/h16/Header_h16_f000186_t3.100.txt,8,0,0,many_players_zero_heads
Header/h16/Header_h16_f000192_t3.200.txt,8,0,0,many_players_zero_heads
Header/h16/Header_h16_f000198_t3.300.txt,8,1,0,many_players_zero_heads
Header/h16/Header_h16_f000204_t3.400.txt,9,0,0,many_players_zero_heads
Header/h16/Header_h16_f000210_t3.500.txt,8,0,0,many_players_zero_heads
Header/h16/Header_h16_f000216_t3.600.txt,7,1,0,many_players_zero_heads
Header/h16/Header_h16_f000222_t3.700.txt,8,1,0,many_players_zero_heads
Header/h17/Header_h17_f000000_t0.000.txt,7,1,2,ball_larger_than_head
Header/h17/Header_h17_f000012_t0.200.txt,4,1,3,ball_larger_than_head
Header/h17/Header_h17_f000018_t0.300.txt,5,1,3,ball_larger_than_head
Header/h17/Header_h17_f000024_t0.400.txt,4,1,3,ball_larger_than_head
Header/h17/Header_h17_f000072_t1.200.txt,5,0,0,many_players_zero_heads
Header/h17/Header_h17_f000078_t1.300.txt,5,0,0,many_players_zero_heads
Header/h17/Header_h17_f000084_t1.400.txt,6,0,0,many_players_zero_heads
Header/h17/Header_h17_f000090_t1.500.txt,4,0,0,many_players_zero_heads
Header/h17/Header_h17_f000096_t1.600.txt,7,0,0,many_players_zero_heads
Header/h17/Header_h17_f000102_t1.700.txt,7,0,0,many_players_zero_heads
Header/h17/Header_h17_f000108_t1.800.txt,8,0,0,many_players_zero_heads
Header/h17/Header_h17_f000114_t1.900.txt,12,0,0,many_players_zero_heads
Header/h17/Header_h17_f000120_t2.000.txt,10,0,0,many_players_zero_heads
Header/h17/Header_h17_f000126_t2.100.txt,9,0,0,many_players_zero_heads
Header/h17/Header_h17_f000132_t2.200.txt,9,0,0,many_players_zero_heads
Header/h17/Header_h17_f000138_t2.300.txt,10,0,0,many_players_zero_heads
Header/h17/Header_h17_f000144_t2.400.txt,13,0,0,many_players_zero_heads
Header/h17/Header_h17_f000150_t2.500.txt,9,0,0,many_players_zero_heads
Header/h17/Header_h17_f000156_t2.600.txt,12,0,0,many_players_zero_heads
Header/h17/Header_h17_f000162_t2.700.txt,13,0,0,many_players_zero_heads
Header/h17/Header_h17_f000168_t2.800.txt,11,0,0,many_players_zero_heads
Header/h17/Header_h17_f000174_t2.900.txt,14,0,0,many_players_zero_heads
Header/h17/Header_h17_f000180_t3.000.txt,14,0,0,many_players_zero_heads
Header/h17/Header_h17_f000186_t3.100.txt,12,0,0,many_players_zero_heads
Header/h17/Header_h17_f000192_t3.200.txt,14,0,0,many_players_zero_heads
Header/h17/Header_h17_f000198_t3.300.txt,15,0,0,many_players_zero_heads
Header/h17/Header_h17_f000204_t3.400.txt,15,0,0,many_players_zero_heads
Header/h17/Header_h17_f000210_t3.500.txt,15,0,0,many_players_zero_heads
Header/h17/Header_h17_f000216_t3.600.txt,17,0,0,many_players_zero_heads
Header/h17/Header_h17_f000222_t3.700.txt,15,0,0,many_players_zero_heads
Header/h17/Header_h17_f000228_t3.800.txt,14,0,0,many_players_zero_heads
Header/h17/Header_h17_f000234_t3.900.txt,13,0,0,many_players_zero_heads
Header/h17/Header_h17_f000240_t4.000.txt,13,0,0,many_players_zero_heads
Header/h17/Header_h17_f000246_t4.100.txt,14,0,0,many_players_zero_heads
Header/h17/Header_h17_f000252_t4.200.txt,13,0,0,many_players_zero_heads
Header/h17/Header_h17_f000258_t4.300.txt,14,0,0,many_players_zero_heads
Header/h17/Header_h17_f000264_t4.400.txt,13,0,0,many_players_zero_heads
Header/h17/Header_h17_f000270_t4.500.txt,13,0,0,many_players_zero_heads
Header/h17/Header_h17_f000282_t4.700.txt,12,0,0,many_players_zero_heads
Header/h18/Header_h18_f000000_t0.000.txt,6,1,3,ball_larger_than_head
Header/h18/Header_h18_f000006_t0.100.txt,6,1,3,ball_larger_than_head
Header/h18/Header_h18_f000012_t0.200.txt,5,1,2,ball_larger_than_head
Header/h18/Header_h18_f000018_t0.300.txt,6,1,2,ball_larger_than_head
Header/h18/Header_h18_f000024_t0.400.txt,5,1,2,ball_larger_than_head
Header/h18/Header_h18_f000030_t0.500.txt,5,1,2,ball_larger_than_head
Header/h18/Header_h18_f000036_t0.600.txt,14,0,0,many_players_zero_heads
Header/h18/Header_h18_f000042_t0.700.txt,17,0,0,many_players_zero_heads
Header/h18/Header_h18_f000048_t0.800.txt,15,0,0,many_players_zero_heads
Header/h18/Header_h18_f000054_t0.900.txt,16,0,0,many_players_zero_heads
Header/h18/Header_h18_f000060_t1.000.txt,14,0,0,many_players_zero_heads
Header/h18/Header_h18_f000066_t1.100.txt,15,0,0,many_players_zero_heads
Header/h18/Header_h18_f000072_t1.200.txt,16,0,0,many_players_zero_heads
Header/h18/Header_h18_f000078_t1.300.txt,15,0,0,many_players_zero_heads
Header/h18/Header_h18_f000084_t1.400.txt,14,0,0,many_players_zero_heads
Header/h18/Header_h18_f000090_t1.500.txt,14,0,0,many_players_zero_heads
Header/h18/Header_h18_f000096_t1.600.txt,13,0,0,many_players_zero_heads
Header/h18/Header_h18_f000102_t1.700.txt,15,0,0,many_players_zero_heads
Header/h18/Header_h18_f000108_t1.800.txt,15,0,0,many_players_zero_heads
Header/h18/Header_h18_f000114_t1.900.txt,15,0,0,many_players_zero_heads
Header/h18/Header_h18_f000120_t2.000.txt,15,0,0,many_players_zero_heads
Header/h18/Header_h18_f000126_t2.100.txt,13,0,0,many_players_zero_heads
Header/h18/Header_h18_f000132_t2.200.txt,13,0,0,many_players_zero_heads
Header/h18/Header_h18_f000138_t2.300.txt,14,0,0,many_players_zero_heads
Header/h18/Header_h18_f000144_t2.400.txt,15,0,0,many_players_zero_heads
Header/h18/Header_h18_f000150_t2.500.txt,15,0,0,many_players_zero_heads
Header/h18/Header_h18_f000156_t2.600.txt,13,0,0,many_players_zero_heads
Header/h18/Header_h18_f000162_t2.700.txt,12,0,0,many_players_zero_heads
Header/h18/Header_h18_f000168_t2.800.txt,14,0,0,many_players_zero_heads
Header/h18/Header_h18_f000174_t2.900.txt,15,0,0,many_players_zero_heads
Header/h18/Header_h18_f000180_t3.000.txt,14,0,0,many_players_zero_heads
Header/h18/Header_h18_f000186_t3.100.txt,12,0,0,many_players_zero_heads
Header/h18/Header_h18_f000192_t3.200.txt,13,0,0,many_players_zero_heads
Header/h18/Header_h18_f000198_t3.300.txt,13,0,0,many_players_zero_heads
Header/h18/Header_h18_f000204_t3.400.txt,12,0,0,many_players_zero_heads
Header/h18/Header_h18_f000210_t3.500.txt,9,0,0,many_players_zero_heads
Header/h18/Header_h18_f000216_t3.600.txt,11,0,0,many_players_zero_heads
Header/h18/Header_h18_f000222_t3.700.txt,10,0,0,many_players_zero_heads
Header/h18/Header_h18_f000228_t3.800.txt,11,0,0,many_players_zero_heads
Header/h18/Header_h18_f000234_t3.900.txt,13,0,0,many_players_zero_heads
Header/h19/Header_h19_f000000_t0.000.txt,14,0,0,many_players_zero_heads
Header/h19/Header_h19_f000006_t0.100.txt,14,0,0,many_players_zero_heads
Header/h19/Header_h19_f000012_t0.200.txt,13,0,0,many_players_zero_heads
Header/h19/Header_h19_f000018_t0.300.txt,12,0,0,many_players_zero_heads
Header/h19/Header_h19_f000024_t0.400.txt,14,0,0,many_players_zero_heads
Header/h19/Header_h19_f000030_t0.500.txt,14,0,0,many_players_zero_heads
Header/h19/Header_h19_f000036_t0.600.txt,13,0,0,many_players_zero_heads
Header/h19/Header_h19_f000042_t0.700.txt,13,0,0,many_players_zero_heads
Header/h19/Header_h19_f000048_t0.800.txt,14,0,0,many_players_zero_heads
Header/h19/Header_h19_f000054_t0.900.txt,14,0,0,many_players_zero_heads
Header/h19/Header_h19_f000060_t1.000.txt,14,0,0,many_players_zero_heads
Header/h19/Header_h19_f000066_t1.100.txt,14,0,0,many_players_zero_heads
Header/h19/Header_h19_f000072_t1.200.txt,14,0,0,many_players_zero_heads
Header/h19/Header_h19_f000078_t1.300.txt,14,0,0,many_players_zero_heads
Header/h19/Header_h19_f000084_t1.400.txt,14,0,0,many_players_zero_heads
Header/h19/Header_h19_f000090_t1.500.txt,15,0,0,many_players_zero_heads
Header/h19/Header_h19_f000096_t1.600.txt,13,0,0,many_players_zero_heads
Header/h19/Header_h19_f000102_t1.700.txt,13,0,0,many_players_zero_heads
Header/h19/Header_h19_f000108_t1.800.txt,13,0,0,many_players_zero_heads
Header/h19/Header_h19_f000114_t1.900.txt,13,0,0,many_players_zero_heads
Header/h19/Header_h19_f000120_t2.000.txt,12,0,0,many_players_zero_heads
Header/h19/Header_h19_f000126_t2.100.txt,12,0,0,many_players_zero_heads
Header/h19/Header_h19_f000132_t2.200.txt,11,0,0,many_players_zero_heads
Header/h19/Header_h19_f000138_t2.300.txt,11,0,0,many_players_zero_heads
Header/h19/Header_h19_f000144_t2.400.txt,12,0,0,many_players_zero_heads
Header/h19/Header_h19_f000150_t2.500.txt,12,0,0,many_players_zero_heads
Header/h19/Header_h19_f000156_t2.600.txt,12,0,0,many_players_zero_heads
Header/h19/Header_h19_f000162_t2.700.txt,11,0,0,many_players_zero_heads
Header/h19/Header_h19_f000168_t2.800.txt,12,0,0,many_players_zero_heads
Header/h19/Header_h19_f000174_t2.900.txt,11,0,0,many_players_zero_heads
Header/h19/Header_h19_f000180_t3.000.txt,9,0,0,many_players_zero_heads
Header/h19/Header_h19_f000186_t3.100.txt,11,0,0,many_players_zero_heads
Header/h19/Header_h19_f000192_t3.200.txt,11,0,0,many_players_zero_heads
Header/h19/Header_h19_f000198_t3.300.txt,11,0,0,many_players_zero_heads
Header/h19/Header_h19_f000204_t3.400.txt,11,0,0,many_players_zero_heads
Header/h19/Header_h19_f000210_t3.500.txt,12,0,0,many_players_zero_heads
Header/h19/Header_h19_f000216_t3.600.txt,12,0,0,many_players_zero_heads
Header/h19/Header_h19_f000222_t3.700.txt,12,0,0,many_players_zero_heads
Header/h19/Header_h19_f000234_t3.900.txt,12,0,0,many_players_zero_heads
Header/h19/Header_h19_f000240_t4.000.txt,11,0,0,many_players_zero_heads
Header/h19/Header_h19_f000246_t4.100.txt,11,0,0,many_players_zero_heads
Header/h19/Header_h19_f000282_t4.700.txt,11,0,0,many_players_zero_heads
Header/h19/Header_h19_f000288_t4.800.txt,12,0,0,many_players_zero_heads
Header/h19/Header_h19_f000294_t4.900.txt,12,0,0,many_players_zero_heads
Header/h2/Header_h2_f000000_t0.000.txt,14,0,0,many_players_zero_heads
Header/h2/Header_h2_f000006_t0.100.txt,13,0,0,many_players_zero_heads
Header/h2/Header_h2_f000012_t0.200.txt,12,0,0,many_players_zero_heads
Header/h2/Header_h2_f000018_t0.300.txt,12,0,0,many_players_zero_heads
Header/h2/Header_h2_f000024_t0.400.txt,12,0,0,many_players_zero_heads
Header/h2/Header_h2_f000030_t0.500.txt,10,1,0,many_players_zero_heads
Header/h2/Header_h2_f000036_t0.600.txt,10,0,0,many_players_zero_heads
Header/h2/Header_h2_f000042_t0.700.txt,10,0,0,many_players_zero_heads
Header/h2/Header_h2_f000048_t0.800.txt,10,0,0,many_players_zero_heads
Header/h2/Header_h2_f000054_t0.900.txt,10,0,0,many_players_zero_heads
Header/h2/Header_h2_f000060_t1.000.txt,10,0,0,many_players_zero_heads
Header/h2/Header_h2_f000066_t1.100.txt,10,0,0,many_players_zero_heads
Header/h2/Header_h2_f000072_t1.200.txt,10,0,0,many_players_zero_heads
Header/h2/Header_h2_f000078_t1.300.txt,9,0,0,many_players_zero_heads
Header/h2/Header_h2_f000084_t1.400.txt,11,0,0,many_players_zero_heads
Header/h2/Header_h2_f000090_t1.500.txt,9,1,0,many_players_zero_heads
Header/h2/Header_h2_f000096_t1.600.txt,9,1,0,many_players_zero_heads
Header/h2/Header_h2_f000102_t1.700.txt,9,0,0,many_players_zero_heads
Header/h2/Header_h2_f000108_t1.800.txt,9,1,0,many_players_zero_heads
Header/h2/Header_h2_f000114_t1.900.txt,8,0,0,many_players_zero_heads
Header/h2/Header_h2_f000120_t2.000.txt,8,1,0,many_players_zero_heads
Header/h2/Header_h2_f000126_t2.100.txt,10,0,0,many_players_zero_heads
Header/h2/Header_h2_f000132_t2.200.txt,6,0,0,many_players_zero_heads
Header/h2/Header_h2_f000138_t2.300.txt,7,0,0,many_players_zero_heads
Header/h2/Header_h2_f000144_t2.400.txt,6,0,0,many_players_zero_heads
Header/h2/Header_h2_f000150_t2.500.txt,6,0,0,many_players_zero_heads
Header/h2/Header_h2_f000156_t2.600.txt,6,0,0,many_players_zero_heads
Header/h2/Header_h2_f000162_t2.700.txt,5,0,0,many_players_zero_heads
Header/h2/Header_h2_f000168_t2.800.txt,4,0,0,many_players_zero_heads
Header/h2/Header_h2_f000174_t2.900.txt,5,0,0,many_players_zero_heads
Header/h2/Header_h2_f000180_t3.000.txt,5,0,0,many_players_zero_heads
Header/h2/Header_h2_f000186_t3.100.txt,5,0,0,many_players_zero_heads
Header/h2/Header_h2_f000192_t3.200.txt,6,0,0,many_players_zero_heads
Header/h2/Header_h2_f000198_t3.300.txt,6,0,0,many_players_zero_heads
Header/h2/Header_h2_f000204_t3.400.txt,4,0,0,many_players_zero_heads
Header/h2/Header_h2_f000210_t3.500.txt,6,0,0,many_players_zero_heads
Header/h2/Header_h2_f000216_t3.600.txt,7,1,0,many_players_zero_heads
Header/h2/Header_h2_f000222_t3.700.txt,8,0,0,many_players_zero_heads
Header/h20/Header_h20_f000000_t0.000.txt,14,1,0,many_players_zero_heads
Header/h20/Header_h20_f000006_t0.100.txt,13,0,0,many_players_zero_heads
Header/h20/Header_h20_f000012_t0.200.txt,13,0,0,many_players_zero_heads
Header/h20/Header_h20_f000018_t0.300.txt,12,0,0,many_players_zero_heads
Header/h20/Header_h20_f000024_t0.400.txt,13,0,0,many_players_zero_heads
Header/h20/Header_h20_f000030_t0.500.txt,10,0,0,many_players_zero_heads
Header/h20/Header_h20_f000036_t0.600.txt,11,0,0,many_players_zero_heads
Header/h20/Header_h20_f000042_t0.700.txt,10,0,0,many_players_zero_heads
Header/h20/Header_h20_f000048_t0.800.txt,12,0,0,many_players_zero_heads
Header/h20/Header_h20_f000054_t0.900.txt,13,0,0,many_players_zero_heads
Header/h20/Header_h20_f000060_t1.000.txt,13,0,0,many_players_zero_heads
Header/h20/Header_h20_f000066_t1.100.txt,11,0,0,many_players_zero_heads
Header/h20/Header_h20_f000072_t1.200.txt,12,0,0,many_players_zero_heads
Header/h20/Header_h20_f000078_t1.300.txt,11,0,0,many_players_zero_heads
Header/h20/Header_h20_f000084_t1.400.txt,14,0,0,many_players_zero_heads
Header/h20/Header_h20_f000090_t1.500.txt,13,0,0,many_players_zero_heads
Header/h20/Header_h20_f000096_t1.600.txt,12,0,0,many_players_zero_heads
Header/h20/Header_h20_f000102_t1.700.txt,12,0,0,many_players_zero_heads
Header/h20/Header_h20_f000108_t1.800.txt,12,0,0,many_players_zero_heads
Header/h20/Header_h20_f000114_t1.900.txt,12,0,0,many_players_zero_heads
Header/h20/Header_h20_f000120_t2.000.txt,12,0,0,many_players_zero_heads
Header/h20/Header_h20_f000126_t2.100.txt,11,0,0,many_players_zero_heads
Header/h20/Header_h20_f000132_t2.200.txt,14,0,0,many_players_zero_heads
Header/h20/Header_h20_f000138_t2.300.txt,14,0,0,many_players_zero_heads
Header/h20/Header_h20_f000144_t2.400.txt,14,0,0,many_players_zero_heads
Header/h20/Header_h20_f000150_t2.500.txt,13,0,0,many_players_zero_heads
Header/h20/Header_h20_f000156_t2.600.txt,13,0,0,many_players_zero_heads
Header/h20/Header_h20_f000162_t2.700.txt,13,0,0,many_players_zero_heads
Header/h20/Header_h20_f000168_t2.800.txt,14,0,0,many_players_zero_heads
Header/h20/Header_h20_f000174_t2.900.txt,14,0,0,many_players_zero_heads
Header/h20/Header_h20_f000180_t3.000.txt,15,0,0,many_players_zero_heads
Header/h20/Header_h20_f000186_t3.100.txt,15,0,0,many_players_zero_heads
Header/h20/Header_h20_f000192_t3.200.txt,14,0,0,many_players_zero_heads
Header/h20/Header_h20_f000198_t3.300.txt,14,0,0,many_players_zero_heads
Header/h20/Header_h20_f000204_t3.400.txt,15,0,0,many_players_zero_heads
Header/h20/Header_h20_f000210_t3.500.txt,14,0,0,many_players_zero_heads
Header/h20/Header_h20_f000216_t3.600.txt,13,0,0,many_players_zero_heads
Header/h20/Header_h20_f000222_t3.700.txt,14,0,0,many_players_zero_heads
Header/h21/Header_h21_f000000_t0.000.txt,14,0,0,many_players_zero_heads
Header/h21/Header_h21_f000006_t0.100.txt,11,0,0,many_players_zero_heads
Header/h21/Header_h21_f000012_t0.200.txt,14,0,0,many_players_zero_heads
Header/h21/Header_h21_f000018_t0.300.txt,14,0,0,many_players_zero_heads
Header/h21/Header_h21_f000024_t0.400.txt,14,0,0,many_players_zero_heads
Header/h21/Header_h21_f000030_t0.500.txt,11,0,0,many_players_zero_heads
Header/h21/Header_h21_f000036_t0.600.txt,14,0,0,many_players_zero_heads
Header/h21/Header_h21_f000042_t0.700.txt,12,0,0,many_players_zero_heads
Header/h21/Header_h21_f000048_t0.800.txt,13,0,0,many_players_zero_heads
Header/h21/Header_h21_f000054_t0.900.txt,13,0,0,many_players_zero_heads
Header/h21/Header_h21_f000060_t1.000.txt,13,0,0,many_players_zero_heads
Header/h21/Header_h21_f000066_t1.100.txt,13,0,0,many_players_zero_heads
Header/h21/Header_h21_f000072_t1.200.txt,12,0,0,many_players_zero_heads
Header/h21/Header_h21_f000078_t1.300.txt,12,0,0,many_players_zero_heads
Header/h21/Header_h21_f000084_t1.400.txt,13,0,0,many_players_zero_heads
Header/h21/Header_h21_f000090_t1.500.txt,12,0,0,many_players_zero_heads
Header/h21/Header_h21_f000096_t1.600.txt,13,0,0,many_players_zero_heads
Header/h21/Header_h21_f000102_t1.700.txt,13,0,0,many_players_zero_heads
Header/h21/Header_h21_f000108_t1.800.txt,13,0,0,many_players_zero_heads
Header/h21/Header_h21_f000114_t1.900.txt,12,0,0,many_players_zero_heads
Header/h21/Header_h21_f000120_t2.000.txt,12,0,0,many_players_zero_heads
Header/h21/Header_h21_f000126_t2.100.txt,14,0,0,many_players_zero_heads
Header/h21/Header_h21_f000132_t2.200.txt,11,0,0,many_players_zero_heads
Header/h21/Header_h21_f000138_t2.300.txt,11,0,0,many_players_zero_heads
Header/h21/Header_h21_f000144_t2.400.txt,12,0,0,many_players_zero_heads
Header/h21/Header_h21_f000150_t2.500.txt,11,0,0,many_players_zero_heads
Header/h21/Header_h21_f000156_t2.600.txt,11,0,0,many_players_zero_heads
Header/h21/Header_h21_f000162_t2.700.txt,12,0,0,many_players_zero_heads
Header/h21/Header_h21_f000168_t2.800.txt,11,0,0,many_players_zero_heads
Header/h21/Header_h21_f000174_t2.900.txt,11,0,0,many_players_zero_heads
Header/h21/Header_h21_f000180_t3.000.txt,12,0,0,many_players_zero_heads
Header/h21/Header_h21_f000186_t3.100.txt,11,0,0,many_players_zero_heads
Header/h21/Header_h21_f000192_t3.200.txt,11,0,0,many_players_zero_heads
Header/h21/Header_h21_f000198_t3.300.txt,11,1,0,many_players_zero_heads
Header/h21/Header_h21_f000204_t3.400.txt,10,1,0,many_players_zero_heads
Header/h21/Header_h21_f000210_t3.500.txt,10,0,0,many_players_zero_heads
Header/h21/Header_h21_f000216_t3.600.txt,9,0,0,many_players_zero_heads
Header/h21/Header_h21_f000222_t3.700.txt,9,0,0,many_players_zero_heads
Header/h21/Header_h21_f000228_t3.800.txt,10,0,0,many_players_zero_heads
Header/h21/Header_h21_f000234_t3.900.txt,9,0,0,many_players_zero_heads
Header/h21/Header_h21_f000240_t4.000.txt,10,1,0,many_players_zero_heads
Header/h21/Header_h21_f000246_t4.100.txt,9,1,0,many_players_zero_heads
Header/h21/Header_h21_f000252_t4.200.txt,10,1,0,many_players_zero_heads
Header/h21/Header_h21_f000258_t4.300.txt,11,0,0,many_players_zero_heads
Header/h21/Header_h21_f000264_t4.400.txt,10,0,0,many_players_zero_heads
Header/h21/Header_h21_f000270_t4.500.txt,10,0,0,many_players_zero_heads
Header/h21/Header_h21_f000276_t4.600.txt,8,0,0,many_players_zero_heads
Header/h21/Header_h21_f000282_t4.700.txt,7,0,0,many_players_zero_heads
Header/h21/Header_h21_f000288_t4.800.txt,8,0,0,many_players_zero_heads
Header/h21/Header_h21_f000294_t4.900.txt,7,0,0,many_players_zero_heads
Header/h22/Header_h22_f000006_t0.100.txt,6,0,0,many_players_zero_heads
Header/h22/Header_h22_f000012_t0.200.txt,9,0,0,many_players_zero_heads
Header/h22/Header_h22_f000018_t0.300.txt,10,0,0,many_players_zero_heads
Header/h22/Header_h22_f000024_t0.400.txt,10,0,0,many_players_zero_heads
Header/h22/Header_h22_f000030_t0.500.txt,11,0,0,many_players_zero_heads
Header/h22/Header_h22_f000036_t0.600.txt,9,0,0,many_players_zero_heads
Header/h22/Header_h22_f000042_t0.700.txt,8,0,0,many_players_zero_heads
Header/h22/Header_h22_f000048_t0.800.txt,9,0,0,many_players_zero_heads
Header/h22/Header_h22_f000054_t0.900.txt,10,0,0,many_players_zero_heads
Header/h22/Header_h22_f000060_t1.000.txt,12,0,0,many_players_zero_heads
Header/h22/Header_h22_f000066_t1.100.txt,10,0,0,many_players_zero_heads
Header/h22/Header_h22_f000072_t1.200.txt,9,0,0,many_players_zero_heads
Header/h22/Header_h22_f000078_t1.300.txt,10,0,0,many_players_zero_heads
Header/h22/Header_h22_f000084_t1.400.txt,11,0,0,many_players_zero_heads
Header/h22/Header_h22_f000090_t1.500.txt,11,0,0,many_players_zero_heads
Header/h22/Header_h22_f000096_t1.600.txt,14,0,0,many_players_zero_heads
Header/h22/Header_h22_f000102_t1.700.txt,13,0,0,many_players_zero_heads
Header/h22/Header_h22_f000108_t1.800.txt,14,0,0,many_players_zero_heads
Header/h22/Header_h22_f000114_t1.900.txt,14,0,0,many_players_zero_heads
Header/h22/Header_h22_f000126_t2.100.txt,13,0,0,many_players_zero_heads
Header/h22/Header_h22_f000132_t2.200.txt,12,0,0,many_players_zero_heads
Header/h22/Header_h22_f000138_t2.300.txt,12,0,0,many_players_zero_heads
Header/h22/Header_h22_f000144_t2.400.txt,13,0,0,many_players_zero_heads
Header/h22/Header_h22_f000168_t2.800.txt,10,1,6,ball_larger_than_head
Header/h23/Header_h23_f000012_t0.200.txt,12,1,0,many_players_zero_heads
Header/h23/Header_h23_f000018_t0.300.txt,12,1,0,many_players_zero_heads
Header/h23/Header_h23_f000024_t0.400.txt,12,0,0,many_players_zero_heads
Header/h23/Header_h23_f000030_t0.500.txt,12,0,0,many_players_zero_heads
Header/h23/Header_h23_f000036_t0.600.txt,12,0,0,many_players_zero_heads
Header/h23/Header_h23_f000042_t0.700.txt,12,0,0,many_players_zero_heads
Header/h23/Header_h23_f000048_t0.800.txt,12,0,0,many_players_zero_heads
Header/h23/Header_h23_f000054_t0.900.txt,12,0,0,many_players_zero_heads
Header/h23/Header_h23_f000060_t1.000.txt,12,0,0,many_players_zero_heads
Header/h23/Header_h23_f000066_t1.100.txt,11,0,0,many_players_zero_heads
Header/h23/Header_h23_f000072_t1.200.txt,11,0,0,many_players_zero_heads
Header/h23/Header_h23_f000078_t1.300.txt,10,0,0,many_players_zero_heads
Header/h23/Header_h23_f000084_t1.400.txt,10,1,0,many_players_zero_heads
Header/h23/Header_h23_f000090_t1.500.txt,9,0,0,many_players_zero_heads
Header/h23/Header_h23_f000096_t1.600.txt,11,0,0,many_players_zero_heads
Header/h23/Header_h23_f000102_t1.700.txt,9,0,0,many_players_zero_heads
Header/h23/Header_h23_f000108_t1.800.txt,10,0,0,many_players_zero_heads
Header/h23/Header_h23_f000114_t1.900.txt,12,0,0,many_players_zero_heads
Header/h23/Header_h23_f000120_t2.000.txt,9,0,0,many_players_zero_heads
Header/h23/Header_h23_f000126_t2.100.txt,12,1,0,many_players_zero_heads
Header/h23/Header_h23_f000132_t2.200.txt,10,0,0,many_players_zero_heads
Header/h23/Header_h23_f000138_t2.300.txt,9,0,0,many_players_zero_heads
Header/h23/Header_h23_f000144_t2.400.txt,10,0,0,many_players_zero_heads
Header/h23/Header_h23_f000150_t2.500.txt,10,0,0,many_players_zero_heads
Header/h23/Header_h23_f000156_t2.600.txt,8,0,0,many_players_zero_heads
Header/h23/Header_h23_f000162_t2.700.txt,9,0,0,many_players_zero_heads
Header/h23/Header_h23_f000168_t2.800.txt,9,0,0,many_players_zero_heads
Header/h23/Header_h23_f000174_t2.900.txt,10,1,0,many_players_zero_heads
Header/h23/Header_h23_f000180_t3.000.txt,8,0,0,many_players_zero_heads
Header/h23/Header_h23_f000186_t3.100.txt,8,1,0,many_players_zero_heads
Header/h23/Header_h23_f000192_t3.200.txt,8,1,0,many_players_zero_heads
Header/h23/Header_h23_f000198_t3.300.txt,8,0,0,many_players_zero_heads
Header/h23/Header_h23_f000204_t3.400.txt,8,0,0,many_players_zero_heads
Header/h23/Header_h23_f000210_t3.500.txt,8,0,0,many_players_zero_heads
Header/h23/Header_h23_f000216_t3.600.txt,9,0,0,many_players_zero_heads
Header/h23/Header_h23_f000222_t3.700.txt,8,1,0,many_players_zero_heads
Header/h23/Header_h23_f000228_t3.800.txt,8,0,0,many_players_zero_heads
Header/h23/Header_h23_f000234_t3.900.txt,8,0,0,many_players_zero_heads
Header/h23/Header_h23_f000240_t4.000.txt,8,1,0,many_players_zero_heads
Header/h23/Header_h23_f000246_t4.100.txt,8,0,0,many_players_zero_heads
Header/h23/Header_h23_f000252_t4.200.txt,8,0,0,many_players_zero_heads
Header/h23/Header_h23_f000258_t4.300.txt,8,0,0,many_players_zero_heads
Header/h23/Header_h23_f000264_t4.400.txt,9,0,0,many_players_zero_heads
Header/h23/Header_h23_f000270_t4.500.txt,9,0,0,many_players_zero_heads
Header/h23/Header_h23_f000276_t4.600.txt,9,0,0,many_players_zero_heads
Header/h23/Header_h23_f000282_t4.700.txt,9,0,0,many_players_zero_heads
Header/h23/Header_h23_f000288_t4.800.txt,9,0,0,many_players_zero_heads
Header/h23/Header_h23_f000294_t4.900.txt,9,0,0,many_players_zero_heads
Header/h23/Header_h23_f000300_t5.000.txt,8,0,0,many_players_zero_heads
Header/h24/Header_h24_f000000_t0.000.txt,7,1,0,many_players_zero_heads
Header/h24/Header_h24_f000006_t0.100.txt,7,1,0,many_players_zero_heads
Header/h24/Header_h24_f000012_t0.200.txt,8,1,0,many_players_zero_heads
Header/h24/Header_h24_f000018_t0.300.txt,7,1,0,many_players_zero_heads
Header/h24/Header_h24_f000024_t0.400.txt,17,0,0,many_players_zero_heads
Header/h24/Header_h24_f000030_t0.500.txt,18,0,0,many_players_zero_heads
Header/h24/Header_h24_f000036_t0.600.txt,18,0,0,many_players_zero_heads
Header/h24/Header_h24_f000042_t0.700.txt,17,0,0,many_players_zero_heads
Header/h24/Header_h24_f000048_t0.800.txt,17,0,0,many_players_zero_heads
Header/h24/Header_h24_f000054_t0.900.txt,17,0,0,many_players_zero_heads
Header/h24/Header_h24_f000060_t1.000.txt,16,0,0,many_players_zero_heads
Header/h24/Header_h24_f000066_t1.100.txt,15,0,0,many_players_zero_heads
Header/h24/Header_h24_f000072_t1.200.txt,14,0,0,many_players_zero_heads
Header/h24/Header_h24_f000078_t1.300.txt,13,0,0,many_players_zero_heads
Header/h24/Header_h24_f000084_t1.400.txt,12,0,0,many_players_zero_heads
Header/h24/Header_h24_f000090_t1.500.txt,11,0,0,many_players_zero_heads
Header/h24/Header_h24_f000096_t1.600.txt,15,0,0,many_players_zero_heads
Header/h24/Header_h24_f000102_t1.700.txt,15,0,0,many_players_zero_heads
Header/h24/Header_h24_f000108_t1.800.txt,14,0,0,many_players_zero_heads
Header/h24/Header_h24_f000114_t1.900.txt,14,1,0,many_players_zero_heads
Header/h24/Header_h24_f000120_t2.000.txt,13,1,0,many_players_zero_heads
Header/h24/Header_h24_f000126_t2.100.txt,14,0,0,many_players_zero_heads
Header/h24/Header_h24_f000132_t2.200.txt,13,0,0,many_players_zero_heads
Header/h24/Header_h24_f000138_t2.300.txt,11,0,0,many_players_zero_heads
Header/h24/Header_h24_f000144_t2.400.txt,14,0,0,many_players_zero_heads
Header/h24/Header_h24_f000150_t2.500.txt,14,0,0,many_players_zero_heads
Header/h24/Header_h24_f000156_t2.600.txt,14,0,0,many_players_zero_heads
Header/h24/Header_h24_f000162_t2.700.txt,14,0,0,many_players_zero_heads
Header/h24/Header_h24_f000168_t2.800.txt,13,0,0,many_players_zero_heads
Header/h24/Header_h24_f000174_t2.900.txt,13,0,0,many_players_zero_heads
Header/h24/Header_h24_f000180_t3.000.txt,13,0,0,many_players_zero_heads
Header/h24/Header_h24_f000186_t3.100.txt,12,0,0,many_players_zero_heads
Header/h24/Header_h24_f000192_t3.200.txt,12,0,0,many_players_zero_heads
Header/h24/Header_h24_f000198_t3.300.txt,12,0,0,many_players_zero_heads
Header/h24/Header_h24_f000204_t3.400.txt,11,0,0,many_players_zero_heads
Header/h24/Header_h24_f000210_t3.500.txt,11,0,0,many_players_zero_heads
Header/h24/Header_h24_f000216_t3.600.txt,11,0,0,many_players_zero_heads
Header/h24/Header_h24_f000222_t3.700.txt,9,0,0,many_players_zero_heads
Header/h24/Header_h24_f000228_t3.800.txt,9,0,0,many_players_zero_heads
Header/h24/Header_h24_f000234_t3.900.txt,9,0,0,many_players_zero_heads
Header/h24/Header_h24_f000240_t4.000.txt,8,0,0,many_players_zero_heads
Header/h25/Header_h25_f000000_t0.000.txt,11,0,0,many_players_zero_heads
Header/h25/Header_h25_f000006_t0.100.txt,11,0,0,many_players_zero_heads
Header/h25/Header_h25_f000012_t0.200.txt,11,0,0,many_players_zero_heads
Header/h25/Header_h25_f000018_t0.300.txt,11,0,0,many_players_zero_heads
Header/h25/Header_h25_f000024_t0.400.txt,12,0,0,many_players_zero_heads
Header/h25/Header_h25_f000030_t0.500.txt,12,0,0,many_players_zero_heads
Header/h25/Header_h25_f000036_t0.600.txt,10,0,0,many_players_zero_heads
Header/h25/Header_h25_f000042_t0.700.txt,11,1,0,many_players_zero_heads
Header/h25/Header_h25_f000048_t0.800.txt,12,0,0,many_players_zero_heads
Header/h25/Header_h25_f000054_t0.900.txt,12,0,0,many_players_zero_heads
Header/h25/Header_h25_f000060_t1.000.txt,12,0,0,many_players_zero_heads
Header/h25/Header_h25_f000066_t1.100.txt,11,1,0,many_players_zero_heads
Header/h25/Header_h25_f000072_t1.200.txt,11,0,0,many_players_zero_heads
Header/h25/Header_h25_f000078_t1.300.txt,12,0,0,many_players_zero_heads
Header/h25/Header_h25_f000084_t1.400.txt,12,0,0,many_players_zero_heads
Header/h25/Header_h25_f000090_t1.500.txt,14,0,0,many_players_zero_heads
Header/h25/Header_h25_f000096_t1.600.txt,12,0,0,many_players_zero_heads
Header/h25/Header_h25_f000102_t1.700.txt,13,0,0,many_players_zero_heads
Header/h25/Header_h25_f000108_t1.800.txt,13,0,0,many_players_zero_heads
Header/h25/Header_h25_f000114_t1.900.txt,12,0,0,many_players_zero_heads
Header/h25/Header_h25_f000120_t2.000.txt,13,0,0,many_players_zero_heads
Header/h25/Header_h25_f000126_t2.100.txt,12,0,0,many_players_zero_heads
Header/h25/Header_h25_f000186_t3.100.txt,8,1,2,ball_larger_than_head
Header/h26/Header_h26_f000000_t0.000.txt,15,0,0,many_players_zero_heads
Header/h26/Header_h26_f000006_t0.100.txt,14,0,0,many_players_zero_heads
Header/h26/Header_h26_f000012_t0.200.txt,16,0,0,many_players_zero_heads
Header/h26/Header_h26_f000018_t0.300.txt,16,0,0,many_players_zero_heads
Header/h26/Header_h26_f000024_t0.400.txt,15,0,0,many_players_zero_heads
Header/h26/Header_h26_f000030_t0.500.txt,13,0,0,many_players_zero_heads
Header/h26/Header_h26_f000036_t0.600.txt,14,0,0,many_players_zero_heads
Header/h26/Header_h26_f000042_t0.700.txt,14,0,0,many_players_zero_heads
Header/h26/Header_h26_f000048_t0.800.txt,14,0,0,many_players_zero_heads
Header/h26/Header_h26_f000054_t0.900.txt,13,0,0,many_players_zero_heads
Header/h26/Header_h26_f000060_t1.000.txt,14,0,0,many_players_zero_heads
Header/h26/Header_h26_f000066_t1.100.txt,14,0,0,many_players_zero_heads
Header/h26/Header_h26_f000072_t1.200.txt,14,0,0,many_players_zero_heads
Header/h26/Header_h26_f000078_t1.300.txt,15,0,0,many_players_zero_heads
Header/h26/Header_h26_f000084_t1.400.txt,12,0,0,many_players_zero_heads
Header/h26/Header_h26_f000090_t1.500.txt,11,0,0,many_players_zero_heads
Header/h26/Header_h26_f000096_t1.600.txt,11,0,0,many_players_zero_heads
Header/h26/Header_h26_f000102_t1.700.txt,11,0,0,many_players_zero_heads
Header/h26/Header_h26_f000108_t1.800.txt,11,0,0,many_players_zero_heads
Header/h26/Header_h26_f000114_t1.900.txt,9,0,0,many_players_zero_heads
Header/h26/Header_h26_f000120_t2.000.txt,10,0,0,many_players_zero_heads
Header/h26/Header_h26_f000126_t2.100.txt,12,0,0,many_players_zero_heads
Header/h26/Header_h26_f000132_t2.200.txt,11,0,0,many_players_zero_heads
Header/h26/Header_h26_f000138_t2.300.txt,14,0,0,many_players_zero_heads
Header/h26/Header_h26_f000144_t2.400.txt,12,0,0,many_players_zero_heads
Header/h26/Header_h26_f000150_t2.500.txt,12,0,0,many_players_zero_heads
Header/h26/Header_h26_f000156_t2.600.txt,11,0,0,many_players_zero_heads
Header/h26/Header_h26_f000162_t2.700.txt,11,1,0,many_players_zero_heads
Header/h26/Header_h26_f000168_t2.800.txt,9,1,0,many_players_zero_heads
Header/h26/Header_h26_f000174_t2.900.txt,8,0,0,many_players_zero_heads
Header/h26/Header_h26_f000180_t3.000.txt,10,0,0,many_players_zero_heads
Header/h26/Header_h26_f000186_t3.100.txt,11,0,0,many_players_zero_heads
Header/h26/Header_h26_f000192_t3.200.txt,11,0,0,many_players_zero_heads
Header/h26/Header_h26_f000198_t3.300.txt,10,0,0,many_players_zero_heads
Header/h26/Header_h26_f000204_t3.400.txt,10,0,0,many_players_zero_heads
Header/h26/Header_h26_f000210_t3.500.txt,9,0,0,many_players_zero_heads
Header/h26/Header_h26_f000216_t3.600.txt,10,0,0,many_players_zero_heads
Header/h26/Header_h26_f000228_t3.800.txt,8,0,0,many_players_zero_heads
Header/h26/Header_h26_f000240_t4.000.txt,7,0,0,many_players_zero_heads
Header/h26/Header_h26_f000246_t4.100.txt,9,1,0,many_players_zero_heads
Header/h26/Header_h26_f000252_t4.200.txt,9,1,0,many_players_zero_heads
Header/h26/Header_h26_f000258_t4.300.txt,9,1,0,many_players_zero_heads
Header/h26/Header_h26_f000264_t4.400.txt,10,1,0,many_players_zero_heads
Header/h26/Header_h26_f000270_t4.500.txt,10,1,0,many_players_zero_heads
Header/h26/Header_h26_f000276_t4.600.txt,8,1,0,many_players_zero_heads
Header/h27/Header_h27_f000000_t0.000.txt,13,1,0,many_players_zero_heads
Header/h27/Header_h27_f000006_t0.100.txt,15,0,0,many_players_zero_heads
Header/h27/Header_h27_f000012_t0.200.txt,13,0,0,many_players_zero_heads
Header/h27/Header_h27_f000018_t0.300.txt,14,1,0,many_players_zero_heads
Header/h27/Header_h27_f000024_t0.400.txt,14,1,0,many_players_zero_heads
Header/h27/Header_h27_f000030_t0.500.txt,13,0,0,many_players_zero_heads
Header/h27/Header_h27_f000036_t0.600.txt,14,1,0,many_players_zero_heads
Header/h27/Header_h27_f000042_t0.700.txt,14,1,0,many_players_zero_heads
Header/h27/Header_h27_f000048_t0.800.txt,13,1,0,many_players_zero_heads
Header/h27/Header_h27_f000054_t0.900.txt,12,1,0,many_players_zero_heads
Header/h27/Header_h27_f000060_t1.000.txt,10,1,0,many_players_zero_heads
Header/h27/Header_h27_f000066_t1.100.txt,12,1,0,many_players_zero_heads
Header/h27/Header_h27_f000072_t1.200.txt,12,1,0,many_players_zero_heads
Header/h27/Header_h27_f000078_t1.300.txt,11,1,0,many_players_zero_heads
Header/h27/Header_h27_f000084_t1.400.txt,12,1,0,many_players_zero_heads
Header/h27/Header_h27_f000090_t1.500.txt,11,1,0,many_players_zero_heads
Header/h27/Header_h27_f000096_t1.600.txt,11,1,0,many_players_zero_heads
Header/h27/Header_h27_f000102_t1.700.txt,12,1,0,many_players_zero_heads
Header/h27/Header_h27_f000108_t1.800.txt,12,0,0,many_players_zero_heads
Header/h27/Header_h27_f000114_t1.900.txt,10,1,0,many_players_zero_heads
Header/h27/Header_h27_f000120_t2.000.txt,11,0,0,many_players_zero_heads
Header/h27/Header_h27_f000126_t2.100.txt,13,0,0,many_players_zero_heads
Header/h27/Header_h27_f000132_t2.200.txt,12,1,0,many_players_zero_heads
Header/h27/Header_h27_f000138_t2.300.txt,12,1,0,many_players_zero_heads
Header/h27/Header_h27_f000144_t2.400.txt,12,0,0,many_players_zero_heads
Header/h27/Header_h27_f000150_t2.500.txt,10,0,0,many_players_zero_heads
Header/h27/Header_h27_f000156_t2.600.txt,12,1,0,many_players_zero_heads
Header/h27/Header_h27_f000162_t2.700.txt,13,0,0,many_players_zero_heads
Header/h27/Header_h27_f000168_t2.800.txt,13,1,0,many_players_zero_heads
Header/h27/Header_h27_f000174_t2.900.txt,11,1,0,many_players_zero_heads
Header/h27/Header_h27_f000180_t3.000.txt,12,1,0,many_players_zero_heads
Header/h27/Header_h27_f000186_t3.100.txt,11,1,0,many_players_zero_heads
Header/h27/Header_h27_f000192_t3.200.txt,13,1,0,many_players_zero_heads
Header/h27/Header_h27_f000198_t3.300.txt,13,0,0,many_players_zero_heads
Header/h27/Header_h27_f000204_t3.400.txt,12,0,0,many_players_zero_heads
Header/h27/Header_h27_f000210_t3.500.txt,12,0,0,many_players_zero_heads
Header/h27/Header_h27_f000222_t3.700.txt,10,0,0,many_players_zero_heads
Header/h27/Header_h27_f000228_t3.800.txt,11,0,0,many_players_zero_heads
Header/h27/Header_h27_f000234_t3.900.txt,10,1,0,many_players_zero_heads
Header/h28/Header_h28_f000030_t0.500.txt,6,1,6,ball_larger_than_head
Header/h28/Header_h28_f000036_t0.600.txt,7,1,6,ball_larger_than_head
Header/h28/Header_h28_f000042_t0.700.txt,8,1,6,ball_larger_than_head
Header/h28/Header_h28_f000048_t0.800.txt,6,1,4,ball_larger_than_head
Header/h28/Header_h28_f000054_t0.900.txt,5,1,5,ball_larger_than_head
Header/h28/Header_h28_f000066_t1.100.txt,6,1,5,ball_larger_than_head
Header/h28/Header_h28_f000072_t1.200.txt,6,1,5,ball_larger_than_head
Header/h28/Header_h28_f000078_t1.300.txt,6,1,5,ball_larger_than_head
Header/h28/Header_h28_f000096_t1.600.txt,6,1,4,ball_larger_than_head
Header/h28/Header_h28_f000102_t1.700.txt,7,1,5,ball_larger_than_head
Header/h28/Header_h28_f000108_t1.800.txt,6,1,5,ball_larger_than_head
Header/h28/Header_h28_f000114_t1.900.txt,7,1,6,ball_larger_than_head
Header/h28/Header_h28_f000126_t2.100.txt,7,1,6,ball_larger_than_head
Header/h28/Header_h28_f000138_t2.300.txt,7,1,6,ball_larger_than_head
Header/h28/Header_h28_f000144_t2.400.txt,8,1,5,ball_larger_than_head
Header/h28/Header_h28_f000174_t2.900.txt,6,1,6,ball_larger_than_head
Header/h28/Header_h28_f000192_t3.200.txt,9,1,8,ball_larger_than_head
Header/h28/Header_h28_f000204_t3.400.txt,9,1,7,ball_larger_than_head
Header/h28/Header_h28_f000216_t3.600.txt,10,1,9,ball_larger_than_head
Header/h28/Header_h28_f000234_t3.900.txt,8,1,6,ball_larger_than_head
Header/h28/Header_h28_f000240_t4.000.txt,9,1,6,ball_larger_than_head
Header/h28/Header_h28_f000246_t4.100.txt,7,1,6,ball_larger_than_head
Header/h28/Header_h28_f000252_t4.200.txt,7,1,6,ball_larger_than_head
Header/h28/Header_h28_f000258_t4.300.txt,7,1,6,ball_larger_than_head
Header/h28/Header_h28_f000264_t4.400.txt,8,1,7,ball_larger_than_head
Header/h28/Header_h28_f000270_t4.500.txt,9,1,8,ball_larger_than_head
Header/h28/Header_h28_f000282_t4.700.txt,10,1,10,ball_larger_than_head
Header/h28/Header_h28_f000288_t4.800.txt,9,1,9,ball_larger_than_head
Header/h28/Header_h28_f000300_t5.000.txt,9,1,9,ball_larger_than_head
Header/h28/Header_h28_f000306_t5.100.txt,9,1,8,ball_larger_than_head
Header/h28/Header_h28_f000312_t5.200.txt,10,1,8,ball_larger_than_head
Header/h28/Header_h28_f000318_t5.300.txt,13,1,8,ball_larger_than_head
Header/h28/Header_h28_f000324_t5.400.txt,8,1,7,ball_larger_than_head
Header/h28/Header_h28_f000336_t5.600.txt,8,1,4,ball_larger_than_head
Header/h29/Header_h29_f000000_t0.000.txt,13,0,0,many_players_zero_heads
Header/h29/Header_h29_f000006_t0.100.txt,13,0,0,many_players_zero_heads
Header/h29/Header_h29_f000012_t0.200.txt,13,0,0,many_players_zero_heads
Header/h29/Header_h29_f000018_t0.300.txt,11,0,0,many_players_zero_heads
Header/h29/Header_h29_f000024_t0.400.txt,12,0,0,many_players_zero_heads
Header/h29/Header_h29_f000030_t0.500.txt,12,0,0,many_players_zero_heads
Header/h29/Header_h29_f000036_t0.600.txt,12,0,0,many_players_zero_heads
Header/h29/Header_h29_f000042_t0.700.txt,13,0,0,many_players_zero_heads
Header/h29/Header_h29_f000048_t0.800.txt,13,0,0,many_players_zero_heads
Header/h29/Header_h29_f000054_t0.900.txt,12,0,0,many_players_zero_heads
Header/h29/Header_h29_f000060_t1.000.txt,12,0,0,many_players_zero_heads
Header/h29/Header_h29_f000066_t1.100.txt,13,0,0,many_players_zero_heads
Header/h29/Header_h29_f000072_t1.200.txt,13,0,0,many_players_zero_heads
Header/h29/Header_h29_f000078_t1.300.txt,13,0,0,many_players_zero_heads
Header/h29/Header_h29_f000084_t1.400.txt,12,0,0,many_players_zero_heads
Header/h29/Header_h29_f000090_t1.500.txt,12,0,0,many_players_zero_heads
Header/h29/Header_h29_f000096_t1.600.txt,12,0,0,many_players_zero_heads
Header/h29/Header_h29_f000102_t1.700.txt,12,0,0,many_players_zero_heads
Header/h29/Header_h29_f000108_t1.800.txt,11,0,0,many_players_zero_heads
Header/h29/Header_h29_f000114_t1.900.txt,11,0,0,many_players_zero_heads
Header/h29/Header_h29_f000120_t2.000.txt,11,0,0,many_players_zero_heads
Header/h29/Header_h29_f000126_t2.100.txt,11,0,0,many_players_zero_heads
Header/h29/Header_h29_f000132_t2.200.txt,10,0,0,many_players_zero_heads
Header/h29/Header_h29_f000138_t2.300.txt,11,0,0,many_players_zero_heads
Header/h29/Header_h29_f000144_t2.400.txt,10,0,0,many_players_zero_heads
Header/h29/Header_h29_f000150_t2.500.txt,10,0,0,many_players_zero_heads
Header/h29/Header_h29_f000162_t2.700.txt,10,0,0,many_players_zero_heads
Header/h29/Header_h29_f000180_t3.000.txt,10,0,0,many_players_zero_heads
Header/h3/Header_h3_f000000_t0.000.txt,12,0,0,many_players_zero_heads
Header/h3/Header_h3_f000006_t0.100.txt,14,0,0,many_players_zero_heads
Header/h3/Header_h3_f000012_t0.200.txt,15,0,0,many_players_zero_heads
Header/h3/Header_h3_f000018_t0.300.txt,13,0,0,many_players_zero_heads
Header/h3/Header_h3_f000024_t0.400.txt,12,0,0,many_players_zero_heads
Header/h3/Header_h3_f000042_t0.700.txt,13,1,0,many_players_zero_heads
Header/h3/Header_h3_f000186_t3.100.txt,14,0,0,many_players_zero_heads
Header/h3/Header_h3_f000192_t3.200.txt,14,0,0,many_players_zero_heads
Header/h30/Header_h30_f000000_t0.000.txt,9,0,0,many_players_zero_heads
Header/h30/Header_h30_f000006_t0.100.txt,10,0,0,many_players_zero_heads
Header/h30/Header_h30_f000012_t0.200.txt,10,0,0,many_players_zero_heads
Header/h30/Header_h30_f000018_t0.300.txt,10,0,0,many_players_zero_heads
Header/h30/Header_h30_f000030_t0.500.txt,11,0,0,many_players_zero_heads
Header/h30/Header_h30_f000036_t0.600.txt,12,0,0,many_players_zero_heads
Header/h30/Header_h30_f000042_t0.700.txt,11,0,0,many_players_zero_heads
Header/h30/Header_h30_f000048_t0.800.txt,10,1,0,many_players_zero_heads
Header/h30/Header_h30_f000054_t0.900.txt,9,0,0,many_players_zero_heads
Header/h30/Header_h30_f000060_t1.000.txt,9,0,0,many_players_zero_heads
Header/h30/Header_h30_f000066_t1.100.txt,9,0,0,many_players_zero_heads
Header/h30/Header_h30_f000072_t1.200.txt,9,0,0,many_players_zero_heads
Header/h30/Header_h30_f000078_t1.300.txt,8,0,0,many_players_zero_heads
Header/h30/Header_h30_f000084_t1.400.txt,9,0,0,many_players_zero_heads
Header/h30/Header_h30_f000090_t1.500.txt,8,0,0,many_players_zero_heads
Header/h30/Header_h30_f000096_t1.600.txt,8,0,0,many_players_zero_heads
Header/h30/Header_h30_f000150_t2.500.txt,10,0,0,many_players_zero_heads
Header/h30/Header_h30_f000156_t2.600.txt,9,0,0,many_players_zero_heads
Header/h30/Header_h30_f000228_t3.800.txt,9,0,0,many_players_zero_heads
Header/h30/Header_h30_f000234_t3.900.txt,8,0,0,many_players_zero_heads
Header/h30/Header_h30_f000270_t4.500.txt,8,1,3,ball_larger_than_head
Header/h31/Header_h31_f000024_t0.400.txt,17,0,0,many_players_zero_heads
Header/h31/Header_h31_f000030_t0.500.txt,16,0,0,many_players_zero_heads
Header/h31/Header_h31_f000036_t0.600.txt,17,0,0,many_players_zero_heads
Header/h31/Header_h31_f000042_t0.700.txt,15,0,0,many_players_zero_heads
Header/h31/Header_h31_f000048_t0.800.txt,16,0,0,many_players_zero_heads
Header/h31/Header_h31_f000054_t0.900.txt,16,0,0,many_players_zero_heads
Header/h31/Header_h31_f000060_t1.000.txt,18,0,0,many_players_zero_heads
Header/h31/Header_h31_f000066_t1.100.txt,17,0,0,many_players_zero_heads
Header/h31/Header_h31_f000072_t1.200.txt,16,0,0,many_players_zero_heads
Header/h31/Header_h31_f000078_t1.300.txt,16,0,0,many_players_zero_heads
Header/h31/Header_h31_f000084_t1.400.txt,15,0,0,many_players_zero_heads
Header/h31/Header_h31_f000090_t1.500.txt,11,0,0,many_players_zero_heads
Header/h31/Header_h31_f000096_t1.600.txt,12,0,0,many_players_zero_heads
Header/h31/Header_h31_f000102_t1.700.txt,13,0,0,many_players_zero_heads
Header/h31/Header_h31_f000108_t1.800.txt,10,0,0,many_players_zero_heads
Header/h31/Header_h31_f000114_t1.900.txt,11,1,0,many_players_zero_heads
Header/h31/Header_h31_f000120_t2.000.txt,12,0,0,many_players_zero_heads
Header/h31/Header_h31_f000126_t2.100.txt,13,0,0,many_players_zero_heads
Header/h31/Header_h31_f000132_t2.200.txt,12,0,0,many_players_zero_heads
Header/h31/Header_h31_f000138_t2.300.txt,12,0,0,many_players_zero_heads
Header/h31/Header_h31_f000144_t2.400.txt,11,1,0,many_players_zero_heads
Header/h31/Header_h31_f000150_t2.500.txt,11,0,0,many_players_zero_heads
Header/h31/Header_h31_f000156_t2.600.txt,10,1,0,many_players_zero_heads
Header/h31/Header_h31_f000234_t3.900.txt,10,1,8,ball_larger_than_head
Header/h31/Header_h31_f000282_t4.700.txt,10,1,6,ball_larger_than_head
Header/h32/Header_h32_f000030_t0.500.txt,4,0,0,many_players_zero_heads
Header/h32/Header_h32_f000036_t0.600.txt,4,0,0,many_players_zero_heads
Header/h32/Header_h32_f000042_t0.700.txt,4,0,0,many_players_zero_heads
Header/h32/Header_h32_f000048_t0.800.txt,4,0,0,many_players_zero_heads
Header/h32/Header_h32_f000054_t0.900.txt,3,0,0,many_players_zero_heads
Header/h32/Header_h32_f000060_t1.000.txt,5,0,0,many_players_zero_heads
Header/h32/Header_h32_f000066_t1.100.txt,3,0,0,many_players_zero_heads
Header/h32/Header_h32_f000072_t1.200.txt,4,0,0,many_players_zero_heads
Header/h32/Header_h32_f000078_t1.300.txt,6,0,0,many_players_zero_heads
Header/h32/Header_h32_f000084_t1.400.txt,6,0,0,many_players_zero_heads
Header/h32/Header_h32_f000090_t1.500.txt,8,0,0,many_players_zero_heads
Header/h32/Header_h32_f000096_t1.600.txt,8,0,0,many_players_zero_heads
Header/h32/Header_h32_f000102_t1.700.txt,10,0,0,many_players_zero_heads
Header/h32/Header_h32_f000108_t1.800.txt,10,0,0,many_players_zero_heads
Header/h32/Header_h32_f000114_t1.900.txt,9,0,0,many_players_zero_heads
Header/h32/Header_h32_f000120_t2.000.txt,7,0,0,many_players_zero_heads
Header/h32/Header_h32_f000126_t2.100.txt,9,0,0,many_players_zero_heads
Header/h32/Header_h32_f000132_t2.200.txt,10,0,0,many_players_zero_heads
Header/h32/Header_h32_f000138_t2.300.txt,7,0,0,many_players_zero_heads
Header/h32/Header_h32_f000144_t2.400.txt,11,0,0,many_players_zero_heads
Header/h32/Header_h32_f000150_t2.500.txt,11,0,0,many_players_zero_heads
Header/h32/Header_h32_f000156_t2.600.txt,13,0,0,many_players_zero_heads
Header/h32/Header_h32_f000162_t2.700.txt,12,0,0,many_players_zero_heads
Header/h32/Header_h32_f000168_t2.800.txt,15,1,0,many_players_zero_heads
Header/h32/Header_h32_f000174_t2.900.txt,13,0,0,many_players_zero_heads
Header/h32/Header_h32_f000180_t3.000.txt,12,1,0,many_players_zero_heads
Header/h32/Header_h32_f000192_t3.200.txt,13,0,0,many_players_zero_heads
Header/h32/Header_h32_f000198_t3.300.txt,12,0,0,many_players_zero_heads
Header/h32/Header_h32_f000204_t3.400.txt,15,0,0,many_players_zero_heads
Header/h32/Header_h32_f000210_t3.500.txt,13,0,0,many_players_zero_heads
Header/h32/Header_h32_f000216_t3.600.txt,13,0,0,many_players_zero_heads
Header/h32/Header_h32_f000234_t3.900.txt,14,0,0,many_players_zero_heads
Header/h32/Header_h32_f000246_t4.100.txt,12,0,0,many_players_zero_heads
Header/h33/Header_h33_f000000_t0.000.txt,14,1,0,many_players_zero_heads
Header/h33/Header_h33_f000006_t0.100.txt,12,1,0,many_players_zero_heads
Header/h33/Header_h33_f000012_t0.200.txt,13,1,0,many_players_zero_heads
Header/h33/Header_h33_f000018_t0.300.txt,12,1,0,many_players_zero_heads
Header/h33/Header_h33_f000024_t0.400.txt,14,1,0,many_players_zero_heads
Header/h33/Header_h33_f000030_t0.500.txt,13,0,0,many_players_zero_heads
Header/h33/Header_h33_f000036_t0.600.txt,15,1,0,many_players_zero_heads
Header/h33/Header_h33_f000042_t0.700.txt,15,1,0,many_players_zero_heads
Header/h33/Header_h33_f000048_t0.800.txt,15,1,0,many_players_zero_heads
Header/h33/Header_h33_f000054_t0.900.txt,15,1,0,many_players_zero_heads
Header/h33/Header_h33_f000060_t1.000.txt,16,0,0,many_players_zero_heads
Header/h33/Header_h33_f000066_t1.100.txt,17,1,0,many_players_zero_heads
Header/h33/Header_h33_f000072_t1.200.txt,15,0,0,many_players_zero_heads
Header/h33/Header_h33_f000078_t1.300.txt,16,0,0,many_players_zero_heads
Header/h33/Header_h33_f000084_t1.400.txt,16,0,0,many_players_zero_heads
Header/h33/Header_h33_f000090_t1.500.txt,17,0,0,many_players_zero_heads
Header/h33/Header_h33_f000096_t1.600.txt,17,0,0,many_players_zero_heads
Header/h33/Header_h33_f000102_t1.700.txt,16,0,0,many_players_zero_heads
Header/h33/Header_h33_f000108_t1.800.txt,17,0,0,many_players_zero_heads
Header/h33/Header_h33_f000114_t1.900.txt,18,0,0,many_players_zero_heads
Header/h33/Header_h33_f000120_t2.000.txt,18,1,0,many_players_zero_heads
Header/h33/Header_h33_f000126_t2.100.txt,17,0,0,many_players_zero_heads
Header/h33/Header_h33_f000132_t2.200.txt,18,0,0,many_players_zero_heads
Header/h33/Header_h33_f000138_t2.300.txt,18,0,0,many_players_zero_heads
Header/h33/Header_h33_f000144_t2.400.txt,19,0,0,many_players_zero_heads
Header/h33/Header_h33_f000150_t2.500.txt,17,0,0,many_players_zero_heads
Header/h33/Header_h33_f000156_t2.600.txt,18,0,0,many_players_zero_heads
Header/h33/Header_h33_f000162_t2.700.txt,18,0,0,many_players_zero_heads
Header/h33/Header_h33_f000168_t2.800.txt,15,1,0,many_players_zero_heads
Header/h33/Header_h33_f000174_t2.900.txt,16,1,0,many_players_zero_heads
Header/h33/Header_h33_f000180_t3.000.txt,15,1,0,many_players_zero_heads
Header/h33/Header_h33_f000186_t3.100.txt,14,0,0,many_players_zero_heads
Header/h33/Header_h33_f000192_t3.200.txt,16,0,0,many_players_zero_heads
Header/h33/Header_h33_f000198_t3.300.txt,16,0,0,many_players_zero_heads
Header/h33/Header_h33_f000204_t3.400.txt,17,0,0,many_players_zero_heads
Header/h33/Header_h33_f000210_t3.500.txt,16,0,0,many_players_zero_heads
Header/h33/Header_h33_f000216_t3.600.txt,17,0,0,many_players_zero_heads
Header/h33/Header_h33_f000222_t3.700.txt,16,0,0,many_players_zero_heads
Header/h33/Header_h33_f000228_t3.800.txt,18,0,0,many_players_zero_heads
Header/h33/Header_h33_f000234_t3.900.txt,16,0,0,many_players_zero_heads
Header/h33/Header_h33_f000240_t4.000.txt,18,0,0,many_players_zero_heads
Header/h33/Header_h33_f000246_t4.100.txt,13,0,0,many_players_zero_heads
Header/h33/Header_h33_f000252_t4.200.txt,16,0,0,many_players_zero_heads
Header/h33/Header_h33_f000258_t4.300.txt,15,0,0,many_players_zero_heads
Header/h33/Header_h33_f000264_t4.400.txt,15,0,0,many_players_zero_heads
Header/h33/Header_h33_f000270_t4.500.txt,15,0,0,many_players_zero_heads
Header/h33/Header_h33_f000276_t4.600.txt,15,0,0,many_players_zero_heads
Header/h33/Header_h33_f000282_t4.700.txt,15,0,0,many_players_zero_heads
Header/h33/Header_h33_f000300_t5.000.txt,12,0,0,many_players_zero_heads
Header/h33/Header_h33_f000324_t5.400.txt,13,0,0,many_players_zero_heads
Header/h33/Header_h33_f000420_t7.000.txt,8,1,8,ball_larger_than_head
Header/h33/Header_h33_f000426_t7.100.txt,8,1,8,ball_larger_than_head
Header/h33/Header_h33_f000462_t7.700.txt,8,1,7,ball_larger_than_head
Header/h35/Header_h35_f000000_t0.000.txt,7,1,6,ball_larger_than_head
Header/h35/Header_h35_f000006_t0.100.txt,8,1,6,ball_larger_than_head
Header/h35/Header_h35_f000012_t0.200.txt,8,1,6,ball_larger_than_head
Header/h35/Header_h35_f000018_t0.300.txt,7,1,6,ball_larger_than_head
Header/h35/Header_h35_f000024_t0.400.txt,7,1,6,ball_larger_than_head
Header/h35/Header_h35_f000030_t0.500.txt,6,1,5,ball_larger_than_head
Header/h35/Header_h35_f000036_t0.600.txt,5,1,5,ball_larger_than_head
Header/h35/Header_h35_f000042_t0.700.txt,5,1,3,ball_larger_than_head
Header/h35/Header_h35_f000048_t0.800.txt,4,1,3,ball_larger_than_head
Header/h35/Header_h35_f000054_t0.900.txt,5,1,4,ball_larger_than_head
Header/h35/Header_h35_f000060_t1.000.txt,7,1,4,ball_larger_than_head
Header/h35/Header_h35_f000066_t1.100.txt,6,1,4,ball_larger_than_head
Header/h35/Header_h35_f000072_t1.200.txt,6,1,4,ball_larger_than_head
Header/h35/Header_h35_f000084_t1.400.txt,4,1,0,many_players_zero_heads
Header/h35/Header_h35_f000090_t1.500.txt,3,1,0,many_players_zero_heads
Header/h35/Header_h35_f000240_t4.000.txt,3,1,3,ball_larger_than_head
Header/h35/Header_h35_f000246_t4.100.txt,4,1,3,ball_larger_than_head
Header/h35/Header_h35_f000252_t4.200.txt,4,1,3,ball_larger_than_head
Header/h35/Header_h35_f000276_t4.600.txt,4,1,3,ball_larger_than_head
Header/h35/Header_h35_f000294_t4.900.txt,3,1,3,ball_larger_than_head
Header/h35/Header_h35_f000300_t5.000.txt,3,1,3,ball_larger_than_head
Header/h36/Header_h36_f000000_t0.000.txt,0,0,0,zero_players
Header/h36/Header_h36_f000006_t0.100.txt,0,0,0,zero_players
Header/h36/Header_h36_f000042_t0.700.txt,12,0,0,many_players_zero_heads
Header/h36/Header_h36_f000054_t0.900.txt,16,0,0,many_players_zero_heads
Header/h36/Header_h36_f000060_t1.000.txt,15,0,0,many_players_zero_heads
Header/h36/Header_h36_f000066_t1.100.txt,17,0,0,many_players_zero_heads
Header/h36/Header_h36_f000072_t1.200.txt,15,0,0,many_players_zero_heads
Header/h36/Header_h36_f000078_t1.300.txt,13,0,0,many_players_zero_heads
Header/h36/Header_h36_f000084_t1.400.txt,14,0,0,many_players_zero_heads
Header/h36/Header_h36_f000090_t1.500.txt,13,0,0,many_players_zero_heads
Header/h36/Header_h36_f000096_t1.600.txt,13,0,0,many_players_zero_heads
Header/h36/Header_h36_f000102_t1.700.txt,14,0,0,many_players_zero_heads
Header/h36/Header_h36_f000108_t1.800.txt,14,0,0,many_players_zero_heads
Header/h36/Header_h36_f000114_t1.900.txt,14,0,0,many_players_zero_heads
Header/h36/Header_h36_f000120_t2.000.txt,13,0,0,many_players_zero_heads
Header/h36/Header_h36_f000126_t2.100.txt,13,0,0,many_players_zero_heads
Header/h36/Header_h36_f000132_t2.200.txt,13,0,0,many_players_zero_heads
Header/h36/Header_h36_f000138_t2.300.txt,13,0,0,many_players_zero_heads
Header/h36/Header_h36_f000144_t2.400.txt,14,0,0,many_players_zero_heads
Header/h36/Header_h36_f000150_t2.500.txt,14,0,0,many_players_zero_heads
Header/h36/Header_h36_f000156_t2.600.txt,14,0,0,many_players_zero_heads
Header/h36/Header_h36_f000162_t2.700.txt,14,1,0,many_players_zero_heads
Header/h36/Header_h36_f000168_t2.800.txt,14,0,0,many_players_zero_heads
Header/h36/Header_h36_f000174_t2.900.txt,13,0,0,many_players_zero_heads
Header/h36/Header_h36_f000180_t3.000.txt,13,1,0,many_players_zero_heads
Header/h36/Header_h36_f000186_t3.100.txt,13,0,0,many_players_zero_heads
Header/h36/Header_h36_f000192_t3.200.txt,13,1,0,many_players_zero_heads
Header/h36/Header_h36_f000198_t3.300.txt,12,0,0,many_players_zero_heads
Header/h36/Header_h36_f000204_t3.400.txt,13,0,0,many_players_zero_heads
Header/h36/Header_h36_f000210_t3.500.txt,13,0,0,many_players_zero_heads
Header/h36/Header_h36_f000216_t3.600.txt,12,0,0,many_players_zero_heads
Header/h36/Header_h36_f000222_t3.700.txt,13,0,0,many_players_zero_heads
Header/h36/Header_h36_f000228_t3.800.txt,13,0,0,many_players_zero_heads
Header/h36/Header_h36_f000234_t3.900.txt,13,0,0,many_players_zero_heads
Header/h36/Header_h36_f000240_t4.000.txt,13,0,0,many_players_zero_heads
Header/h36/Header_h36_f000246_t4.100.txt,13,0,0,many_players_zero_heads
Header/h36/Header_h36_f000252_t4.200.txt,13,0,0,many_players_zero_heads
Header/h36/Header_h36_f000258_t4.300.txt,12,0,0,many_players_zero_heads
Header/h36/Header_h36_f000264_t4.400.txt,14,0,0,many_players_zero_heads
Header/h36/Header_h36_f000270_t4.500.txt,13,0,0,many_players_zero_heads
Header/h36/Header_h36_f000276_t4.600.txt,14,0,0,many_players_zero_heads
Header/h36/Header_h36_f000282_t4.700.txt,13,0,0,many_players_zero_heads
Header/h36/Header_h36_f000288_t4.800.txt,13,0,0,many_players_zero_heads
Header/h36/Header_h36_f000294_t4.900.txt,13,0,0,many_players_zero_heads
Header/h36/Header_h36_f000300_t5.000.txt,13,0,0,many_players_zero_heads
Header/h36/Header_h36_f000306_t5.100.txt,13,0,0,many_players_zero_heads
Header/h36/Header_h36_f000312_t5.200.txt,12,0,0,many_players_zero_heads
Header/h36/Header_h36_f000318_t5.300.txt,13,0,0,many_players_zero_heads
Header/h36/Header_h36_f000324_t5.400.txt,12,0,0,many_players_zero_heads
Header/h36/Header_h36_f000330_t5.500.txt,11,0,0,many_players_zero_heads
Header/h36/Header_h36_f000336_t5.600.txt,10,0,0,many_players_zero_heads
Header/h36/Header_h36_f000342_t5.700.txt,11,1,0,many_players_zero_heads
Header/h36/Header_h36_f000348_t5.800.txt,11,0,0,many_players_zero_heads
Header/h36/Header_h36_f000354_t5.900.txt,10,0,0,many_players_zero_heads
Header/h36/Header_h36_f000360_t6.000.txt,11,0,0,many_players_zero_heads
Header/h36/Header_h36_f000366_t6.100.txt,11,0,0,many_players_zero_heads
Header/h36/Header_h36_f000372_t6.200.txt,9,0,0,many_players_zero_heads
Header/h36/Header_h36_f000378_t6.300.txt,11,0,0,many_players_zero_heads
Header/h36/Header_h36_f000384_t6.400.txt,10,0,0,many_players_zero_heads
Header/h36/Header_h36_f000390_t6.500.txt,8,0,0,many_players_zero_heads
Header/h36/Header_h36_f000396_t6.600.txt,10,1,0,many_players_zero_heads
Header/h36/Header_h36_f000402_t6.700.txt,10,0,0,many_players_zero_heads
Header/h36/Header_h36_f000408_t6.800.txt,9,0,0,many_players_zero_heads
Header/h37/Header_h37_f000090_t1.500.txt,9,1,9,ball_larger_than_head
Header/h37/Header_h37_f000096_t1.600.txt,9,1,9,ball_larger_than_head
Header/h37/Header_h37_f000102_t1.700.txt,9,1,9,ball_larger_than_head
Header/h37/Header_h37_f000108_t1.800.txt,9,1,8,ball_larger_than_head
Header/h37/Header_h37_f000114_t1.900.txt,8,1,8,ball_larger_than_head
Header/h37/Header_h37_f000120_t2.000.txt,9,1,7,ball_larger_than_head
Header/h37/Header_h37_f000126_t2.100.txt,8,1,6,ball_larger_than_head
Header/h37/Header_h37_f000132_t2.200.txt,8,1,8,ball_larger_than_head
Header/h37/Header_h37_f000138_t2.300.txt,8,1,8,ball_larger_than_head
Header/h37/Header_h37_f000144_t2.400.txt,8,1,8,ball_larger_than_head
Header/h37/Header_h37_f000150_t2.500.txt,7,1,7,ball_larger_than_head
Header/h37/Header_h37_f000156_t2.600.txt,7,1,7,ball_larger_than_head
Header/h37/Header_h37_f000162_t2.700.txt,8,1,8,ball_larger_than_head
Header/h37/Header_h37_f000168_t2.800.txt,6,1,6,ball_larger_than_head
Header/h37/Header_h37_f000174_t2.900.txt,8,1,7,ball_larger_than_head
Header/h37/Header_h37_f000180_t3.000.txt,7,1,7,ball_larger_than_head
Header/h37/Header_h37_f000186_t3.100.txt,6,1,6,ball_larger_than_head
Header/h37/Header_h37_f000204_t3.400.txt,8,1,7,ball_larger_than_head
Header/h37/Header_h37_f000210_t3.500.txt,10,1,9,ball_larger_than_head
Header/h37/Header_h37_f000216_t3.600.txt,8,1,8,ball_larger_than_head
Header/h37/Header_h37_f000222_t3.700.txt,9,1,9,ball_larger_than_head
Header/h37/Header_h37_f000228_t3.800.txt,8,1,8,ball_larger_than_head
Header/h37/Header_h37_f000234_t3.900.txt,9,1,9,ball_larger_than_head
Header/h37/Header_h37_f000240_t4.000.txt,8,1,8,ball_larger_than_head
Header/h37/Header_h37_f000246_t4.100.txt,8,1,7,ball_larger_than_head
Header/h37/Header_h37_f000258_t4.300.txt,0,0,0,zero_players
Header/h37/Header_h37_f000264_t4.400.txt,0,0,0,zero_players
Header/h37/Header_h37_f000270_t4.500.txt,0,0,0,zero_players
Header/h37/Header_h37_f000276_t4.600.txt,0,0,0,zero_players
Header/h37/Header_h37_f000282_t4.700.txt,0,0,0,zero_players
Header/h37/Header_h37_f000288_t4.800.txt,0,0,0,zero_players
Header/h37/Header_h37_f000294_t4.900.txt,0,0,0,zero_players
Header/h37/Header_h37_f000300_t5.000.txt,0,0,0,zero_players
Header/h37/Header_h37_f000306_t5.100.txt,0,0,0,zero_players
Header/h37/Header_h37_f000312_t5.200.txt,0,0,0,zero_players
Header/h37/Header_h37_f000318_t5.300.txt,0,0,0,zero_players
Header/h37/Header_h37_f000324_t5.400.txt,0,0,0,zero_players
Header/h37/Header_h37_f000330_t5.500.txt,0,0,0,zero_players
Header/h37/Header_h37_f000336_t5.600.txt,0,0,0,zero_players
Header/h37/Header_h37_f000342_t5.700.txt,0,0,0,zero_players
Header/h37/Header_h37_f000348_t5.800.txt,0,0,0,zero_players
Header/h37/Header_h37_f000354_t5.900.txt,0,0,0,zero_players
Header/h37/Header_h37_f000360_t6.000.txt,0,0,0,zero_players
Header/h37/Header_h37_f000366_t6.100.txt,0,0,0,zero_players
Header/h37/Header_h37_f000372_t6.200.txt,0,0,0,zero_players
Header/h37/Header_h37_f000378_t6.300.txt,0,0,0,zero_players
Header/h37/Header_h37_f000384_t6.400.txt,0,0,0,zero_players
Header/h37/Header_h37_f000390_t6.500.txt,0,0,0,zero_players
Header/h37/Header_h37_f000396_t6.600.txt,0,0,0,zero_players
Header/h37/Header_h37_f000402_t6.700.txt,0,0,0,zero_players
Header/h37/Header_h37_f000408_t6.800.txt,0,0,0,zero_players
Header/h37/Header_h37_f000414_t6.900.txt,0,0,0,zero_players
Header/h37/Header_h37_f000420_t7.000.txt,0,0,0,zero_players
Header/h37/Header_h37_f000426_t7.100.txt,0,0,0,zero_players
Header/h37/Header_h37_f000432_t7.200.txt,0,0,0,zero_players
Header/h37/Header_h37_f000438_t7.300.txt,0,0,0,zero_players
Header/h37/Header_h37_f000444_t7.400.txt,0,0,0,zero_players
Header/h37/Header_h37_f000450_t7.500.txt,0,0,0,zero_players
Header/h37/Header_h37_f000456_t7.600.txt,0,0,0,zero_players
Header/h37/Header_h37_f000462_t7.700.txt,0,0,0,zero_players
Header/h37/Header_h37_f000468_t7.800.txt,9,1,8,ball_larger_than_head
Header/h37/Header_h37_f000474_t7.900.txt,9,1,8,ball_larger_than_head
Header/h37/Header_h37_f000480_t8.000.txt,10,1,7,ball_larger_than_head
Header/h38/Header_h38_f000000_t0.000.txt,15,0,0,many_players_zero_heads
Header/h38/Header_h38_f000006_t0.100.txt,15,0,0,many_players_zero_heads
Header/h38/Header_h38_f000012_t0.200.txt,14,0,0,many_players_zero_heads
Header/h38/Header_h38_f000018_t0.300.txt,15,0,0,many_players_zero_heads
Header/h38/Header_h38_f000024_t0.400.txt,14,0,0,many_players_zero_heads
Header/h38/Header_h38_f000030_t0.500.txt,14,0,0,many_players_zero_heads
Header/h38/Header_h38_f000036_t0.600.txt,15,0,0,many_players_zero_heads
Header/h38/Header_h38_f000042_t0.700.txt,16,0,0,many_players_zero_heads
Header/h38/Header_h38_f000048_t0.800.txt,17,0,0,many_players_zero_heads
Header/h38/Header_h38_f000054_t0.900.txt,15,1,0,many_players_zero_heads
Header/h38/Header_h38_f000060_t1.000.txt,15,0,0,many_players_zero_heads
Header/h38/Header_h38_f000066_t1.100.txt,14,0,0,many_players_zero_heads
Header/h38/Header_h38_f000072_t1.200.txt,11,0,0,many_players_zero_heads
Header/h38/Header_h38_f000078_t1.300.txt,12,0,0,many_players_zero_heads
Header/h38/Header_h38_f000084_t1.400.txt,10,0,0,many_players_zero_heads
Header/h38/Header_h38_f000090_t1.500.txt,7,1,0,many_players_zero_heads
Header/h38/Header_h38_f000096_t1.600.txt,6,0,0,many_players_zero_heads
Header/h38/Header_h38_f000102_t1.700.txt,6,0,0,many_players_zero_heads
Header/h38/Header_h38_f000108_t1.800.txt,7,0,0,many_players_zero_heads
Header/h38/Header_h38_f000114_t1.900.txt,10,1,0,many_players_zero_heads
Header/h38/Header_h38_f000120_t2.000.txt,11,0,0,many_players_zero_heads
Header/h38/Header_h38_f000126_t2.100.txt,10,0,0,many_players_zero_heads
Header/h38/Header_h38_f000132_t2.200.txt,11,0,0,many_players_zero_heads
Header/h38/Header_h38_f000138_t2.300.txt,10,0,0,many_players_zero_heads
Header/h38/Header_h38_f000144_t2.400.txt,10,0,0,many_players_zero_heads
Header/h38/Header_h38_f000150_t2.500.txt,9,0,0,many_players_zero_heads
Header/h38/Header_h38_f000156_t2.600.txt,7,0,0,many_players_zero_heads
Header/h38/Header_h38_f000162_t2.700.txt,7,0,0,many_players_zero_heads
Header/h38/Header_h38_f000168_t2.800.txt,7,0,0,many_players_zero_heads
Header/h38/Header_h38_f000174_t2.900.txt,7,0,0,many_players_zero_heads
Header/h38/Header_h38_f000180_t3.000.txt,7,0,0,many_players_zero_heads
Header/h38/Header_h38_f000186_t3.100.txt,6,0,0,many_players_zero_heads
Header/h38/Header_h38_f000192_t3.200.txt,6,0,0,many_players_zero_heads
Header/h38/Header_h38_f000198_t3.300.txt,6,0,0,many_players_zero_heads
Header/h38/Header_h38_f000204_t3.400.txt,6,0,0,many_players_zero_heads
Header/h38/Header_h38_f000210_t3.500.txt,6,0,0,many_players_zero_heads
Header/h38/Header_h38_f000216_t3.600.txt,6,0,0,many_players_zero_heads
Header/h38/Header_h38_f000222_t3.700.txt,6,0,0,many_players_zero_heads
Header/h38/Header_h38_f000228_t3.800.txt,6,0,0,many_players_zero_heads
Header/h38/Header_h38_f000234_t3.900.txt,6,0,0,many_players_zero_heads
Header/h38/Header_h38_f000240_t4.000.txt,6,0,0,many_players_zero_heads
Header/h38/Header_h38_f000246_t4.100.txt,6,0,0,many_players_zero_heads
Header/h38/Header_h38_f000252_t4.200.txt,6,0,0,many_players_zero_heads
Header/h38/Header_h38_f000258_t4.300.txt,6,0,0,many_players_zero_heads
Header/h38/Header_h38_f000264_t4.400.txt,6,0,0,many_players_zero_heads
Header/h38/Header_h38_f000270_t4.500.txt,6,0,0,many_players_zero_heads
Header/h38/Header_h38_f000276_t4.600.txt,5,0,0,many_players_zero_heads
Header/h38/Header_h38_f000282_t4.700.txt,6,0,0,many_players_zero_heads
Header/h38/Header_h38_f000288_t4.800.txt,6,0,0,many_players_zero_heads
Header/h38/Header_h38_f000294_t4.900.txt,7,0,0,many_players_zero_heads
Header/h38/Header_h38_f000300_t5.000.txt,7,0,0,many_players_zero_heads
Header/h38/Header_h38_f000312_t5.200.txt,7,0,0,many_players_zero_heads
Header/h38/Header_h38_f000318_t5.300.txt,7,0,0,many_players_zero_heads
Header/h38/Header_h38_f000324_t5.400.txt,7,0,0,many_players_zero_heads
Header/h38/Header_h38_f000330_t5.500.txt,7,0,0,many_players_zero_heads
Header/h38/Header_h38_f000336_t5.600.txt,7,0,0,many_players_zero_heads
Header/h38/Header_h38_f000348_t5.800.txt,7,1,0,many_players_zero_heads
Header/h38/Header_h38_f000354_t5.900.txt,7,1,0,many_players_zero_heads
Header/h38/Header_h38_f000360_t6.000.txt,7,0,0,many_players_zero_heads
Header/h38/Header_h38_f000366_t6.100.txt,7,0,0,many_players_zero_heads
Header/h38/Header_h38_f000372_t6.200.txt,7,0,0,many_players_zero_heads
Header/h38/Header_h38_f000384_t6.400.txt,8,0,0,many_players_zero_heads
Header/h38/Header_h38_f000390_t6.500.txt,6,0,0,many_players_zero_heads
Header/h38/Header_h38_f000396_t6.600.txt,7,0,0,many_players_zero_heads
Header/h38/Header_h38_f000402_t6.700.txt,8,0,0,many_players_zero_heads
Header/h38/Header_h38_f000408_t6.800.txt,8,1,0,many_players_zero_heads
Header/h38/Header_h38_f000414_t6.900.txt,9,0,0,many_players_zero_heads
Header/h38/Header_h38_f000420_t7.000.txt,8,0,0,many_players_zero_heads
Header/h39/Header_h39_f000066_t1.100.txt,15,0,0,many_players_zero_heads
Header/h39/Header_h39_f000072_t1.200.txt,15,0,0,many_players_zero_heads
Header/h39/Header_h39_f000078_t1.300.txt,14,0,0,many_players_zero_heads
Header/h39/Header_h39_f000084_t1.400.txt,13,0,0,many_players_zero_heads
Header/h39/Header_h39_f000090_t1.500.txt,12,0,0,many_players_zero_heads
Header/h39/Header_h39_f000096_t1.600.txt,15,0,0,many_players_zero_heads
Header/h39/Header_h39_f000102_t1.700.txt,12,0,0,many_players_zero_heads
Header/h39/Header_h39_f000108_t1.800.txt,15,0,0,many_players_zero_heads
Header/h39/Header_h39_f000114_t1.900.txt,16,0,0,many_players_zero_heads
Header/h39/Header_h39_f000120_t2.000.txt,12,0,0,many_players_zero_heads
Header/h39/Header_h39_f000126_t2.100.txt,11,0,0,many_players_zero_heads
Header/h39/Header_h39_f000132_t2.200.txt,12,0,0,many_players_zero_heads
Header/h39/Header_h39_f000138_t2.300.txt,13,0,0,many_players_zero_heads
Header/h39/Header_h39_f000144_t2.400.txt,14,0,0,many_players_zero_heads
Header/h39/Header_h39_f000150_t2.500.txt,15,0,0,many_players_zero_heads
Header/h39/Header_h39_f000156_t2.600.txt,13,0,0,many_players_zero_heads
Header/h39/Header_h39_f000162_t2.700.txt,13,0,0,many_players_zero_heads
Header/h39/Header_h39_f000168_t2.800.txt,12,0,0,many_players_zero_heads
Header/h39/Header_h39_f000174_t2.900.txt,11,0,0,many_players_zero_heads
Header/h39/Header_h39_f000180_t3.000.txt,11,0,0,many_players_zero_heads
Header/h39/Header_h39_f000186_t3.100.txt,12,0,0,many_players_zero_heads
Header/h39/Header_h39_f000192_t3.200.txt,13,0,0,many_players_zero_heads
Header/h39/Header_h39_f000198_t3.300.txt,12,0,0,many_players_zero_heads
Header/h39/Header_h39_f000204_t3.400.txt,12,0,0,many_players_zero_heads
Header/h39/Header_h39_f000210_t3.500.txt,13,0,0,many_players_zero_heads
Header/h39/Header_h39_f000216_t3.600.txt,12,0,0,many_players_zero_heads
Header/h4/Header_h4_f000000_t0.000.txt,9,1,0,many_players_zero_heads
Header/h4/Header_h4_f000006_t0.100.txt,8,1,0,many_players_zero_heads
Header/h4/Header_h4_f000012_t0.200.txt,9,0,0,many_players_zero_heads
Header/h4/Header_h4_f000018_t0.300.txt,10,0,0,many_players_zero_heads
Header/h4/Header_h4_f000024_t0.400.txt,12,0,0,many_players_zero_heads
Header/h4/Header_h4_f000030_t0.500.txt,10,0,0,many_players_zero_heads
Header/h4/Header_h4_f000036_t0.600.txt,12,0,0,many_players_zero_heads
Header/h4/Header_h4_f000042_t0.700.txt,10,0,0,many_players_zero_heads
Header/h4/Header_h4_f000048_t0.800.txt,10,0,0,many_players_zero_heads
Header/h4/Header_h4_f000054_t0.900.txt,12,0,0,many_players_zero_heads
Header/h4/Header_h4_f000060_t1.000.txt,10,0,0,many_players_zero_heads
Header/h4/Header_h4_f000066_t1.100.txt,9,1,0,many_players_zero_heads
Header/h4/Header_h4_f000072_t1.200.txt,10,1,0,many_players_zero_heads
Header/h4/Header_h4_f000078_t1.300.txt,12,0,0,many_players_zero_heads
Header/h4/Header_h4_f000084_t1.400.txt,9,0,0,many_players_zero_heads
Header/h4/Header_h4_f000090_t1.500.txt,10,0,0,many_players_zero_heads
Header/h4/Header_h4_f000096_t1.600.txt,12,0,0,many_players_zero_heads
Header/h4/Header_h4_f000204_t3.400.txt,13,0,0,many_players_zero_heads
Header/h4/Header_h4_f000210_t3.500.txt,13,0,0,many_players_zero_heads
Header/h4/Header_h4_f000216_t3.600.txt,12,0,0,many_players_zero_heads
Header/h4/Header_h4_f000222_t3.700.txt,16,0,0,many_players_zero_heads
Header/h4/Header_h4_f000228_t3.800.txt,16,0,0,many_players_zero_heads
Header/h4/Header_h4_f000234_t3.900.txt,15,0,0,many_players_zero_heads
Header/h4/Header_h4_f000240_t4.000.txt,16,0,0,many_players_zero_heads
Header/h40/Header_h40_f000072_t1.200.txt,11,1,7,ball_larger_than_head
Header/h40/Header_h40_f000330_t5.500.txt,8,1,8,ball_larger_than_head
Header/h41/Header_h41_f000114_t1.900.txt,11,0,0,many_players_zero_heads
Header/h41/Header_h41_f000120_t2.000.txt,12,0,0,many_players_zero_heads
Header/h41/Header_h41_f000126_t2.100.txt,13,0,0,many_players_zero_heads
Header/h41/Header_h41_f000132_t2.200.txt,9,0,0,many_players_zero_heads
Header/h41/Header_h41_f000138_t2.300.txt,12,0,0,many_players_zero_heads
Header/h41/Header_h41_f000144_t2.400.txt,13,0,0,many_players_zero_heads
Header/h41/Header_h41_f000156_t2.600.txt,13,1,0,many_players_zero_heads
Header/h41/Header_h41_f000162_t2.700.txt,11,0,0,many_players_zero_heads
Header/h41/Header_h41_f000168_t2.800.txt,10,0,0,many_players_zero_heads
Header/h41/Header_h41_f000174_t2.900.txt,10,0,0,many_players_zero_heads
Header/h41/Header_h41_f000180_t3.000.txt,10,0,0,many_players_zero_heads
Header/h41/Header_h41_f000186_t3.100.txt,9,0,0,many_players_zero_heads
Header/h41/Header_h41_f000192_t3.200.txt,10,0,0,many_players_zero_heads
Header/h41/Header_h41_f000198_t3.300.txt,11,0,0,many_players_zero_heads
Header/h41/Header_h41_f000204_t3.400.txt,11,0,0,many_players_zero_heads
Header/h41/Header_h41_f000210_t3.500.txt,10,0,0,many_players_zero_heads
Header/h41/Header_h41_f000216_t3.600.txt,10,0,0,many_players_zero_heads
Header/h41/Header_h41_f000228_t3.800.txt,10,0,0,many_players_zero_heads
Header/h42/Header_h42_f000000_t0.000.txt,15,1,6,ball_larger_than_head
Header/h42/Header_h42_f000006_t0.100.txt,15,1,7,ball_larger_than_head
Header/h42/Header_h42_f000018_t0.300.txt,15,1,6,ball_larger_than_head
Header/h42/Header_h42_f000024_t0.400.txt,14,1,7,ball_larger_than_head
Header/h42/Header_h42_f000036_t0.600.txt,14,1,5,ball_larger_than_head
Header/h42/Header_h42_f000042_t0.700.txt,13,1,5,ball_larger_than_head
Header/h42/Header_h42_f000048_t0.800.txt,12,1,5,ball_larger_than_head
Header/h42/Header_h42_f000054_t0.900.txt,12,1,4,ball_larger_than_head
Header/h42/Header_h42_f000144_t2.400.txt,9,1,5,ball_larger_than_head
Header/h42/Header_h42_f000246_t4.100.txt,9,1,9,ball_larger_than_head
Header/h42/Header_h42_f000264_t4.400.txt,9,1,9,ball_larger_than_head
Header/h42/Header_h42_f000276_t4.600.txt,8,1,8,ball_larger_than_head
Header/h42/Header_h42_f000282_t4.700.txt,9,1,9,ball_larger_than_head
Header/h42/Header_h42_f000288_t4.800.txt,9,1,9,ball_larger_than_head
Header/h43/Header_h43_f000000_t0.000.txt,0,0,0,zero_players
Header/h43/Header_h43_f000006_t0.100.txt,0,0,0,zero_players
Header/h43/Header_h43_f000012_t0.200.txt,0,0,0,zero_players
Header/h43/Header_h43_f000018_t0.300.txt,0,0,0,zero_players
Header/h43/Header_h43_f000024_t0.400.txt,0,0,0,zero_players
Header/h43/Header_h43_f000030_t0.500.txt,0,0,0,zero_players
Header/h43/Header_h43_f000036_t0.600.txt,0,0,0,zero_players
Header/h43/Header_h43_f000042_t0.700.txt,0,0,0,zero_players
Header/h43/Header_h43_f000048_t0.800.txt,0,0,0,zero_players
Header/h43/Header_h43_f000054_t0.900.txt,0,0,0,zero_players
Header/h43/Header_h43_f000060_t1.000.txt,10,0,0,many_players_zero_heads
Header/h43/Header_h43_f000066_t1.100.txt,7,0,0,many_players_zero_heads
Header/h43/Header_h43_f000072_t1.200.txt,9,0,0,many_players_zero_heads
Header/h43/Header_h43_f000078_t1.300.txt,9,0,0,many_players_zero_heads
Header/h43/Header_h43_f000084_t1.400.txt,7,0,0,many_players_zero_heads
Header/h43/Header_h43_f000090_t1.500.txt,7,0,0,many_players_zero_heads
Header/h43/Header_h43_f000096_t1.600.txt,5,0,0,many_players_zero_heads
Header/h43/Header_h43_f000102_t1.700.txt,5,0,0,many_players_zero_heads
Header/h43/Header_h43_f000108_t1.800.txt,6,0,0,many_players_zero_heads
Header/h43/Header_h43_f000114_t1.900.txt,6,0,0,many_players_zero_heads
Header/h43/Header_h43_f000120_t2.000.txt,5,0,0,many_players_zero_heads
Header/h43/Header_h43_f000126_t2.100.txt,6,0,0,many_players_zero_heads
Header/h43/Header_h43_f000132_t2.200.txt,5,0,0,many_players_zero_heads
Header/h43/Header_h43_f000138_t2.300.txt,6,0,0,many_players_zero_heads
Header/h43/Header_h43_f000144_t2.400.txt,8,0,0,many_players_zero_heads
Header/h43/Header_h43_f000150_t2.500.txt,6,0,0,many_players_zero_heads
Header/h43/Header_h43_f000156_t2.600.txt,7,0,0,many_players_zero_heads
Header/h43/Header_h43_f000162_t2.700.txt,8,0,0,many_players_zero_heads
Header/h43/Header_h43_f000168_t2.800.txt,11,0,0,many_players_zero_heads
Header/h43/Header_h43_f000174_t2.900.txt,12,0,0,many_players_zero_heads
Header/h43/Header_h43_f000180_t3.000.txt,11,0,0,many_players_zero_heads
Header/h43/Header_h43_f000186_t3.100.txt,11,0,0,many_players_zero_heads
Header/h43/Header_h43_f000192_t3.200.txt,10,0,0,many_players_zero_heads
Header/h43/Header_h43_f000198_t3.300.txt,10,0,0,many_players_zero_heads
Header/h43/Header_h43_f000204_t3.400.txt,12,0,0,many_players_zero_heads
Header/h43/Header_h43_f000210_t3.500.txt,12,0,0,many_players_zero_heads
Header/h43/Header_h43_f000216_t3.600.txt,12,0,0,many_players_zero_heads
Header/h43/Header_h43_f000222_t3.700.txt,13,0,0,many_players_zero_heads
Header/h43/Header_h43_f000228_t3.800.txt,11,0,0,many_players_zero_heads
Header/h43/Header_h43_f000234_t3.900.txt,11,0,0,many_players_zero_heads
Header/h43/Header_h43_f000240_t4.000.txt,11,0,0,many_players_zero_heads
Header/h43/Header_h43_f000246_t4.100.txt,9,0,0,many_players_zero_heads
Header/h43/Header_h43_f000252_t4.200.txt,12,0,0,many_players_zero_heads
Header/h43/Header_h43_f000264_t4.400.txt,11,1,1,ball_larger_than_head
Header/h43/Header_h43_f000270_t4.500.txt,12,0,0,many_players_zero_heads
Header/h44/Header_h44_f000000_t0.000.txt,0,0,0,zero_players
Header/h44/Header_h44_f000006_t0.100.txt,14,0,0,many_players_zero_heads
Header/h44/Header_h44_f000012_t0.200.txt,12,0,0,many_players_zero_heads
Header/h44/Header_h44_f000018_t0.300.txt,14,0,0,many_players_zero_heads
Header/h44/Header_h44_f000024_t0.400.txt,14,0,0,many_players_zero_heads
Header/h44/Header_h44_f000030_t0.500.txt,17,0,0,many_players_zero_heads
Header/h44/Header_h44_f000036_t0.600.txt,16,0,0,many_players_zero_heads
Header/h44/Header_h44_f000042_t0.700.txt,16,0,0,many_players_zero_heads
Header/h44/Header_h44_f000048_t0.800.txt,15,0,0,many_players_zero_heads
Header/h44/Header_h44_f000054_t0.900.txt,16,0,0,many_players_zero_heads
Header/h44/Header_h44_f000060_t1.000.txt,13,0,0,many_players_zero_heads
Header/h44/Header_h44_f000066_t1.100.txt,14,0,0,many_players_zero_heads
Header/h44/Header_h44_f000072_t1.200.txt,13,0,0,many_players_zero_heads
Header/h44/Header_h44_f000078_t1.300.txt,12,0,0,many_players_zero_heads
Header/h44/Header_h44_f000084_t1.400.txt,12,0,0,many_players_zero_heads
Header/h44/Header_h44_f000090_t1.500.txt,11,0,0,many_players_zero_heads
Header/h44/Header_h44_f000096_t1.600.txt,12,0,0,many_players_zero_heads
Header/h44/Header_h44_f000102_t1.700.txt,11,0,0,many_players_zero_heads
Header/h44/Header_h44_f000108_t1.800.txt,11,0,0,many_players_zero_heads
Header/h44/Header_h44_f000114_t1.900.txt,10,0,0,many_players_zero_heads
Header/h44/Header_h44_f000120_t2.000.txt,11,0,0,many_players_zero_heads
Header/h44/Header_h44_f000126_t2.100.txt,11,0,0,many_players_zero_heads
Header/h44/Header_h44_f000132_t2.200.txt,13,0,0,many_players_zero_heads
Header/h44/Header_h44_f000138_t2.300.txt,14,0,0,many_players_zero_heads
Header/h44/Header_h44_f000144_t2.400.txt,13,0,0,many_players_zero_heads
Header/h44/Header_h44_f000150_t2.500.txt,11,0,0,many_players_zero_heads
Header/h44/Header_h44_f000156_t2.600.txt,9,0,0,many_players_zero_heads
Header/h44/Header_h44_f000162_t2.700.txt,11,0,0,many_players_zero_heads
Header/h44/Header_h44_f000168_t2.800.txt,11,1,0,many_players_zero_heads
Header/h44/Header_h44_f000174_t2.900.txt,12,1,0,many_players_zero_heads
Header/h44/Header_h44_f000180_t3.000.txt,10,0,0,many_players_zero_heads
Header/h44/Header_h44_f000186_t3.100.txt,10,0,0,many_players_zero_heads
Header/h44/Header_h44_f000192_t3.200.txt,11,0,0,many_players_zero_heads
Header/h44/Header_h44_f000198_t3.300.txt,11,0,0,many_players_zero_heads
Header/h45/Header_h45_f000012_t0.200.txt,17,0,0,many_players_zero_heads
Header/h45/Header_h45_f000018_t0.300.txt,15,1,0,many_players_zero_heads
Header/h45/Header_h45_f000024_t0.400.txt,16,0,0,many_players_zero_heads
Header/h45/Header_h45_f000030_t0.500.txt,16,1,0,many_players_zero_heads
Header/h45/Header_h45_f000036_t0.600.txt,15,0,0,many_players_zero_heads
Header/h45/Header_h45_f000042_t0.700.txt,17,1,0,many_players_zero_heads
Header/h45/Header_h45_f000048_t0.800.txt,16,1,0,many_players_zero_heads
Header/h45/Header_h45_f000054_t0.900.txt,16,0,0,many_players_zero_heads
Header/h45/Header_h45_f000060_t1.000.txt,17,0,0,many_players_zero_heads
Header/h45/Header_h45_f000066_t1.100.txt,17,0,0,many_players_zero_heads
Header/h45/Header_h45_f000072_t1.200.txt,14,0,0,many_players_zero_heads
Header/h45/Header_h45_f000078_t1.300.txt,15,0,0,many_players_zero_heads
Header/h45/Header_h45_f000084_t1.400.txt,17,0,0,many_players_zero_heads
Header/h45/Header_h45_f000090_t1.500.txt,16,0,0,many_players_zero_heads
Header/h45/Header_h45_f000096_t1.600.txt,13,0,0,many_players_zero_heads
Header/h45/Header_h45_f000102_t1.700.txt,14,0,0,many_players_zero_heads
Header/h45/Header_h45_f000108_t1.800.txt,11,0,0,many_players_zero_heads
Header/h45/Header_h45_f000114_t1.900.txt,13,0,0,many_players_zero_heads
Header/h45/Header_h45_f000120_t2.000.txt,12,0,0,many_players_zero_heads
Header/h45/Header_h45_f000126_t2.100.txt,12,0,0,many_players_zero_heads
Header/h45/Header_h45_f000132_t2.200.txt,13,1,0,many_players_zero_heads
Header/h45/Header_h45_f000138_t2.300.txt,13,0,0,many_players_zero_heads
Header/h45/Header_h45_f000144_t2.400.txt,13,1,0,many_players_zero_heads
Header/h45/Header_h45_f000150_t2.500.txt,13,1,0,many_players_zero_heads
Header/h45/Header_h45_f000156_t2.600.txt,10,0,0,many_players_zero_heads
Header/h45/Header_h45_f000174_t2.900.txt,7,0,0,many_players_zero_heads
Header/h46/Header_h46_f000018_t0.300.txt,14,1,4,ball_larger_than_head
Header/h46/Header_h46_f000030_t0.500.txt,14,1,4,ball_larger_than_head
Header/h46/Header_h46_f000036_t0.600.txt,13,1,4,ball_larger_than_head
Header/h46/Header_h46_f000054_t0.900.txt,13,1,4,ball_larger_than_head
Header/h46/Header_h46_f000060_t1.000.txt,11,1,4,ball_larger_than_head
Header/h46/Header_h46_f000066_t1.100.txt,11,1,4,ball_larger_than_head
Header/h46/Header_h46_f000216_t3.600.txt,10,1,9,ball_larger_than_head
Header/h46/Header_h46_f000222_t3.700.txt,10,1,8,ball_larger_than_head
Header/h46/Header_h46_f000246_t4.100.txt,11,1,8,ball_larger_than_head
Header/h46/Header_h46_f000252_t4.200.txt,13,1,10,ball_larger_than_head
Header/h46/Header_h46_f000294_t4.900.txt,12,1,10,ball_larger_than_head
Header/h47/Header_h47_f000162_t2.700.txt,8,1,8,ball_larger_than_head
Header/h47/Header_h47_f000204_t3.400.txt,0,0,0,zero_players
Header/h47/Header_h47_f000210_t3.500.txt,0,0,0,zero_players
Header/h47/Header_h47_f000216_t3.600.txt,0,0,0,zero_players
Header/h47/Header_h47_f000222_t3.700.txt,0,0,0,zero_players
Header/h47/Header_h47_f000228_t3.800.txt,0,0,0,zero_players
Header/h47/Header_h47_f000234_t3.900.txt,0,0,0,zero_players
Header/h47/Header_h47_f000240_t4.000.txt,0,0,0,zero_players
Header/h47/Header_h47_f000246_t4.100.txt,0,0,0,zero_players
Header/h47/Header_h47_f000252_t4.200.txt,0,0,0,zero_players
Header/h47/Header_h47_f000258_t4.300.txt,0,0,0,zero_players
Header/h47/Header_h47_f000264_t4.400.txt,0,0,0,zero_players
Header/h47/Header_h47_f000270_t4.500.txt,0,0,0,zero_players
Header/h47/Header_h47_f000276_t4.600.txt,0,0,0,zero_players
Header/h47/Header_h47_f000282_t4.700.txt,0,0,0,zero_players
Header/h47/Header_h47_f000288_t4.800.txt,7,1,6,ball_larger_than_head
Header/h47/Header_h47_f000294_t4.900.txt,7,1,6,ball_larger_than_head
Header/h47/Header_h47_f000300_t5.000.txt,7,1,5,ball_larger_than_head
Header/h47/Header_h47_f000324_t5.400.txt,8,1,8,ball_larger_than_head
Header/h48/Header_h48_f000000_t0.000.txt,17,1,0,many_players_zero_heads
Header/h48/Header_h48_f000006_t0.100.txt,16,0,0,many_players_zero_heads
Header/h48/Header_h48_f000012_t0.200.txt,17,1,0,many_players_zero_heads
Header/h48/Header_h48_f000018_t0.300.txt,16,1,0,many_players_zero_heads
Header/h48/Header_h48_f000024_t0.400.txt,17,1,0,many_players_zero_heads
Header/h48/Header_h48_f000030_t0.500.txt,17,0,0,many_players_zero_heads
Header/h48/Header_h48_f000036_t0.600.txt,16,0,0,many_players_zero_heads
Header/h48/Header_h48_f000042_t0.700.txt,15,0,0,many_players_zero_heads
Header/h48/Header_h48_f000048_t0.800.txt,16,0,0,many_players_zero_heads
Header/h48/Header_h48_f000054_t0.900.txt,16,1,0,many_players_zero_heads
Header/h48/Header_h48_f000060_t1.000.txt,16,0,0,many_players_zero_heads
Header/h48/Header_h48_f000066_t1.100.txt,16,0,0,many_players_zero_heads
Header/h48/Header_h48_f000072_t1.200.txt,15,0,0,many_players_zero_heads
Header/h48/Header_h48_f000078_t1.300.txt,15,0,0,many_players_zero_heads
Header/h48/Header_h48_f000084_t1.400.txt,16,0,0,many_players_zero_heads
Header/h48/Header_h48_f000090_t1.500.txt,16,0,0,many_players_zero_heads
Header/h48/Header_h48_f000096_t1.600.txt,16,0,0,many_players_zero_heads
Header/h48/Header_h48_f000102_t1.700.txt,16,0,0,many_players_zero_heads
Header/h48/Header_h48_f000108_t1.800.txt,16,0,0,many_players_zero_heads
Header/h48/Header_h48_f000114_t1.900.txt,14,0,0,many_players_zero_heads
Header/h48/Header_h48_f000120_t2.000.txt,14,0,0,many_players_zero_heads
Header/h48/Header_h48_f000126_t2.100.txt,15,1,0,many_players_zero_heads
Header/h48/Header_h48_f000132_t2.200.txt,15,0,0,many_players_zero_heads
Header/h48/Header_h48_f000138_t2.300.txt,15,0,0,many_players_zero_heads
Header/h48/Header_h48_f000144_t2.400.txt,15,0,0,many_players_zero_heads
Header/h48/Header_h48_f000150_t2.500.txt,15,0,0,many_players_zero_heads
Header/h48/Header_h48_f000156_t2.600.txt,14,0,0,many_players_zero_heads
Header/h48/Header_h48_f000162_t2.700.txt,13,0,0,many_players_zero_heads
Header/h48/Header_h48_f000168_t2.800.txt,12,0,0,many_players_zero_heads
Header/h48/Header_h48_f000174_t2.900.txt,12,0,0,many_players_zero_heads
Header/h48/Header_h48_f000180_t3.000.txt,11,0,0,many_players_zero_heads
Header/h48/Header_h48_f000186_t3.100.txt,11,0,0,many_players_zero_heads
Header/h48/Header_h48_f000192_t3.200.txt,10,0,0,many_players_zero_heads
Header/h48/Header_h48_f000198_t3.300.txt,9,0,0,many_players_zero_heads
Header/h48/Header_h48_f000204_t3.400.txt,12,0,0,many_players_zero_heads
Header/h48/Header_h48_f000210_t3.500.txt,14,0,0,many_players_zero_heads
Header/h48/Header_h48_f000216_t3.600.txt,11,0,0,many_players_zero_heads
Header/h48/Header_h48_f000222_t3.700.txt,13,0,0,many_players_zero_heads
Header/h48/Header_h48_f000228_t3.800.txt,14,0,0,many_players_zero_heads
Header/h48/Header_h48_f000234_t3.900.txt,13,0,0,many_players_zero_heads
Header/h48/Header_h48_f000240_t4.000.txt,13,0,0,many_players_zero_heads
Header/h48/Header_h48_f000246_t4.100.txt,13,0,0,many_players_zero_heads
Header/h48/Header_h48_f000252_t4.200.txt,14,0,0,many_players_zero_heads
Header/h48/Header_h48_f000258_t4.300.txt,14,0,0,many_players_zero_heads
Header/h48/Header_h48_f000264_t4.400.txt,14,0,0,many_players_zero_heads
Header/h48/Header_h48_f000270_t4.500.txt,14,0,0,many_players_zero_heads
Header/h48/Header_h48_f000276_t4.600.txt,12,0,0,many_players_zero_heads
Header/h48/Header_h48_f000282_t4.700.txt,12,0,0,many_players_zero_heads
Header/h48/Header_h48_f000288_t4.800.txt,12,0,0,many_players_zero_heads
Header/h48/Header_h48_f000294_t4.900.txt,11,0,0,many_players_zero_heads
Header/h48/Header_h48_f000300_t5.000.txt,11,0,0,many_players_zero_heads
Header/h48/Header_h48_f000306_t5.100.txt,12,0,0,many_players_zero_heads
Header/h48/Header_h48_f000312_t5.200.txt,10,0,0,many_players_zero_heads
Header/h48/Header_h48_f000318_t5.300.txt,10,0,0,many_players_zero_heads
Header/h48/Header_h48_f000324_t5.400.txt,10,0,0,many_players_zero_heads
Header/h49/Header_h49_f000000_t0.000.txt,0,0,0,zero_players
Header/h49/Header_h49_f000006_t0.100.txt,0,0,0,zero_players
Header/h49/Header_h49_f000012_t0.200.txt,0,0,0,zero_players
Header/h49/Header_h49_f000018_t0.300.txt,0,0,0,zero_players
Header/h49/Header_h49_f000024_t0.400.txt,0,0,0,zero_players
Header/h49/Header_h49_f000030_t0.500.txt,0,0,0,zero_players
Header/h49/Header_h49_f000036_t0.600.txt,0,0,0,zero_players
Header/h49/Header_h49_f000042_t0.700.txt,0,0,0,zero_players
Header/h49/Header_h49_f000048_t0.800.txt,0,0,0,zero_players
Header/h49/Header_h49_f000054_t0.900.txt,0,0,0,zero_players
Header/h49/Header_h49_f000060_t1.000.txt,0,0,0,zero_players
Header/h49/Header_h49_f000066_t1.100.txt,0,0,0,zero_players
Header/h49/Header_h49_f000072_t1.200.txt,0,0,0,zero_players
Header/h49/Header_h49_f000078_t1.300.txt,0,0,0,zero_players
Header/h49/Header_h49_f000084_t1.400.txt,0,0,0,zero_players
Header/h49/Header_h49_f000090_t1.500.txt,8,1,8,ball_larger_than_head
Header/h49/Header_h49_f000096_t1.600.txt,11,1,11,ball_larger_than_head
Header/h49/Header_h49_f000102_t1.700.txt,12,1,10,ball_larger_than_head
Header/h49/Header_h49_f000108_t1.800.txt,13,1,11,ball_larger_than_head
Header/h49/Header_h49_f000120_t2.000.txt,13,1,13,ball_larger_than_head
Header/h49/Header_h49_f000126_t2.100.txt,13,1,13,ball_larger_than_head
Header/h49/Header_h49_f000132_t2.200.txt,14,1,9,ball_larger_than_head
Header/h49/Header_h49_f000138_t2.300.txt,12,1,10,ball_larger_than_head
Header/h49/Header_h49_f000144_t2.400.txt,11,1,10,ball_larger_than_head
Header/h49/Header_h49_f000150_t2.500.txt,11,1,11,ball_larger_than_head
Header/h49/Header_h49_f000156_t2.600.txt,13,1,13,ball_larger_than_head
Header/h49/Header_h49_f000162_t2.700.txt,11,1,11,ball_larger_than_head
Header/h49/Header_h49_f000168_t2.800.txt,13,1,11,ball_larger_than_head
Header/h49/Header_h49_f000174_t2.900.txt,12,1,10,ball_larger_than_head
Header/h49/Header_h49_f000180_t3.000.txt,12,1,10,ball_larger_than_head
Header/h49/Header_h49_f000186_t3.100.txt,12,1,10,ball_larger_than_head
Header/h49/Header_h49_f000192_t3.200.txt,12,1,10,ball_larger_than_head
Header/h49/Header_h49_f000198_t3.300.txt,11,1,9,ball_larger_than_head
Header/h49/Header_h49_f000204_t3.400.txt,11,1,9,ball_larger_than_head
Header/h49/Header_h49_f000210_t3.500.txt,12,1,11,ball_larger_than_head
Header/h49/Header_h49_f000234_t3.900.txt,12,1,10,ball_larger_than_head
Header/h49/Header_h49_f000240_t4.000.txt,13,1,11,ball_larger_than_head
Header/h49/Header_h49_f000246_t4.100.txt,12,1,10,ball_larger_than_head
Header/h49/Header_h49_f000252_t4.200.txt,12,1,9,ball_larger_than_head
Header/h49/Header_h49_f000258_t4.300.txt,12,1,11,ball_larger_than_head
Header/h49/Header_h49_f000264_t4.400.txt,11,1,8,ball_larger_than_head
Header/h49/Header_h49_f000276_t4.600.txt,9,1,7,ball_larger_than_head
Header/h49/Header_h49_f000282_t4.700.txt,8,1,6,ball_larger_than_head
Header/h49/Header_h49_f000294_t4.900.txt,8,1,4,ball_larger_than_head
Header/h49/Header_h49_f000300_t5.000.txt,9,1,4,ball_larger_than_head
Header/h49/Header_h49_f000306_t5.100.txt,7,1,5,ball_larger_than_head
Header/h49/Header_h49_f000312_t5.200.txt,8,1,5,ball_larger_than_head
Header/h49/Header_h49_f000318_t5.300.txt,6,1,4,ball_larger_than_head
Header/h49/Header_h49_f000324_t5.400.txt,8,1,4,ball_larger_than_head
Header/h49/Header_h49_f000330_t5.500.txt,10,1,4,ball_larger_than_head
Header/h49/Header_h49_f000336_t5.600.txt,9,1,4,ball_larger_than_head
Header/h49/Header_h49_f000342_t5.700.txt,10,1,5,ball_larger_than_head
Header/h49/Header_h49_f000360_t6.000.txt,9,1,5,ball_larger_than_head
Header/h5/Header_h5_f000000_t0.000.txt,14,0,0,many_players_zero_heads
Header/h5/Header_h5_f000006_t0.100.txt,11,0,0,many_players_zero_heads
Header/h5/Header_h5_f000012_t0.200.txt,13,0,0,many_players_zero_heads
Header/h5/Header_h5_f000018_t0.300.txt,13,0,0,many_players_zero_heads
Header/h5/Header_h5_f000024_t0.400.txt,12,1,0,many_players_zero_heads
Header/h5/Header_h5_f000030_t0.500.txt,13,0,0,many_players_zero_heads
Header/h5/Header_h5_f000036_t0.600.txt,15,0,0,many_players_zero_heads
Header/h5/Header_h5_f000042_t0.700.txt,14,0,0,many_players_zero_heads
Header/h5/Header_h5_f000048_t0.800.txt,15,0,0,many_players_zero_heads
Header/h5/Header_h5_f000054_t0.900.txt,13,0,0,many_players_zero_heads
Header/h5/Header_h5_f000060_t1.000.txt,13,0,0,many_players_zero_heads
Header/h5/Header_h5_f000066_t1.100.txt,13,0,0,many_players_zero_heads
Header/h5/Header_h5_f000072_t1.200.txt,13,0,0,many_players_zero_heads
Header/h5/Header_h5_f000078_t1.300.txt,14,0,0,many_players_zero_heads
Header/h5/Header_h5_f000084_t1.400.txt,14,0,0,many_players_zero_heads
Header/h5/Header_h5_f000090_t1.500.txt,15,0,0,many_players_zero_heads
Header/h5/Header_h5_f000096_t1.600.txt,13,0,0,many_players_zero_heads
Header/h5/Header_h5_f000102_t1.700.txt,14,0,0,many_players_zero_heads
Header/h5/Header_h5_f000108_t1.800.txt,14,0,0,many_players_zero_heads
Header/h5/Header_h5_f000114_t1.900.txt,12,0,0,many_players_zero_heads
Header/h5/Header_h5_f000120_t2.000.txt,13,0,0,many_players_zero_heads
Header/h5/Header_h5_f000126_t2.100.txt,14,0,0,many_players_zero_heads
Header/h5/Header_h5_f000132_t2.200.txt,12,0,0,many_players_zero_heads
Header/h5/Header_h5_f000138_t2.300.txt,13,0,0,many_players_zero_heads
Header/h5/Header_h5_f000144_t2.400.txt,15,0,0,many_players_zero_heads
Header/h5/Header_h5_f000150_t2.500.txt,14,0,0,many_players_zero_heads
Header/h5/Header_h5_f000156_t2.600.txt,14,0,0,many_players_zero_heads
Header/h5/Header_h5_f000162_t2.700.txt,14,0,0,many_players_zero_heads
Header/h5/Header_h5_f000168_t2.800.txt,13,0,0,many_players_zero_heads
Header/h5/Header_h5_f000174_t2.900.txt,14,0,0,many_players_zero_heads
Header/h5/Header_h5_f000180_t3.000.txt,13,0,0,many_players_zero_heads
Header/h5/Header_h5_f000186_t3.100.txt,14,0,0,many_players_zero_heads
Header/h5/Header_h5_f000192_t3.200.txt,13,0,0,many_players_zero_heads
Header/h5/Header_h5_f000198_t3.300.txt,13,0,0,many_players_zero_heads
Header/h5/Header_h5_f000204_t3.400.txt,13,0,0,many_players_zero_heads
Header/h5/Header_h5_f000210_t3.500.txt,11,0,0,many_players_zero_heads
Header/h5/Header_h5_f000216_t3.600.txt,11,0,0,many_players_zero_heads
Header/h5/Header_h5_f000222_t3.700.txt,12,0,0,many_players_zero_heads
Header/h5/Header_h5_f000228_t3.800.txt,12,0,0,many_players_zero_heads
Header/h5/Header_h5_f000234_t3.900.txt,13,0,0,many_players_zero_heads
Header/h5/Header_h5_f000240_t4.000.txt,14,0,0,many_players_zero_heads
Header/h5/Header_h5_f000246_t4.100.txt,13,0,0,many_players_zero_heads
Header/h5/Header_h5_f000252_t4.200.txt,14,0,0,many_players_zero_heads
Header/h5/Header_h5_f000258_t4.300.txt,15,0,0,many_players_zero_heads
Header/h5/Header_h5_f000264_t4.400.txt,14,0,0,many_players_zero_heads
Header/h5/Header_h5_f000270_t4.500.txt,15,0,0,many_players_zero_heads
Header/h5/Header_h5_f000276_t4.600.txt,15,0,0,many_players_zero_heads
Header/h5/Header_h5_f000282_t4.700.txt,16,0,0,many_players_zero_heads
Header/h5/Header_h5_f000288_t4.800.txt,14,0,0,many_players_zero_heads
Header/h5/Header_h5_f000294_t4.900.txt,15,0,0,many_players_zero_heads
Header/h50/Header_h50_f000000_t0.000.txt,13,0,0,many_players_zero_heads
Header/h50/Header_h50_f000006_t0.100.txt,14,0,0,many_players_zero_heads
Header/h50/Header_h50_f000012_t0.200.txt,13,0,0,many_players_zero_heads
Header/h50/Header_h50_f000018_t0.300.txt,15,0,0,many_players_zero_heads
Header/h50/Header_h50_f000024_t0.400.txt,16,0,0,many_players_zero_heads
Header/h50/Header_h50_f000030_t0.500.txt,16,0,0,many_players_zero_heads
Header/h50/Header_h50_f000036_t0.600.txt,16,0,0,many_players_zero_heads
Header/h50/Header_h50_f000042_t0.700.txt,17,0,0,many_players_zero_heads
Header/h50/Header_h50_f000048_t0.800.txt,18,0,0,many_players_zero_heads
Header/h50/Header_h50_f000054_t0.900.txt,16,0,0,many_players_zero_heads
Header/h50/Header_h50_f000060_t1.000.txt,15,0,0,many_players_zero_heads
Header/h50/Header_h50_f000066_t1.100.txt,16,0,0,many_players_zero_heads
Header/h50/Header_h50_f000072_t1.200.txt,16,0,0,many_players_zero_heads
Header/h50/Header_h50_f000078_t1.300.txt,15,0,0,many_players_zero_heads
Header/h50/Header_h50_f000084_t1.400.txt,17,0,0,many_players_zero_heads
Header/h50/Header_h50_f000090_t1.500.txt,16,0,0,many_players_zero_heads
Header/h50/Header_h50_f000096_t1.600.txt,16,0,0,many_players_zero_heads
Header/h50/Header_h50_f000102_t1.700.txt,17,0,0,many_players_zero_heads
Header/h50/Header_h50_f000108_t1.800.txt,14,0,0,many_players_zero_heads
Header/h50/Header_h50_f000114_t1.900.txt,14,0,0,many_players_zero_heads
Header/h50/Header_h50_f000120_t2.000.txt,12,0,0,many_players_zero_heads
Header/h50/Header_h50_f000126_t2.100.txt,14,0,0,many_players_zero_heads
Header/h50/Header_h50_f000132_t2.200.txt,15,0,0,many_players_zero_heads
Header/h50/Header_h50_f000138_t2.300.txt,15,0,0,many_players_zero_heads
Header/h50/Header_h50_f000144_t2.400.txt,15,0,0,many_players_zero_heads
Header/h50/Header_h50_f000150_t2.500.txt,16,0,0,many_players_zero_heads
Header/h50/Header_h50_f000156_t2.600.txt,16,0,0,many_players_zero_heads
Header/h50/Header_h50_f000162_t2.700.txt,16,0,0,many_players_zero_heads
Header/h50/Header_h50_f000168_t2.800.txt,14,0,0,many_players_zero_heads
Header/h50/Header_h50_f000174_t2.900.txt,15,0,0,many_players_zero_heads
Header/h50/Header_h50_f000180_t3.000.txt,14,0,0,many_players_zero_heads
Header/h50/Header_h50_f000186_t3.100.txt,15,0,0,many_players_zero_heads
Header/h50/Header_h50_f000192_t3.200.txt,14,0,0,many_players_zero_heads
Header/h50/Header_h50_f000198_t3.300.txt,15,0,0,many_players_zero_heads
Header/h50/Header_h50_f000204_t3.400.txt,15,0,0,many_players_zero_heads
Header/h50/Header_h50_f000210_t3.500.txt,15,0,0,many_players_zero_heads
Header/h50/Header_h50_f000216_t3.600.txt,14,0,0,many_players_zero_heads
Header/h50/Header_h50_f000222_t3.700.txt,12,0,0,many_players_zero_heads
Header/h50/Header_h50_f000228_t3.800.txt,12,0,0,many_players_zero_heads
Header/h50/Header_h50_f000234_t3.900.txt,13,0,0,many_players_zero_heads
Header/h50/Header_h50_f000240_t4.000.txt,13,0,0,many_players_zero_heads
Header/h50/Header_h50_f000246_t4.100.txt,12,0,0,many_players_zero_heads
Header/h50/Header_h50_f000252_t4.200.txt,13,0,0,many_players_zero_heads
Header/h50/Header_h50_f000258_t4.300.txt,12,0,0,many_players_zero_heads
Header/h50/Header_h50_f000264_t4.400.txt,13,0,0,many_players_zero_heads
Header/h50/Header_h50_f000270_t4.500.txt,13,0,0,many_players_zero_heads
Header/h50/Header_h50_f000276_t4.600.txt,12,0,0,many_players_zero_heads
Header/h50/Header_h50_f000282_t4.700.txt,13,0,0,many_players_zero_heads
Header/h51/Header_h51_f000000_t0.000.txt,0,0,0,zero_players
Header/h51/Header_h51_f000006_t0.100.txt,0,0,0,zero_players
Header/h51/Header_h51_f000018_t0.300.txt,7,0,0,many_players_zero_heads
Header/h51/Header_h51_f000024_t0.400.txt,9,0,0,many_players_zero_heads
Header/h51/Header_h51_f000030_t0.500.txt,10,1,0,many_players_zero_heads
Header/h51/Header_h51_f000036_t0.600.txt,10,1,0,many_players_zero_heads
Header/h51/Header_h51_f000042_t0.700.txt,10,0,0,many_players_zero_heads
Header/h51/Header_h51_f000048_t0.800.txt,9,0,0,many_players_zero_heads
Header/h51/Header_h51_f000054_t0.900.txt,10,1,0,many_players_zero_heads
Header/h51/Header_h51_f000060_t1.000.txt,10,0,0,many_players_zero_heads
Header/h51/Header_h51_f000066_t1.100.txt,10,0,0,many_players_zero_heads
Header/h51/Header_h51_f000072_t1.200.txt,10,1,0,many_players_zero_heads
Header/h51/Header_h51_f000078_t1.300.txt,11,0,0,many_players_zero_heads
Header/h51/Header_h51_f000084_t1.400.txt,11,0,0,many_players_zero_heads
Header/h51/Header_h51_f000090_t1.500.txt,11,0,0,many_players_zero_heads
Header/h51/Header_h51_f000096_t1.600.txt,11,0,0,many_players_zero_heads
Header/h51/Header_h51_f000102_t1.700.txt,10,0,0,many_players_zero_heads
Header/h51/Header_h51_f000108_t1.800.txt,7,0,0,many_players_zero_heads
Header/h51/Header_h51_f000114_t1.900.txt,8,0,0,many_players_zero_heads
Header/h51/Header_h51_f000120_t2.000.txt,8,0,0,many_players_zero_heads
Header/h51/Header_h51_f000126_t2.100.txt,10,0,0,many_players_zero_heads
Header/h51/Header_h51_f000132_t2.200.txt,11,0,0,many_players_zero_heads
Header/h51/Header_h51_f000138_t2.300.txt,13,0,0,many_players_zero_heads
Header/h51/Header_h51_f000144_t2.400.txt,13,0,0,many_players_zero_heads
Header/h51/Header_h51_f000150_t2.500.txt,11,0,0,many_players_zero_heads
Header/h51/Header_h51_f000156_t2.600.txt,11,0,0,many_players_zero_heads
Header/h51/Header_h51_f000162_t2.700.txt,12,0,0,many_players_zero_heads
Header/h51/Header_h51_f000168_t2.800.txt,10,0,0,many_players_zero_heads
Header/h51/Header_h51_f000174_t2.900.txt,8,0,0,many_players_zero_heads
Header/h51/Header_h51_f000180_t3.000.txt,11,0,0,many_players_zero_heads
Header/h51/Header_h51_f000186_t3.100.txt,10,0,0,many_players_zero_heads
Header/h51/Header_h51_f000192_t3.200.txt,11,0,0,many_players_zero_heads
Header/h51/Header_h51_f000198_t3.300.txt,11,0,0,many_players_zero_heads
Header/h51/Header_h51_f000204_t3.400.txt,11,0,0,many_players_zero_heads
Header/h51/Header_h51_f000210_t3.500.txt,12,1,0,many_players_zero_heads
Header/h51/Header_h51_f000216_t3.600.txt,12,1,0,many_players_zero_heads
Header/h51/Header_h51_f000222_t3.700.txt,13,0,0,many_players_zero_heads
Header/h51/Header_h51_f000228_t3.800.txt,13,0,0,many_players_zero_heads
Header/h51/Header_h51_f000234_t3.900.txt,13,1,0,many_players_zero_heads
Header/h51/Header_h51_f000240_t4.000.txt,13,0,0,many_players_zero_heads
Header/h51/Header_h51_f000246_t4.100.txt,12,0,0,many_players_zero_heads
Header/h51/Header_h51_f000252_t4.200.txt,11,1,0,many_players_zero_heads
Header/h51/Header_h51_f000258_t4.300.txt,11,0,0,many_players_zero_heads
Header/h51/Header_h51_f000264_t4.400.txt,10,0,0,many_players_zero_heads
Header/h51/Header_h51_f000270_t4.500.txt,10,1,0,many_players_zero_heads
Header/h51/Header_h51_f000276_t4.600.txt,10,0,0,many_players_zero_heads
Header/h51/Header_h51_f000282_t4.700.txt,11,0,0,many_players_zero_heads
Header/h51/Header_h51_f000288_t4.800.txt,11,0,0,many_players_zero_heads
Header/h51/Header_h51_f000294_t4.900.txt,11,0,0,many_players_zero_heads
Header/h51/Header_h51_f000300_t5.000.txt,10,0,0,many_players_zero_heads
Header/h51/Header_h51_f000306_t5.100.txt,11,0,0,many_players_zero_heads
Header/h51/Header_h51_f000312_t5.200.txt,11,0,0,many_players_zero_heads
Header/h51/Header_h51_f000318_t5.300.txt,11,1,0,many_players_zero_heads
Header/h51/Header_h51_f000324_t5.400.txt,10,0,0,many_players_zero_heads
Header/h51/Header_h51_f000330_t5.500.txt,11,0,0,many_players_zero_heads
Header/h51/Header_h51_f000336_t5.600.txt,11,0,0,many_players_zero_heads
Header/h52/Header_h52_f000012_t0.200.txt,8,0,0,many_players_zero_heads
Header/h52/Header_h52_f000018_t0.300.txt,8,0,0,many_players_zero_heads
Header/h52/Header_h52_f000024_t0.400.txt,7,0,0,many_players_zero_heads
Header/h52/Header_h52_f000030_t0.500.txt,7,0,0,many_players_zero_heads
Header/h52/Header_h52_f000036_t0.600.txt,5,0,0,many_players_zero_heads
Header/h52/Header_h52_f000042_t0.700.txt,6,0,0,many_players_zero_heads
Header/h52/Header_h52_f000048_t0.800.txt,6,0,0,many_players_zero_heads
Header/h52/Header_h52_f000054_t0.900.txt,7,0,0,many_players_zero_heads
Header/h52/Header_h52_f000060_t1.000.txt,6,0,0,many_players_zero_heads
Header/h52/Header_h52_f000066_t1.100.txt,8,0,0,many_players_zero_heads
Header/h52/Header_h52_f000072_t1.200.txt,7,0,0,many_players_zero_heads
Header/h52/Header_h52_f000078_t1.300.txt,5,0,0,many_players_zero_heads
Header/h52/Header_h52_f000084_t1.400.txt,5,0,0,many_players_zero_heads
Header/h52/Header_h52_f000090_t1.500.txt,7,0,0,many_players_zero_heads
Header/h52/Header_h52_f000096_t1.600.txt,6,0,0,many_players_zero_heads
Header/h52/Header_h52_f000102_t1.700.txt,7,0,0,many_players_zero_heads
Header/h52/Header_h52_f000108_t1.800.txt,8,0,0,many_players_zero_heads
Header/h52/Header_h52_f000114_t1.900.txt,8,0,0,many_players_zero_heads
Header/h52/Header_h52_f000120_t2.000.txt,7,0,0,many_players_zero_heads
Header/h52/Header_h52_f000126_t2.100.txt,9,0,0,many_players_zero_heads
Header/h52/Header_h52_f000132_t2.200.txt,11,0,0,many_players_zero_heads
Header/h52/Header_h52_f000138_t2.300.txt,11,0,0,many_players_zero_heads
Header/h52/Header_h52_f000144_t2.400.txt,12,0,0,many_players_zero_heads
Header/h52/Header_h52_f000150_t2.500.txt,12,0,0,many_players_zero_heads
Header/h52/Header_h52_f000156_t2.600.txt,12,0,0,many_players_zero_heads
Header/h52/Header_h52_f000162_t2.700.txt,12,0,0,many_players_zero_heads
Header/h52/Header_h52_f000180_t3.000.txt,11,0,0,many_players_zero_heads
Header/h52/Header_h52_f000186_t3.100.txt,11,0,0,many_players_zero_heads
Header/h52/Header_h52_f000204_t3.400.txt,12,0,0,many_players_zero_heads
Header/h52/Header_h52_f000210_t3.500.txt,8,0,0,many_players_zero_heads
Header/h52/Header_h52_f000216_t3.600.txt,12,0,0,many_players_zero_heads
Header/h52/Header_h52_f000222_t3.700.txt,11,0,0,many_players_zero_heads
Header/h52/Header_h52_f000228_t3.800.txt,12,0,0,many_players_zero_heads
Header/h52/Header_h52_f000234_t3.900.txt,12,0,0,many_players_zero_heads
Header/h52/Header_h52_f000240_t4.000.txt,13,0,0,many_players_zero_heads
Header/h52/Header_h52_f000246_t4.100.txt,14,0,0,many_players_zero_heads
Header/h52/Header_h52_f000252_t4.200.txt,15,1,0,many_players_zero_heads
Header/h52/Header_h52_f000258_t4.300.txt,15,0,0,many_players_zero_heads
Header/h52/Header_h52_f000264_t4.400.txt,13,0,0,many_players_zero_heads
Header/h52/Header_h52_f000270_t4.500.txt,16,0,0,many_players_zero_heads
Header/h52/Header_h52_f000276_t4.600.txt,15,0,0,many_players_zero_heads
Header/h52/Header_h52_f000282_t4.700.txt,11,0,0,many_players_zero_heads
Header/h52/Header_h52_f000288_t4.800.txt,11,0,0,many_players_zero_heads
Header/h52/Header_h52_f000294_t4.900.txt,11,0,0,many_players_zero_heads
Header/h52/Header_h52_f000300_t5.000.txt,13,0,0,many_players_zero_heads
Header/h52/Header_h52_f000306_t5.100.txt,13,0,0,many_players_zero_heads
Header/h52/Header_h52_f000312_t5.200.txt,12,0,0,many_players_zero_heads
Header/h52/Header_h52_f000318_t5.300.txt,13,0,0,many_players_zero_heads
Header/h52/Header_h52_f000324_t5.400.txt,12,0,0,many_players_zero_heads
Header/h52/Header_h52_f000330_t5.500.txt,12,0,0,many_players_zero_heads
Header/h52/Header_h52_f000336_t5.600.txt,13,0,0,many_players_zero_heads
Header/h52/Header_h52_f000342_t5.700.txt,15,0,0,many_players_zero_heads
Header/h52/Header_h52_f000348_t5.800.txt,16,0,0,many_players_zero_heads
Header/h52/Header_h52_f000354_t5.900.txt,16,0,0,many_players_zero_heads
Header/h52/Header_h52_f000360_t6.000.txt,17,0,0,many_players_zero_heads
Header/h52/Header_h52_f000366_t6.100.txt,16,0,0,many_players_zero_heads
Header/h52/Header_h52_f000372_t6.200.txt,14,0,0,many_players_zero_heads
Header/h52/Header_h52_f000378_t6.300.txt,14,0,0,many_players_zero_heads
Header/h52/Header_h52_f000384_t6.400.txt,14,0,0,many_players_zero_heads
Header/h52/Header_h52_f000390_t6.500.txt,12,0,0,many_players_zero_heads
Header/h52/Header_h52_f000396_t6.600.txt,12,0,0,many_players_zero_heads
Header/h52/Header_h52_f000402_t6.700.txt,12,0,0,many_players_zero_heads
Header/h52/Header_h52_f000408_t6.800.txt,10,0,0,many_players_zero_heads
Header/h52/Header_h52_f000414_t6.900.txt,11,0,0,many_players_zero_heads
Header/h52/Header_h52_f000420_t7.000.txt,9,0,0,many_players_zero_heads
Header/h53/Header_h53_f000000_t0.000.txt,0,0,0,zero_players
Header/h53/Header_h53_f000006_t0.100.txt,0,0,0,zero_players
Header/h53/Header_h53_f000012_t0.200.txt,0,0,0,zero_players
Header/h53/Header_h53_f000018_t0.300.txt,0,0,0,zero_players
Header/h53/Header_h53_f000024_t0.400.txt,0,0,0,zero_players
Header/h53/Header_h53_f000030_t0.500.txt,0,0,0,zero_players
Header/h53/Header_h53_f000036_t0.600.txt,0,0,0,zero_players
Header/h53/Header_h53_f000042_t0.700.txt,0,0,0,zero_players
Header/h53/Header_h53_f000048_t0.800.txt,0,0,0,zero_players
Header/h53/Header_h53_f000054_t0.900.txt,0,0,0,zero_players
Header/h53/Header_h53_f000066_t1.100.txt,15,0,0,many_players_zero_heads
Header/h53/Header_h53_f000072_t1.200.txt,15,0,0,many_players_zero_heads
Header/h53/Header_h53_f000078_t1.300.txt,15,0,0,many_players_zero_heads
Header/h53/Header_h53_f000096_t1.600.txt,16,0,0,many_players_zero_heads
Header/h53/Header_h53_f000102_t1.700.txt,15,0,0,many_players_zero_heads
Header/h53/Header_h53_f000108_t1.800.txt,12,0,0,many_players_zero_heads
Header/h53/Header_h53_f000114_t1.900.txt,14,0,0,many_players_zero_heads
Header/h53/Header_h53_f000120_t2.000.txt,12,0,0,many_players_zero_heads
Header/h53/Header_h53_f000126_t2.100.txt,11,0,0,many_players_zero_heads
Header/h53/Header_h53_f000132_t2.200.txt,11,0,0,many_players_zero_heads
Header/h53/Header_h53_f000138_t2.300.txt,12,0,0,many_players_zero_heads
Header/h53/Header_h53_f000144_t2.400.txt,12,0,0,many_players_zero_heads
Header/h53/Header_h53_f000150_t2.500.txt,13,0,0,many_players_zero_heads
Header/h53/Header_h53_f000156_t2.600.txt,12,0,0,many_players_zero_heads
Header/h53/Header_h53_f000162_t2.700.txt,12,0,0,many_players_zero_heads
Header/h54/Header_h54_f000030_t0.500.txt,12,0,0,many_players_zero_heads
Header/h54/Header_h54_f000036_t0.600.txt,12,0,0,many_players_zero_heads
Header/h54/Header_h54_f000042_t0.700.txt,15,0,0,many_players_zero_heads
Header/h54/Header_h54_f000048_t0.800.txt,12,0,0,many_players_zero_heads
Header/h54/Header_h54_f000054_t0.900.txt,13,0,0,many_players_zero_heads
Header/h54/Header_h54_f000060_t1.000.txt,14,0,0,many_players_zero_heads
Header/h54/Header_h54_f000066_t1.100.txt,15,0,0,many_players_zero_heads
Header/h54/Header_h54_f000072_t1.200.txt,14,0,0,many_players_zero_heads
Header/h54/Header_h54_f000078_t1.300.txt,14,0,0,many_players_zero_heads
Header/h54/Header_h54_f000084_t1.400.txt,14,0,0,many_players_zero_heads
Header/h54/Header_h54_f000090_t1.500.txt,13,0,0,many_players_zero_heads
Header/h54/Header_h54_f000096_t1.600.txt,13,0,0,many_players_zero_heads
Header/h54/Header_h54_f000102_t1.700.txt,13,0,0,many_players_zero_heads
Header/h54/Header_h54_f000108_t1.800.txt,13,0,0,many_players_zero_heads
Header/h54/Header_h54_f000114_t1.900.txt,14,0,0,many_players_zero_heads
Header/h54/Header_h54_f000120_t2.000.txt,11,0,0,many_players_zero_heads
Header/h54/Header_h54_f000126_t2.100.txt,13,0,0,many_players_zero_heads
Header/h54/Header_h54_f000132_t2.200.txt,12,0,0,many_players_zero_heads
Header/h54/Header_h54_f000138_t2.300.txt,12,0,0,many_players_zero_heads
Header/h54/Header_h54_f000144_t2.400.txt,14,0,0,many_players_zero_heads
Header/h54/Header_h54_f000150_t2.500.txt,12,0,0,many_players_zero_heads
Header/h54/Header_h54_f000156_t2.600.txt,11,0,0,many_players_zero_heads
Header/h54/Header_h54_f000162_t2.700.txt,12,0,0,many_players_zero_heads
Header/h54/Header_h54_f000168_t2.800.txt,13,0,0,many_players_zero_heads
Header/h54/Header_h54_f000174_t2.900.txt,12,0,0,many_players_zero_heads
Header/h54/Header_h54_f000180_t3.000.txt,12,0,0,many_players_zero_heads
Header/h54/Header_h54_f000186_t3.100.txt,12,0,0,many_players_zero_heads
Header/h54/Header_h54_f000228_t3.800.txt,14,0,0,many_players_zero_heads
Header/h54/Header_h54_f000234_t3.900.txt,13,0,0,many_players_zero_heads
Header/h54/Header_h54_f000240_t4.000.txt,14,0,0,many_players_zero_heads
Header/h54/Header_h54_f000276_t4.600.txt,14,0,0,many_players_zero_heads
Header/h54/Header_h54_f000282_t4.700.txt,12,0,0,many_players_zero_heads
Header/h54/Header_h54_f000288_t4.800.txt,12,0,0,many_players_zero_heads
Header/h55/Header_h55_f000000_t0.000.txt,13,0,0,many_players_zero_heads
Header/h55/Header_h55_f000006_t0.100.txt,13,1,0,many_players_zero_heads
Header/h55/Header_h55_f000012_t0.200.txt,13,0,0,many_players_zero_heads
Header/h55/Header_h55_f000018_t0.300.txt,14,0,0,many_players_zero_heads
Header/h55/Header_h55_f000024_t0.400.txt,14,0,0,many_players_zero_heads
Header/h55/Header_h55_f000030_t0.500.txt,14,0,0,many_players_zero_heads
Header/h55/Header_h55_f000036_t0.600.txt,15,0,0,many_players_zero_heads
Header/h55/Header_h55_f000042_t0.700.txt,14,1,0,many_players_zero_heads
Header/h55/Header_h55_f000048_t0.800.txt,17,1,0,many_players_zero_heads
Header/h55/Header_h55_f000054_t0.900.txt,15,1,0,many_players_zero_heads
Header/h55/Header_h55_f000060_t1.000.txt,14,1,0,many_players_zero_heads
Header/h55/Header_h55_f000066_t1.100.txt,13,1,0,many_players_zero_heads
Header/h55/Header_h55_f000072_t1.200.txt,12,0,0,many_players_zero_heads
Header/h55/Header_h55_f000078_t1.300.txt,12,1,0,many_players_zero_heads
Header/h55/Header_h55_f000084_t1.400.txt,15,1,0,many_players_zero_heads
Header/h55/Header_h55_f000090_t1.500.txt,16,0,0,many_players_zero_heads
Header/h55/Header_h55_f000096_t1.600.txt,13,0,0,many_players_zero_heads
Header/h55/Header_h55_f000102_t1.700.txt,14,0,0,many_players_zero_heads
Header/h55/Header_h55_f000108_t1.800.txt,15,1,0,many_players_zero_heads
Header/h55/Header_h55_f000114_t1.900.txt,15,0,0,many_players_zero_heads
Header/h55/Header_h55_f000120_t2.000.txt,16,1,0,many_players_zero_heads
Header/h55/Header_h55_f000126_t2.100.txt,15,0,0,many_players_zero_heads
Header/h55/Header_h55_f000132_t2.200.txt,12,1,0,many_players_zero_heads
Header/h55/Header_h55_f000138_t2.300.txt,14,0,0,many_players_zero_heads
Header/h55/Header_h55_f000144_t2.400.txt,10,0,0,many_players_zero_heads
Header/h55/Header_h55_f000168_t2.800.txt,11,0,0,many_players_zero_heads
Header/h55/Header_h55_f000174_t2.900.txt,9,0,0,many_players_zero_heads
Header/h55/Header_h55_f000186_t3.100.txt,13,1,0,many_players_zero_heads
Header/h55/Header_h55_f000192_t3.200.txt,10,1,0,many_players_zero_heads
Header/h55/Header_h55_f000216_t3.600.txt,12,0,0,many_players_zero_heads
Header/h55/Header_h55_f000222_t3.700.txt,13,1,0,many_players_zero_heads
Header/h55/Header_h55_f000228_t3.800.txt,13,1,0,many_players_zero_heads
Header/h55/Header_h55_f000234_t3.900.txt,13,1,0,many_players_zero_heads
Header/h55/Header_h55_f000240_t4.000.txt,13,1,0,many_players_zero_heads
Header/h55/Header_h55_f000246_t4.100.txt,13,0,0,many_players_zero_heads
Header/h55/Header_h55_f000396_t6.600.txt,14,1,8,ball_larger_than_head
Header/h55/Header_h55_f000420_t7.000.txt,11,1,9,ball_larger_than_head
Header/h56/Header_h56_f000000_t0.000.txt,9,0,0,many_players_zero_heads
Header/h56/Header_h56_f000006_t0.100.txt,9,0,0,many_players_zero_heads
Header/h56/Header_h56_f000012_t0.200.txt,9,0,0,many_players_zero_heads
Header/h56/Header_h56_f000018_t0.300.txt,8,0,0,many_players_zero_heads
Header/h56/Header_h56_f000024_t0.400.txt,10,0,0,many_players_zero_heads
Header/h56/Header_h56_f000030_t0.500.txt,10,0,0,many_players_zero_heads
Header/h56/Header_h56_f000036_t0.600.txt,9,0,0,many_players_zero_heads
Header/h56/Header_h56_f000042_t0.700.txt,9,0,0,many_players_zero_heads
Header/h56/Header_h56_f000048_t0.800.txt,8,0,0,many_players_zero_heads
Header/h56/Header_h56_f000054_t0.900.txt,7,0,0,many_players_zero_heads
Header/h56/Header_h56_f000060_t1.000.txt,9,0,0,many_players_zero_heads
Header/h56/Header_h56_f000066_t1.100.txt,7,0,0,many_players_zero_heads
Header/h56/Header_h56_f000072_t1.200.txt,7,0,0,many_players_zero_heads
Header/h56/Header_h56_f000078_t1.300.txt,10,0,0,many_players_zero_heads
Header/h56/Header_h56_f000084_t1.400.txt,11,0,0,many_players_zero_heads
Header/h56/Header_h56_f000090_t1.500.txt,9,0,0,many_players_zero_heads
Header/h56/Header_h56_f000096_t1.600.txt,9,0,0,many_players_zero_heads
Header/h56/Header_h56_f000102_t1.700.txt,9,0,0,many_players_zero_heads
Header/h56/Header_h56_f000108_t1.800.txt,8,0,0,many_players_zero_heads
Header/h56/Header_h56_f000114_t1.900.txt,9,0,0,many_players_zero_heads
Header/h56/Header_h56_f000120_t2.000.txt,13,0,0,many_players_zero_heads
Header/h56/Header_h56_f000126_t2.100.txt,12,0,0,many_players_zero_heads
Header/h56/Header_h56_f000132_t2.200.txt,9,0,0,many_players_zero_heads
Header/h56/Header_h56_f000138_t2.300.txt,12,0,0,many_players_zero_heads
Header/h56/Header_h56_f000144_t2.400.txt,11,0,0,many_players_zero_heads
Header/h56/Header_h56_f000150_t2.500.txt,14,0,0,many_players_zero_heads
Header/h56/Header_h56_f000156_t2.600.txt,14,0,0,many_players_zero_heads
Header/h56/Header_h56_f000162_t2.700.txt,15,0,0,many_players_zero_heads
Header/h56/Header_h56_f000168_t2.800.txt,14,0,0,many_players_zero_heads
Header/h56/Header_h56_f000174_t2.900.txt,14,0,0,many_players_zero_heads
Header/h56/Header_h56_f000180_t3.000.txt,15,0,0,many_players_zero_heads
Header/h56/Header_h56_f000186_t3.100.txt,15,0,0,many_players_zero_heads
Header/h56/Header_h56_f000192_t3.200.txt,15,0,0,many_players_zero_heads
Header/h56/Header_h56_f000198_t3.300.txt,17,0,0,many_players_zero_heads
Header/h56/Header_h56_f000204_t3.400.txt,16,0,0,many_players_zero_heads
Header/h56/Header_h56_f000210_t3.500.txt,17,0,0,many_players_zero_heads
Header/h56/Header_h56_f000216_t3.600.txt,16,0,0,many_players_zero_heads
Header/h56/Header_h56_f000222_t3.700.txt,17,0,0,many_players_zero_heads
Header/h56/Header_h56_f000228_t3.800.txt,17,0,0,many_players_zero_heads
Header/h56/Header_h56_f000234_t3.900.txt,17,0,0,many_players_zero_heads
Header/h56/Header_h56_f000240_t4.000.txt,17,0,0,many_players_zero_heads
Header/h57/Header_h57_f000024_t0.400.txt,12,1,0,many_players_zero_heads
Header/h57/Header_h57_f000060_t1.000.txt,11,1,2,ball_larger_than_head
Header/h57/Header_h57_f000096_t1.600.txt,9,1,2,ball_larger_than_head
Header/h57/Header_h57_f000102_t1.700.txt,9,1,4,ball_larger_than_head
Header/h57/Header_h57_f000108_t1.800.txt,9,1,4,ball_larger_than_head
Header/h57/Header_h57_f000114_t1.900.txt,10,1,3,ball_larger_than_head
Header/h57/Header_h57_f000120_t2.000.txt,11,1,4,ball_larger_than_head
Header/h57/Header_h57_f000126_t2.100.txt,10,1,0,many_players_zero_heads
Header/h57/Header_h57_f000132_t2.200.txt,10,1,0,many_players_zero_heads
Header/h57/Header_h57_f000138_t2.300.txt,11,1,0,many_players_zero_heads
Header/h57/Header_h57_f000144_t2.400.txt,10,1,0,many_players_zero_heads
Header/h57/Header_h57_f000150_t2.500.txt,10,1,0,many_players_zero_heads
Header/h57/Header_h57_f000156_t2.600.txt,13,1,0,many_players_zero_heads
Header/h57/Header_h57_f000162_t2.700.txt,11,1,0,many_players_zero_heads
Header/h57/Header_h57_f000168_t2.800.txt,11,1,0,many_players_zero_heads
Header/h57/Header_h57_f000174_t2.900.txt,12,1,0,many_players_zero_heads
Header/h57/Header_h57_f000180_t3.000.txt,12,0,0,many_players_zero_heads
Header/h57/Header_h57_f000186_t3.100.txt,11,0,0,many_players_zero_heads
Header/h57/Header_h57_f000192_t3.200.txt,12,0,0,many_players_zero_heads
Header/h57/Header_h57_f000198_t3.300.txt,11,0,0,many_players_zero_heads
Header/h57/Header_h57_f000204_t3.400.txt,14,0,0,many_players_zero_heads
Header/h57/Header_h57_f000210_t3.500.txt,14,0,0,many_players_zero_heads
Header/h57/Header_h57_f000216_t3.600.txt,14,0,0,many_players_zero_heads
Header/h57/Header_h57_f000222_t3.700.txt,13,0,0,many_players_zero_heads
Header/h57/Header_h57_f000228_t3.800.txt,11,0,0,many_players_zero_heads
Header/h57/Header_h57_f000234_t3.900.txt,14,0,0,many_players_zero_heads
Header/h57/Header_h57_f000240_t4.000.txt,12,0,0,many_players_zero_heads
Header/h57/Header_h57_f000246_t4.100.txt,10,0,0,many_players_zero_heads
Header/h57/Header_h57_f000252_t4.200.txt,16,0,0,many_players_zero_heads
Header/h57/Header_h57_f000300_t5.000.txt,16,1,3,ball_larger_than_head
Header/h57/Header_h57_f000306_t5.100.txt,16,1,4,ball_larger_than_head
Header/h57/Header_h57_f000312_t5.200.txt,15,1,3,ball_larger_than_head
Header/h57/Header_h57_f000318_t5.300.txt,14,1,4,ball_larger_than_head
Header/h57/Header_h57_f000324_t5.400.txt,14,1,6,ball_larger_than_head
Header/h57/Header_h57_f000330_t5.500.txt,16,1,7,ball_larger_than_head
Header/h57/Header_h57_f000336_t5.600.txt,16,1,5,ball_larger_than_head
Header/h57/Header_h57_f000342_t5.700.txt,14,1,6,ball_larger_than_head
Header/h57/Header_h57_f000348_t5.800.txt,15,1,5,ball_larger_than_head
Header/h57/Header_h57_f000354_t5.900.txt,14,1,2,ball_larger_than_head
Header/h58/Header_h58_f000204_t3.400.txt,12,1,11,ball_larger_than_head
Header/h58/Header_h58_f000306_t5.100.txt,15,1,8,ball_larger_than_head
Header/h58/Header_h58_f000318_t5.300.txt,16,1,8,ball_larger_than_head
Header/h58/Header_h58_f000354_t5.900.txt,15,1,10,ball_larger_than_head
Header/h59/Header_h59_f000204_t3.400.txt,12,1,11,ball_larger_than_head
Header/h59/Header_h59_f000306_t5.100.txt,15,1,8,ball_larger_than_head
Header/h59/Header_h59_f000318_t5.300.txt,16,1,8,ball_larger_than_head
Header/h59/Header_h59_f000354_t5.900.txt,15,1,10,ball_larger_than_head
Header/h6/Header_h6_f000000_t0.000.txt,11,0,0,many_players_zero_heads
Header/h6/Header_h6_f000006_t0.100.txt,10,0,0,many_players_zero_heads
Header/h6/Header_h6_f000012_t0.200.txt,11,0,0,many_players_zero_heads
Header/h6/Header_h6_f000018_t0.300.txt,12,0,0,many_players_zero_heads
Header/h6/Header_h6_f000024_t0.400.txt,12,0,0,many_players_zero_heads
Header/h6/Header_h6_f000030_t0.500.txt,11,0,0,many_players_zero_heads
Header/h6/Header_h6_f000036_t0.600.txt,11,0,0,many_players_zero_heads
Header/h6/Header_h6_f000042_t0.700.txt,11,0,0,many_players_zero_heads
Header/h6/Header_h6_f000048_t0.800.txt,13,0,0,many_players_zero_heads
Header/h6/Header_h6_f000054_t0.900.txt,12,0,0,many_players_zero_heads
Header/h6/Header_h6_f000060_t1.000.txt,10,0,0,many_players_zero_heads
Header/h6/Header_h6_f000066_t1.100.txt,13,0,0,many_players_zero_heads
Header/h6/Header_h6_f000072_t1.200.txt,13,0,0,many_players_zero_heads
Header/h6/Header_h6_f000078_t1.300.txt,12,0,0,many_players_zero_heads
Header/h6/Header_h6_f000084_t1.400.txt,12,0,0,many_players_zero_heads
Header/h6/Header_h6_f000090_t1.500.txt,12,0,0,many_players_zero_heads
Header/h6/Header_h6_f000096_t1.600.txt,12,0,0,many_players_zero_heads
Header/h6/Header_h6_f000102_t1.700.txt,12,0,0,many_players_zero_heads
Header/h6/Header_h6_f000108_t1.800.txt,12,0,0,many_players_zero_heads
Header/h6/Header_h6_f000114_t1.900.txt,12,0,0,many_players_zero_heads
Header/h6/Header_h6_f000120_t2.000.txt,12,0,0,many_players_zero_heads
Header/h6/Header_h6_f000126_t2.100.txt,11,0,0,many_players_zero_heads
Header/h6/Header_h6_f000132_t2.200.txt,12,0,0,many_players_zero_heads
Header/h6/Header_h6_f000138_t2.300.txt,11,0,0,many_players_zero_heads
Header/h6/Header_h6_f000144_t2.400.txt,12,0,0,many_players_zero_heads
Header/h6/Header_h6_f000150_t2.500.txt,12,0,0,many_players_zero_heads
Header/h6/Header_h6_f000156_t2.600.txt,11,0,0,many_players_zero_heads
Header/h6/Header_h6_f000162_t2.700.txt,10,0,0,many_players_zero_heads
Header/h6/Header_h6_f000168_t2.800.txt,11,0,0,many_players_zero_heads
Header/h6/Header_h6_f000174_t2.900.txt,12,0,0,many_players_zero_heads
Header/h6/Header_h6_f000180_t3.000.txt,12,0,0,many_players_zero_heads
Header/h6/Header_h6_f000186_t3.100.txt,12,0,0,many_players_zero_heads
Header/h6/Header_h6_f000192_t3.200.txt,12,0,0,many_players_zero_heads
Header/h6/Header_h6_f000198_t3.300.txt,11,0,0,many_players_zero_heads
Header/h6/Header_h6_f000204_t3.400.txt,13,0,0,many_players_zero_heads
Header/h6/Header_h6_f000210_t3.500.txt,12,0,0,many_players_zero_heads
Header/h6/Header_h6_f000216_t3.600.txt,12,0,0,many_players_zero_heads
Header/h6/Header_h6_f000222_t3.700.txt,11,0,0,many_players_zero_heads
Header/h6/Header_h6_f000228_t3.800.txt,12,0,0,many_players_zero_heads
Header/h6/Header_h6_f000234_t3.900.txt,13,0,0,many_players_zero_heads
Header/h6/Header_h6_f000240_t4.000.txt,13,0,0,many_players_zero_heads
Header/h60/Header_h60_f000054_t0.900.txt,5,1,3,ball_larger_than_head
Header/h60/Header_h60_f000072_t1.200.txt,16,0,0,many_players_zero_heads
Header/h60/Header_h60_f000078_t1.300.txt,15,1,0,many_players_zero_heads
Header/h60/Header_h60_f000084_t1.400.txt,15,1,0,many_players_zero_heads
Header/h60/Header_h60_f000090_t1.500.txt,14,0,0,many_players_zero_heads
Header/h60/Header_h60_f000096_t1.600.txt,14,0,0,many_players_zero_heads
Header/h60/Header_h60_f000102_t1.700.txt,15,0,0,many_players_zero_heads
Header/h60/Header_h60_f000108_t1.800.txt,15,1,0,many_players_zero_heads
Header/h60/Header_h60_f000114_t1.900.txt,15,0,0,many_players_zero_heads
Header/h60/Header_h60_f000120_t2.000.txt,14,1,0,many_players_zero_heads
Header/h60/Header_h60_f000126_t2.100.txt,14,1,0,many_players_zero_heads
Header/h60/Header_h60_f000132_t2.200.txt,16,1,0,many_players_zero_heads
Header/h60/Header_h60_f000138_t2.300.txt,14,0,0,many_players_zero_heads
Header/h60/Header_h60_f000144_t2.400.txt,15,1,0,many_players_zero_heads
Header/h60/Header_h60_f000150_t2.500.txt,17,1,0,many_players_zero_heads
Header/h60/Header_h60_f000156_t2.600.txt,16,1,0,many_players_zero_heads
Header/h60/Header_h60_f000162_t2.700.txt,16,1,0,many_players_zero_heads
Header/h60/Header_h60_f000168_t2.800.txt,16,1,0,many_players_zero_heads
Header/h60/Header_h60_f000174_t2.900.txt,17,1,0,many_players_zero_heads
Header/h60/Header_h60_f000180_t3.000.txt,16,0,0,many_players_zero_heads
Header/h60/Header_h60_f000186_t3.100.txt,16,1,0,many_players_zero_heads
Header/h60/Header_h60_f000192_t3.200.txt,16,1,0,many_players_zero_heads
Header/h60/Header_h60_f000198_t3.300.txt,16,0,0,many_players_zero_heads
Header/h60/Header_h60_f000204_t3.400.txt,14,1,0,many_players_zero_heads
Header/h60/Header_h60_f000210_t3.500.txt,14,0,0,many_players_zero_heads
Header/h60/Header_h60_f000216_t3.600.txt,15,0,0,many_players_zero_heads
Header/h60/Header_h60_f000222_t3.700.txt,16,0,0,many_players_zero_heads
Header/h60/Header_h60_f000228_t3.800.txt,15,0,0,many_players_zero_heads
Header/h60/Header_h60_f000234_t3.900.txt,14,0,0,many_players_zero_heads
Header/h60/Header_h60_f000240_t4.000.txt,16,0,0,many_players_zero_heads
Header/h60/Header_h60_f000252_t4.200.txt,15,0,0,many_players_zero_heads
Header/h60/Header_h60_f000264_t4.400.txt,12,0,0,many_players_zero_heads
Header/h61/Header_h61_f000000_t0.000.txt,16,0,0,many_players_zero_heads
Header/h61/Header_h61_f000006_t0.100.txt,17,0,0,many_players_zero_heads
Header/h61/Header_h61_f000012_t0.200.txt,17,0,0,many_players_zero_heads
Header/h61/Header_h61_f000018_t0.300.txt,15,0,0,many_players_zero_heads
Header/h61/Header_h61_f000024_t0.400.txt,15,0,0,many_players_zero_heads
Header/h61/Header_h61_f000030_t0.500.txt,14,0,0,many_players_zero_heads
Header/h61/Header_h61_f000036_t0.600.txt,14,0,0,many_players_zero_heads
Header/h61/Header_h61_f000042_t0.700.txt,13,0,0,many_players_zero_heads
Header/h61/Header_h61_f000048_t0.800.txt,15,0,0,many_players_zero_heads
Header/h61/Header_h61_f000054_t0.900.txt,14,0,0,many_players_zero_heads
Header/h61/Header_h61_f000060_t1.000.txt,15,0,0,many_players_zero_heads
Header/h61/Header_h61_f000066_t1.100.txt,14,0,0,many_players_zero_heads
Header/h61/Header_h61_f000072_t1.200.txt,14,0,0,many_players_zero_heads
Header/h61/Header_h61_f000078_t1.300.txt,16,0,0,many_players_zero_heads
Header/h61/Header_h61_f000084_t1.400.txt,15,0,0,many_players_zero_heads
Header/h61/Header_h61_f000090_t1.500.txt,15,0,0,many_players_zero_heads
Header/h61/Header_h61_f000108_t1.800.txt,12,0,0,many_players_zero_heads
Header/h61/Header_h61_f000114_t1.900.txt,15,0,0,many_players_zero_heads
Header/h61/Header_h61_f000120_t2.000.txt,14,0,0,many_players_zero_heads
Header/h61/Header_h61_f000126_t2.100.txt,16,0,0,many_players_zero_heads
Header/h61/Header_h61_f000132_t2.200.txt,13,0,0,many_players_zero_heads
Header/h61/Header_h61_f000138_t2.300.txt,13,0,0,many_players_zero_heads
Header/h61/Header_h61_f000144_t2.400.txt,13,0,0,many_players_zero_heads
Header/h61/Header_h61_f000150_t2.500.txt,15,0,0,many_players_zero_heads
Header/h61/Header_h61_f000156_t2.600.txt,13,0,0,many_players_zero_heads
Header/h61/Header_h61_f000162_t2.700.txt,13,0,0,many_players_zero_heads
Header/h61/Header_h61_f000192_t3.200.txt,12,0,0,many_players_zero_heads
Header/h62/Header_h62_f000000_t0.000.txt,19,0,0,many_players_zero_heads
Header/h62/Header_h62_f000006_t0.100.txt,19,0,0,many_players_zero_heads
Header/h62/Header_h62_f000012_t0.200.txt,19,0,0,many_players_zero_heads
Header/h62/Header_h62_f000018_t0.300.txt,19,0,0,many_players_zero_heads
Header/h62/Header_h62_f000042_t0.700.txt,18,0,0,many_players_zero_heads
Header/h62/Header_h62_f000048_t0.800.txt,18,1,0,many_players_zero_heads
Header/h62/Header_h62_f000060_t1.000.txt,19,1,0,many_players_zero_heads
Header/h62/Header_h62_f000066_t1.100.txt,19,1,0,many_players_zero_heads
Header/h62/Header_h62_f000072_t1.200.txt,19,1,0,many_players_zero_heads
Header/h62/Header_h62_f000078_t1.300.txt,19,0,0,many_players_zero_heads
Header/h62/Header_h62_f000084_t1.400.txt,17,0,0,many_players_zero_heads
Header/h62/Header_h62_f000090_t1.500.txt,17,1,0,many_players_zero_heads
Header/h62/Header_h62_f000096_t1.600.txt,19,1,0,many_players_zero_heads
Header/h62/Header_h62_f000102_t1.700.txt,17,0,0,many_players_zero_heads
Header/h62/Header_h62_f000108_t1.800.txt,18,0,0,many_players_zero_heads
Header/h62/Header_h62_f000114_t1.900.txt,19,0,0,many_players_zero_heads
Header/h62/Header_h62_f000120_t2.000.txt,17,0,0,many_players_zero_heads
Header/h62/Header_h62_f000132_t2.200.txt,19,0,0,many_players_zero_heads
Header/h62/Header_h62_f000138_t2.300.txt,18,0,0,many_players_zero_heads
Header/h62/Header_h62_f000144_t2.400.txt,19,1,0,many_players_zero_heads
Header/h62/Header_h62_f000150_t2.500.txt,19,0,0,many_players_zero_heads
Header/h62/Header_h62_f000156_t2.600.txt,19,1,0,many_players_zero_heads
Header/h62/Header_h62_f000162_t2.700.txt,18,0,0,many_players_zero_heads
Header/h62/Header_h62_f000168_t2.800.txt,17,1,0,many_players_zero_heads
Header/h62/Header_h62_f000174_t2.900.txt,17,0,0,many_players_zero_heads
Header/h62/Header_h62_f000180_t3.000.txt,16,0,0,many_players_zero_heads
Header/h62/Header_h62_f000186_t3.100.txt,17,1,0,many_players_zero_heads
Header/h62/Header_h62_f000192_t3.200.txt,17,0,0,many_players_zero_heads
Header/h62/Header_h62_f000474_t7.900.txt,16,0,0,many_players_zero_heads
Header/h62/Header_h62_f000480_t8.000.txt,15,0,0,many_players_zero_heads
Header/h63/Header_h63_f000000_t0.000.txt,14,0,0,many_players_zero_heads
Header/h63/Header_h63_f000006_t0.100.txt,14,0,0,many_players_zero_heads
Header/h63/Header_h63_f000024_t0.400.txt,14,1,0,many_players_zero_heads
Header/h63/Header_h63_f000042_t0.700.txt,15,1,0,many_players_zero_heads
Header/h63/Header_h63_f000066_t1.100.txt,13,0,0,many_players_zero_heads
Header/h63/Header_h63_f000072_t1.200.txt,16,0,0,many_players_zero_heads
Header/h63/Header_h63_f000078_t1.300.txt,15,0,0,many_players_zero_heads
Header/h63/Header_h63_f000084_t1.400.txt,14,0,0,many_players_zero_heads
Header/h63/Header_h63_f000090_t1.500.txt,16,0,0,many_players_zero_heads
Header/h63/Header_h63_f000096_t1.600.txt,16,0,0,many_players_zero_heads
Header/h63/Header_h63_f000102_t1.700.txt,15,1,0,many_players_zero_heads
Header/h63/Header_h63_f000108_t1.800.txt,14,1,0,many_players_zero_heads
Header/h63/Header_h63_f000114_t1.900.txt,13,0,0,many_players_zero_heads
Header/h63/Header_h63_f000120_t2.000.txt,14,1,0,many_players_zero_heads
Header/h63/Header_h63_f000126_t2.100.txt,13,1,0,many_players_zero_heads
Header/h63/Header_h63_f000132_t2.200.txt,12,0,0,many_players_zero_heads
Header/h63/Header_h63_f000138_t2.300.txt,13,0,0,many_players_zero_heads
Header/h63/Header_h63_f000144_t2.400.txt,14,0,0,many_players_zero_heads
Header/h63/Header_h63_f000150_t2.500.txt,14,1,0,many_players_zero_heads
Header/h63/Header_h63_f000156_t2.600.txt,15,0,0,many_players_zero_heads
Header/h63/Header_h63_f000162_t2.700.txt,15,0,0,many_players_zero_heads
Header/h63/Header_h63_f000168_t2.800.txt,13,1,0,many_players_zero_heads
Header/h63/Header_h63_f000174_t2.900.txt,15,0,0,many_players_zero_heads
Header/h63/Header_h63_f000180_t3.000.txt,14,0,0,many_players_zero_heads
Header/h63/Header_h63_f000186_t3.100.txt,16,0,0,many_players_zero_heads
Header/h63/Header_h63_f000192_t3.200.txt,15,0,0,many_players_zero_heads
Header/h64/Header_h64_f000000_t0.000.txt,0,0,0,zero_players
Header/h64/Header_h64_f000006_t0.100.txt,0,0,0,zero_players
Header/h64/Header_h64_f000012_t0.200.txt,10,1,0,many_players_zero_heads
Header/h64/Header_h64_f000018_t0.300.txt,12,1,0,many_players_zero_heads
Header/h64/Header_h64_f000024_t0.400.txt,12,0,0,many_players_zero_heads
Header/h64/Header_h64_f000030_t0.500.txt,10,0,0,many_players_zero_heads
Header/h64/Header_h64_f000036_t0.600.txt,11,0,0,many_players_zero_heads
Header/h64/Header_h64_f000042_t0.700.txt,11,0,0,many_players_zero_heads
Header/h64/Header_h64_f000048_t0.800.txt,12,0,0,many_players_zero_heads
Header/h64/Header_h64_f000054_t0.900.txt,11,0,0,many_players_zero_heads
Header/h64/Header_h64_f000060_t1.000.txt,13,0,0,many_players_zero_heads
Header/h64/Header_h64_f000072_t1.200.txt,13,1,0,many_players_zero_heads
Header/h64/Header_h64_f000078_t1.300.txt,13,0,0,many_players_zero_heads
Header/h64/Header_h64_f000084_t1.400.txt,16,0,0,many_players_zero_heads
Header/h64/Header_h64_f000090_t1.500.txt,16,0,0,many_players_zero_heads
Header/h64/Header_h64_f000096_t1.600.txt,14,0,0,many_players_zero_heads
Header/h64/Header_h64_f000108_t1.800.txt,17,0,0,many_players_zero_heads
Header/h64/Header_h64_f000114_t1.900.txt,15,0,0,many_players_zero_heads
Header/h64/Header_h64_f000120_t2.000.txt,15,0,0,many_players_zero_heads
Header/h64/Header_h64_f000126_t2.100.txt,14,0,0,many_players_zero_heads
Header/h64/Header_h64_f000132_t2.200.txt,16,0,0,many_players_zero_heads
Header/h64/Header_h64_f000150_t2.500.txt,16,0,0,many_players_zero_heads
Header/h64/Header_h64_f000192_t3.200.txt,15,1,0,many_players_zero_heads
Header/h64/Header_h64_f000204_t3.400.txt,15,0,0,many_players_zero_heads
Header/h64/Header_h64_f000216_t3.600.txt,11,0,0,many_players_zero_heads
Header/h64/Header_h64_f000222_t3.700.txt,15,1,0,many_players_zero_heads
Header/h64/Header_h64_f000234_t3.900.txt,12,0,0,many_players_zero_heads
Header/h64/Header_h64_f000240_t4.000.txt,13,0,0,many_players_zero_heads
Header/h64/Header_h64_f000246_t4.100.txt,12,0,0,many_players_zero_heads
Header/h64/Header_h64_f000252_t4.200.txt,12,0,0,many_players_zero_heads
Header/h64/Header_h64_f000270_t4.500.txt,12,0,0,many_players_zero_heads
Header/h64/Header_h64_f000288_t4.800.txt,13,0,0,many_players_zero_heads
Header/h64/Header_h64_f000294_t4.900.txt,13,0,0,many_players_zero_heads
Header/h65/Header_h65_f000000_t0.000.txt,16,0,0,many_players_zero_heads
Header/h65/Header_h65_f000006_t0.100.txt,17,0,0,many_players_zero_heads
Header/h65/Header_h65_f000012_t0.200.txt,16,0,0,many_players_zero_heads
Header/h65/Header_h65_f000018_t0.300.txt,16,0,0,many_players_zero_heads
Header/h65/Header_h65_f000024_t0.400.txt,16,0,0,many_players_zero_heads
Header/h65/Header_h65_f000030_t0.500.txt,16,0,0,many_players_zero_heads
Header/h65/Header_h65_f000036_t0.600.txt,15,0,0,many_players_zero_heads
Header/h65/Header_h65_f000042_t0.700.txt,13,0,0,many_players_zero_heads
Header/h65/Header_h65_f000048_t0.800.txt,13,0,0,many_players_zero_heads
Header/h65/Header_h65_f000054_t0.900.txt,14,0,0,many_players_zero_heads
Header/h65/Header_h65_f000060_t1.000.txt,15,0,0,many_players_zero_heads
Header/h65/Header_h65_f000066_t1.100.txt,13,0,0,many_players_zero_heads
Header/h65/Header_h65_f000072_t1.200.txt,14,0,0,many_players_zero_heads
Header/h65/Header_h65_f000078_t1.300.txt,15,0,0,many_players_zero_heads
Header/h65/Header_h65_f000084_t1.400.txt,14,0,0,many_players_zero_heads
Header/h65/Header_h65_f000090_t1.500.txt,14,0,0,many_players_zero_heads
Header/h65/Header_h65_f000096_t1.600.txt,12,0,0,many_players_zero_heads
Header/h65/Header_h65_f000102_t1.700.txt,13,0,0,many_players_zero_heads
Header/h65/Header_h65_f000108_t1.800.txt,13,0,0,many_players_zero_heads
Header/h65/Header_h65_f000114_t1.900.txt,14,0,0,many_players_zero_heads
Header/h65/Header_h65_f000120_t2.000.txt,13,0,0,many_players_zero_heads
Header/h65/Header_h65_f000126_t2.100.txt,13,0,0,many_players_zero_heads
Header/h65/Header_h65_f000132_t2.200.txt,13,0,0,many_players_zero_heads
Header/h65/Header_h65_f000138_t2.300.txt,12,0,0,many_players_zero_heads
Header/h65/Header_h65_f000144_t2.400.txt,11,0,0,many_players_zero_heads
Header/h65/Header_h65_f000150_t2.500.txt,11,0,0,many_players_zero_heads
Header/h65/Header_h65_f000174_t2.900.txt,12,0,0,many_players_zero_heads
Header/h65/Header_h65_f000198_t3.300.txt,11,0,0,many_players_zero_heads
Header/h65/Header_h65_f000204_t3.400.txt,10,0,0,many_players_zero_heads
Header/h65/Header_h65_f000210_t3.500.txt,11,0,0,many_players_zero_heads
Header/h65/Header_h65_f000216_t3.600.txt,11,0,0,many_players_zero_heads
Header/h65/Header_h65_f000222_t3.700.txt,11,0,0,many_players_zero_heads
Header/h66/Header_h66_f000000_t0.000.txt,20,0,0,many_players_zero_heads
Header/h66/Header_h66_f000006_t0.100.txt,20,0,0,many_players_zero_heads
Header/h66/Header_h66_f000012_t0.200.txt,20,0,0,many_players_zero_heads
Header/h66/Header_h66_f000018_t0.300.txt,20,0,0,many_players_zero_heads
Header/h66/Header_h66_f000024_t0.400.txt,21,1,0,many_players_zero_heads
Header/h66/Header_h66_f000030_t0.500.txt,19,1,0,many_players_zero_heads
Header/h66/Header_h66_f000036_t0.600.txt,19,1,0,many_players_zero_heads
Header/h66/Header_h66_f000042_t0.700.txt,16,1,0,many_players_zero_heads
Header/h66/Header_h66_f000048_t0.800.txt,17,0,0,many_players_zero_heads
Header/h66/Header_h66_f000054_t0.900.txt,18,1,0,many_players_zero_heads
Header/h66/Header_h66_f000060_t1.000.txt,19,0,0,many_players_zero_heads
Header/h66/Header_h66_f000066_t1.100.txt,19,1,0,many_players_zero_heads
Header/h66/Header_h66_f000072_t1.200.txt,18,1,0,many_players_zero_heads
Header/h66/Header_h66_f000078_t1.300.txt,17,1,0,many_players_zero_heads
Header/h66/Header_h66_f000084_t1.400.txt,17,0,0,many_players_zero_heads
Header/h66/Header_h66_f000090_t1.500.txt,17,1,0,many_players_zero_heads
Header/h66/Header_h66_f000096_t1.600.txt,17,1,0,many_players_zero_heads
Header/h66/Header_h66_f000102_t1.700.txt,19,0,0,many_players_zero_heads
Header/h66/Header_h66_f000108_t1.800.txt,18,0,0,many_players_zero_heads
Header/h66/Header_h66_f000114_t1.900.txt,17,0,0,many_players_zero_heads
Header/h66/Header_h66_f000120_t2.000.txt,18,0,0,many_players_zero_heads
Header/h66/Header_h66_f000126_t2.100.txt,15,0,0,many_players_zero_heads
Header/h66/Header_h66_f000132_t2.200.txt,15,0,0,many_players_zero_heads
Header/h66/Header_h66_f000138_t2.300.txt,18,1,0,many_players_zero_heads
Header/h66/Header_h66_f000144_t2.400.txt,18,1,0,many_players_zero_heads
Header/h66/Header_h66_f000150_t2.500.txt,18,1,0,many_players_zero_heads
Header/h66/Header_h66_f000156_t2.600.txt,18,0,0,many_players_zero_heads
Header/h66/Header_h66_f000162_t2.700.txt,18,0,0,many_players_zero_heads
Header/h66/Header_h66_f000168_t2.800.txt,18,0,0,many_players_zero_heads
Header/h66/Header_h66_f000174_t2.900.txt,18,0,0,many_players_zero_heads
Header/h66/Header_h66_f000180_t3.000.txt,18,1,0,many_players_zero_heads
Header/h66/Header_h66_f000186_t3.100.txt,18,1,0,many_players_zero_heads
Header/h66/Header_h66_f000192_t3.200.txt,18,0,0,many_players_zero_heads
Header/h66/Header_h66_f000198_t3.300.txt,19,0,0,many_players_zero_heads
Header/h66/Header_h66_f000204_t3.400.txt,18,0,0,many_players_zero_heads
Header/h66/Header_h66_f000210_t3.500.txt,17,0,0,many_players_zero_heads
Header/h66/Header_h66_f000216_t3.600.txt,18,0,0,many_players_zero_heads
Header/h66/Header_h66_f000222_t3.700.txt,17,0,0,many_players_zero_heads
Header/h66/Header_h66_f000228_t3.800.txt,14,0,0,many_players_zero_heads
Header/h66/Header_h66_f000234_t3.900.txt,16,0,0,many_players_zero_heads
Header/h66/Header_h66_f000240_t4.000.txt,15,1,0,many_players_zero_heads
Header/h66/Header_h66_f000246_t4.100.txt,15,0,0,many_players_zero_heads
Header/h66/Header_h66_f000252_t4.200.txt,15,0,0,many_players_zero_heads
Header/h66/Header_h66_f000258_t4.300.txt,15,0,0,many_players_zero_heads
Header/h66/Header_h66_f000264_t4.400.txt,14,0,0,many_players_zero_heads
Header/h66/Header_h66_f000270_t4.500.txt,13,0,0,many_players_zero_heads
Header/h66/Header_h66_f000276_t4.600.txt,16,0,0,many_players_zero_heads
Header/h66/Header_h66_f000282_t4.700.txt,16,0,0,many_players_zero_heads
Header/h66/Header_h66_f000288_t4.800.txt,16,0,0,many_players_zero_heads
Header/h66/Header_h66_f000294_t4.900.txt,16,0,0,many_players_zero_heads
Header/h66/Header_h66_f000300_t5.000.txt,17,0,0,many_players_zero_heads
Header/h66/Header_h66_f000306_t5.100.txt,16,0,0,many_players_zero_heads
Header/h66/Header_h66_f000312_t5.200.txt,17,0,0,many_players_zero_heads
Header/h66/Header_h66_f000318_t5.300.txt,14,0,0,many_players_zero_heads
Header/h66/Header_h66_f000324_t5.400.txt,13,0,0,many_players_zero_heads
Header/h66/Header_h66_f000330_t5.500.txt,13,0,0,many_players_zero_heads
Header/h66/Header_h66_f000336_t5.600.txt,14,0,0,many_players_zero_heads
Header/h66/Header_h66_f000342_t5.700.txt,14,0,0,many_players_zero_heads
Header/h66/Header_h66_f000348_t5.800.txt,13,0,0,many_players_zero_heads
Header/h66/Header_h66_f000354_t5.900.txt,10,0,0,many_players_zero_heads
Header/h66/Header_h66_f000360_t6.000.txt,14,0,0,many_players_zero_heads
Header/h67/Header_h67_f000000_t0.000.txt,9,1,5,ball_larger_than_head
Header/h67/Header_h67_f000006_t0.100.txt,8,1,5,ball_larger_than_head
Header/h67/Header_h67_f000024_t0.400.txt,4,1,4,ball_larger_than_head
Header/h67/Header_h67_f000030_t0.500.txt,3,1,3,ball_larger_than_head
Header/h67/Header_h67_f000036_t0.600.txt,3,1,3,ball_larger_than_head
Header/h67/Header_h67_f000042_t0.700.txt,3,1,2,ball_larger_than_head
Header/h67/Header_h67_f000048_t0.800.txt,3,1,2,ball_larger_than_head
Header/h67/Header_h67_f000054_t0.900.txt,3,1,2,ball_larger_than_head
Header/h67/Header_h67_f000060_t1.000.txt,3,1,0,many_players_zero_heads
Header/h67/Header_h67_f000066_t1.100.txt,2,1,0,many_players_zero_heads
Header/h67/Header_h67_f000072_t1.200.txt,4,1,4,ball_larger_than_head
Header/h67/Header_h67_f000078_t1.300.txt,3,1,3,ball_larger_than_head
Header/h67/Header_h67_f000084_t1.400.txt,4,1,3,ball_larger_than_head
Header/h67/Header_h67_f000090_t1.500.txt,5,1,5,ball_larger_than_head
Header/h67/Header_h67_f000102_t1.700.txt,7,1,5,ball_larger_than_head
Header/h67/Header_h67_f000108_t1.800.txt,6,1,4,ball_larger_than_head
Header/h67/Header_h67_f000114_t1.900.txt,7,1,6,ball_larger_than_head
Header/h67/Header_h67_f000126_t2.100.txt,5,1,4,ball_larger_than_head
Header/h67/Header_h67_f000132_t2.200.txt,5,1,5,ball_larger_than_head
Header/h67/Header_h67_f000138_t2.300.txt,5,1,5,ball_larger_than_head
Header/h67/Header_h67_f000144_t2.400.txt,6,1,5,ball_larger_than_head
Header/h67/Header_h67_f000150_t2.500.txt,6,1,6,ball_larger_than_head
Header/h67/Header_h67_f000162_t2.700.txt,7,1,6,ball_larger_than_head
Header/h67/Header_h67_f000168_t2.800.txt,6,1,6,ball_larger_than_head
Header/h67/Header_h67_f000174_t2.900.txt,8,1,5,ball_larger_than_head
Header/h67/Header_h67_f000180_t3.000.txt,6,1,5,ball_larger_than_head
Header/h67/Header_h67_f000186_t3.100.txt,7,1,6,ball_larger_than_head
Header/h67/Header_h67_f000192_t3.200.txt,6,1,6,ball_larger_than_head
Header/h67/Header_h67_f000198_t3.300.txt,6,1,6,ball_larger_than_head
Header/h67/Header_h67_f000204_t3.400.txt,5,1,5,ball_larger_than_head
Header/h67/Header_h67_f000210_t3.500.txt,5,1,4,ball_larger_than_head
Header/h67/Header_h67_f000216_t3.600.txt,5,1,4,ball_larger_than_head
Header/h67/Header_h67_f000222_t3.700.txt,5,1,4,ball_larger_than_head
Header/h67/Header_h67_f000228_t3.800.txt,4,1,4,ball_larger_than_head
Header/h67/Header_h67_f000234_t3.900.txt,4,1,4,ball_larger_than_head
Header/h67/Header_h67_f000240_t4.000.txt,4,1,4,ball_larger_than_head
Header/h67/Header_h67_f000246_t4.100.txt,4,1,4,ball_larger_than_head
Header/h67/Header_h67_f000252_t4.200.txt,4,1,4,ball_larger_than_head
Header/h67/Header_h67_f000258_t4.300.txt,5,1,4,ball_larger_than_head
Header/h67/Header_h67_f000300_t5.000.txt,6,1,4,ball_larger_than_head
Header/h68/Header_h68_f000000_t0.000.txt,15,0,0,many_players_zero_heads
Header/h68/Header_h68_f000006_t0.100.txt,16,0,0,many_players_zero_heads
Header/h68/Header_h68_f000012_t0.200.txt,15,0,0,many_players_zero_heads
Header/h68/Header_h68_f000018_t0.300.txt,16,0,0,many_players_zero_heads
Header/h68/Header_h68_f000024_t0.400.txt,16,0,0,many_players_zero_heads
Header/h68/Header_h68_f000030_t0.500.txt,15,0,0,many_players_zero_heads
Header/h68/Header_h68_f000036_t0.600.txt,15,0,0,many_players_zero_heads
Header/h68/Header_h68_f000042_t0.700.txt,15,0,0,many_players_zero_heads
Header/h68/Header_h68_f000048_t0.800.txt,14,0,0,many_players_zero_heads
Header/h68/Header_h68_f000054_t0.900.txt,13,0,0,many_players_zero_heads
Header/h68/Header_h68_f000060_t1.000.txt,15,0,0,many_players_zero_heads
Header/h68/Header_h68_f000066_t1.100.txt,13,0,0,many_players_zero_heads
Header/h68/Header_h68_f000072_t1.200.txt,16,0,0,many_players_zero_heads
Header/h68/Header_h68_f000078_t1.300.txt,15,0,0,many_players_zero_heads
Header/h68/Header_h68_f000084_t1.400.txt,16,0,0,many_players_zero_heads
Header/h68/Header_h68_f000090_t1.500.txt,14,1,0,many_players_zero_heads
Header/h68/Header_h68_f000096_t1.600.txt,15,0,0,many_players_zero_heads
Header/h68/Header_h68_f000102_t1.700.txt,15,0,0,many_players_zero_heads
Header/h68/Header_h68_f000108_t1.800.txt,14,1,0,many_players_zero_heads
Header/h68/Header_h68_f000114_t1.900.txt,14,0,0,many_players_zero_heads
Header/h68/Header_h68_f000120_t2.000.txt,14,0,0,many_players_zero_heads
Header/h68/Header_h68_f000126_t2.100.txt,14,0,0,many_players_zero_heads
Header/h68/Header_h68_f000132_t2.200.txt,13,0,0,many_players_zero_heads
Header/h68/Header_h68_f000138_t2.300.txt,15,0,0,many_players_zero_heads
Header/h68/Header_h68_f000144_t2.400.txt,14,0,0,many_players_zero_heads
Header/h68/Header_h68_f000150_t2.500.txt,14,0,0,many_players_zero_heads
Header/h68/Header_h68_f000156_t2.600.txt,13,1,0,many_players_zero_heads
Header/h68/Header_h68_f000162_t2.700.txt,14,0,0,many_players_zero_heads
Header/h68/Header_h68_f000168_t2.800.txt,14,0,0,many_players_zero_heads
Header/h68/Header_h68_f000174_t2.900.txt,13,0,0,many_players_zero_heads
Header/h68/Header_h68_f000180_t3.000.txt,11,0,0,many_players_zero_heads
Header/h68/Header_h68_f000186_t3.100.txt,12,0,0,many_players_zero_heads
Header/h68/Header_h68_f000192_t3.200.txt,11,0,0,many_players_zero_heads
Header/h68/Header_h68_f000198_t3.300.txt,14,0,0,many_players_zero_heads
Header/h68/Header_h68_f000204_t3.400.txt,14,0,0,many_players_zero_heads
Header/h68/Header_h68_f000210_t3.500.txt,14,0,0,many_players_zero_heads
Header/h68/Header_h68_f000216_t3.600.txt,13,0,0,many_players_zero_heads
Header/h68/Header_h68_f000330_t5.500.txt,13,0,0,many_players_zero_heads
Header/h68/Header_h68_f000360_t6.000.txt,12,1,0,many_players_zero_heads
Header/h69/Header_h69_f000000_t0.000.txt,14,0,0,many_players_zero_heads
Header/h69/Header_h69_f000006_t0.100.txt,14,0,0,many_players_zero_heads
Header/h69/Header_h69_f000012_t0.200.txt,14,0,0,many_players_zero_heads
Header/h69/Header_h69_f000018_t0.300.txt,16,0,0,many_players_zero_heads
Header/h69/Header_h69_f000024_t0.400.txt,14,0,0,many_players_zero_heads
Header/h69/Header_h69_f000030_t0.500.txt,15,0,0,many_players_zero_heads
Header/h69/Header_h69_f000036_t0.600.txt,15,0,0,many_players_zero_heads
Header/h69/Header_h69_f000042_t0.700.txt,14,0,0,many_players_zero_heads
Header/h69/Header_h69_f000048_t0.800.txt,16,0,0,many_players_zero_heads
Header/h69/Header_h69_f000054_t0.900.txt,15,0,0,many_players_zero_heads
Header/h69/Header_h69_f000060_t1.000.txt,14,0,0,many_players_zero_heads
Header/h69/Header_h69_f000066_t1.100.txt,13,0,0,many_players_zero_heads
Header/h69/Header_h69_f000072_t1.200.txt,16,0,0,many_players_zero_heads
Header/h69/Header_h69_f000078_t1.300.txt,13,0,0,many_players_zero_heads
Header/h69/Header_h69_f000084_t1.400.txt,14,0,0,many_players_zero_heads
Header/h69/Header_h69_f000090_t1.500.txt,18,0,0,many_players_zero_heads
Header/h69/Header_h69_f000096_t1.600.txt,14,0,0,many_players_zero_heads
Header/h69/Header_h69_f000102_t1.700.txt,14,0,0,many_players_zero_heads
Header/h69/Header_h69_f000108_t1.800.txt,15,0,0,many_players_zero_heads
Header/h69/Header_h69_f000114_t1.900.txt,14,0,0,many_players_zero_heads
Header/h69/Header_h69_f000120_t2.000.txt,15,0,0,many_players_zero_heads
Header/h69/Header_h69_f000126_t2.100.txt,14,0,0,many_players_zero_heads
Header/h69/Header_h69_f000132_t2.200.txt,16,0,0,many_players_zero_heads
Header/h69/Header_h69_f000138_t2.300.txt,16,0,0,many_players_zero_heads
Header/h69/Header_h69_f000144_t2.400.txt,17,0,0,many_players_zero_heads
Header/h69/Header_h69_f000150_t2.500.txt,16,1,0,many_players_zero_heads
Header/h69/Header_h69_f000156_t2.600.txt,14,0,0,many_players_zero_heads
Header/h69/Header_h69_f000162_t2.700.txt,15,0,0,many_players_zero_heads
Header/h69/Header_h69_f000168_t2.800.txt,16,0,0,many_players_zero_heads
Header/h69/Header_h69_f000174_t2.900.txt,13,1,0,many_players_zero_heads
Header/h69/Header_h69_f000180_t3.000.txt,15,0,0,many_players_zero_heads
Header/h69/Header_h69_f000186_t3.100.txt,16,1,0,many_players_zero_heads
Header/h69/Header_h69_f000192_t3.200.txt,15,1,0,many_players_zero_heads
Header/h69/Header_h69_f000198_t3.300.txt,17,1,0,many_players_zero_heads
Header/h7/Header_h7_f000000_t0.000.txt,14,1,0,many_players_zero_heads
Header/h7/Header_h7_f000006_t0.100.txt,16,0,0,many_players_zero_heads
Header/h7/Header_h7_f000012_t0.200.txt,15,0,0,many_players_zero_heads
Header/h7/Header_h7_f000018_t0.300.txt,16,0,0,many_players_zero_heads
Header/h7/Header_h7_f000024_t0.400.txt,16,0,0,many_players_zero_heads
Header/h7/Header_h7_f000030_t0.500.txt,15,0,0,many_players_zero_heads
Header/h7/Header_h7_f000036_t0.600.txt,16,0,0,many_players_zero_heads
Header/h7/Header_h7_f000042_t0.700.txt,17,0,0,many_players_zero_heads
Header/h7/Header_h7_f000048_t0.800.txt,16,0,0,many_players_zero_heads
Header/h7/Header_h7_f000054_t0.900.txt,17,0,0,many_players_zero_heads
Header/h7/Header_h7_f000060_t1.000.txt,15,0,0,many_players_zero_heads
Header/h7/Header_h7_f000066_t1.100.txt,16,0,0,many_players_zero_heads
Header/h7/Header_h7_f000072_t1.200.txt,15,0,0,many_players_zero_heads
Header/h7/Header_h7_f000078_t1.300.txt,17,0,0,many_players_zero_heads
Header/h7/Header_h7_f000084_t1.400.txt,16,0,0,many_players_zero_heads
Header/h7/Header_h7_f000090_t1.500.txt,15,0,0,many_players_zero_heads
Header/h7/Header_h7_f000096_t1.600.txt,14,0,0,many_players_zero_heads
Header/h7/Header_h7_f000102_t1.700.txt,18,0,0,many_players_zero_heads
Header/h7/Header_h7_f000108_t1.800.txt,19,0,0,many_players_zero_heads
Header/h7/Header_h7_f000114_t1.900.txt,14,0,0,many_players_zero_heads
Header/h7/Header_h7_f000120_t2.000.txt,16,0,0,many_players_zero_heads
Header/h7/Header_h7_f000126_t2.100.txt,13,0,0,many_players_zero_heads
Header/h7/Header_h7_f000132_t2.200.txt,15,0,0,many_players_zero_heads
Header/h7/Header_h7_f000138_t2.300.txt,12,0,0,many_players_zero_heads
Header/h7/Header_h7_f000144_t2.400.txt,14,0,0,many_players_zero_heads
Header/h7/Header_h7_f000150_t2.500.txt,16,0,0,many_players_zero_heads
Header/h7/Header_h7_f000156_t2.600.txt,15,0,0,many_players_zero_heads
Header/h7/Header_h7_f000162_t2.700.txt,13,1,0,many_players_zero_heads
Header/h7/Header_h7_f000168_t2.800.txt,16,0,0,many_players_zero_heads
Header/h7/Header_h7_f000174_t2.900.txt,13,0,0,many_players_zero_heads
Header/h7/Header_h7_f000180_t3.000.txt,16,0,0,many_players_zero_heads
Header/h7/Header_h7_f000186_t3.100.txt,17,0,0,many_players_zero_heads
Header/h7/Header_h7_f000192_t3.200.txt,17,1,0,many_players_zero_heads
Header/h7/Header_h7_f000198_t3.300.txt,14,0,0,many_players_zero_heads
Header/h7/Header_h7_f000204_t3.400.txt,16,0,0,many_players_zero_heads
Header/h7/Header_h7_f000210_t3.500.txt,15,0,0,many_players_zero_heads
Header/h7/Header_h7_f000216_t3.600.txt,14,0,0,many_players_zero_heads
Header/h7/Header_h7_f000222_t3.700.txt,15,0,0,many_players_zero_heads
Header/h7/Header_h7_f000228_t3.800.txt,16,0,0,many_players_zero_heads
Header/h7/Header_h7_f000234_t3.900.txt,15,0,0,many_players_zero_heads
Header/h7/Header_h7_f000240_t4.000.txt,15,0,0,many_players_zero_heads
Header/h7/Header_h7_f000246_t4.100.txt,16,0,0,many_players_zero_heads
Header/h7/Header_h7_f000252_t4.200.txt,14,0,0,many_players_zero_heads
Header/h7/Header_h7_f000258_t4.300.txt,14,0,0,many_players_zero_heads
Header/h7/Header_h7_f000264_t4.400.txt,15,0,0,many_players_zero_heads
Header/h7/Header_h7_f000270_t4.500.txt,14,0,0,many_players_zero_heads
Header/h7/Header_h7_f000276_t4.600.txt,14,0,0,many_players_zero_heads
Header/h7/Header_h7_f000282_t4.700.txt,14,0,0,many_players_zero_heads
Header/h7/Header_h7_f000288_t4.800.txt,11,0,0,many_players_zero_heads
Header/h7/Header_h7_f000294_t4.900.txt,13,0,0,many_players_zero_heads
Header/h7/Header_h7_f000300_t5.000.txt,13,0,0,many_players_zero_heads
Header/h70/Header_h70_f000024_t0.400.txt,2,0,0,many_players_zero_heads
Header/h70/Header_h70_f000030_t0.500.txt,2,0,0,many_players_zero_heads
Header/h70/Header_h70_f000036_t0.600.txt,16,0,0,many_players_zero_heads
Header/h70/Header_h70_f000042_t0.700.txt,16,1,0,many_players_zero_heads
Header/h70/Header_h70_f000048_t0.800.txt,17,1,0,many_players_zero_heads
Header/h70/Header_h70_f000054_t0.900.txt,15,0,0,many_players_zero_heads
Header/h70/Header_h70_f000060_t1.000.txt,16,0,0,many_players_zero_heads
Header/h70/Header_h70_f000066_t1.100.txt,15,0,0,many_players_zero_heads
Header/h70/Header_h70_f000072_t1.200.txt,17,1,0,many_players_zero_heads
Header/h70/Header_h70_f000078_t1.300.txt,15,1,0,many_players_zero_heads
Header/h70/Header_h70_f000084_t1.400.txt,16,0,0,many_players_zero_heads
Header/h70/Header_h70_f000090_t1.500.txt,17,0,0,many_players_zero_heads
Header/h70/Header_h70_f000096_t1.600.txt,16,0,0,many_players_zero_heads
Header/h70/Header_h70_f000102_t1.700.txt,13,0,0,many_players_zero_heads
Header/h70/Header_h70_f000108_t1.800.txt,14,0,0,many_players_zero_heads
Header/h70/Header_h70_f000114_t1.900.txt,12,0,0,many_players_zero_heads
Header/h70/Header_h70_f000120_t2.000.txt,15,1,0,many_players_zero_heads
Header/h70/Header_h70_f000126_t2.100.txt,17,1,0,many_players_zero_heads
Header/h70/Header_h70_f000132_t2.200.txt,17,0,0,many_players_zero_heads
Header/h70/Header_h70_f000138_t2.300.txt,16,0,0,many_players_zero_heads
Header/h70/Header_h70_f000144_t2.400.txt,16,0,0,many_players_zero_heads
Header/h70/Header_h70_f000150_t2.500.txt,13,0,0,many_players_zero_heads
Header/h70/Header_h70_f000156_t2.600.txt,18,0,0,many_players_zero_heads
Header/h70/Header_h70_f000162_t2.700.txt,18,0,0,many_players_zero_heads
Header/h70/Header_h70_f000168_t2.800.txt,15,0,0,many_players_zero_heads
Header/h70/Header_h70_f000174_t2.900.txt,16,0,0,many_players_zero_heads
Header/h70/Header_h70_f000180_t3.000.txt,18,0,0,many_players_zero_heads
Header/h70/Header_h70_f000186_t3.100.txt,17,0,0,many_players_zero_heads
Header/h70/Header_h70_f000192_t3.200.txt,15,0,0,many_players_zero_heads
Header/h70/Header_h70_f000198_t3.300.txt,14,0,0,many_players_zero_heads
Header/h70/Header_h70_f000204_t3.400.txt,15,0,0,many_players_zero_heads
Header/h70/Header_h70_f000210_t3.500.txt,13,0,0,many_players_zero_heads
Header/h70/Header_h70_f000216_t3.600.txt,14,0,0,many_players_zero_heads
Header/h70/Header_h70_f000222_t3.700.txt,13,0,0,many_players_zero_heads
Header/h70/Header_h70_f000228_t3.800.txt,13,1,0,many_players_zero_heads
Header/h70/Header_h70_f000234_t3.900.txt,12,0,0,many_players_zero_heads
Header/h70/Header_h70_f000240_t4.000.txt,11,0,0,many_players_zero_heads
Header/h70/Header_h70_f000246_t4.100.txt,13,0,0,many_players_zero_heads
Header/h70/Header_h70_f000252_t4.200.txt,15,1,0,many_players_zero_heads
Header/h70/Header_h70_f000258_t4.300.txt,14,0,0,many_players_zero_heads
Header/h70/Header_h70_f000264_t4.400.txt,13,0,0,many_players_zero_heads
Header/h70/Header_h70_f000270_t4.500.txt,14,0,0,many_players_zero_heads
Header/h70/Header_h70_f000276_t4.600.txt,13,0,0,many_players_zero_heads
Header/h70/Header_h70_f000282_t4.700.txt,13,1,0,many_players_zero_heads
Header/h70/Header_h70_f000288_t4.800.txt,13,0,0,many_players_zero_heads
Header/h70/Header_h70_f000294_t4.900.txt,14,1,0,many_players_zero_heads
Header/h70/Header_h70_f000300_t5.000.txt,15,0,0,many_players_zero_heads
Header/h70/Header_h70_f000306_t5.100.txt,14,0,0,many_players_zero_heads
Header/h70/Header_h70_f000312_t5.200.txt,14,0,0,many_players_zero_heads
Header/h70/Header_h70_f000318_t5.300.txt,13,0,0,many_players_zero_heads
Header/h71/Header_h71_f000012_t0.200.txt,15,0,0,many_players_zero_heads
Header/h71/Header_h71_f000018_t0.300.txt,14,0,0,many_players_zero_heads
Header/h71/Header_h71_f000024_t0.400.txt,15,0,0,many_players_zero_heads
Header/h71/Header_h71_f000036_t0.600.txt,17,0,0,many_players_zero_heads
Header/h71/Header_h71_f000048_t0.800.txt,15,0,0,many_players_zero_heads
Header/h71/Header_h71_f000054_t0.900.txt,12,0,0,many_players_zero_heads
Header/h71/Header_h71_f000060_t1.000.txt,14,0,0,many_players_zero_heads
Header/h71/Header_h71_f000066_t1.100.txt,13,0,0,many_players_zero_heads
Header/h71/Header_h71_f000072_t1.200.txt,15,0,0,many_players_zero_heads
Header/h71/Header_h71_f000108_t1.800.txt,15,0,0,many_players_zero_heads
Header/h71/Header_h71_f000114_t1.900.txt,18,0,0,many_players_zero_heads
Header/h71/Header_h71_f000120_t2.000.txt,17,0,0,many_players_zero_heads
Header/h71/Header_h71_f000126_t2.100.txt,18,0,0,many_players_zero_heads
Header/h71/Header_h71_f000138_t2.300.txt,19,0,0,many_players_zero_heads
Header/h71/Header_h71_f000144_t2.400.txt,16,0,0,many_players_zero_heads
Header/h71/Header_h71_f000150_t2.500.txt,17,0,0,many_players_zero_heads
Header/h71/Header_h71_f000156_t2.600.txt,19,0,0,many_players_zero_heads
Header/h71/Header_h71_f000162_t2.700.txt,19,0,0,many_players_zero_heads
Header/h71/Header_h71_f000168_t2.800.txt,18,0,0,many_players_zero_heads
Header/h71/Header_h71_f000174_t2.900.txt,19,0,0,many_players_zero_heads
Header/h71/Header_h71_f000180_t3.000.txt,19,0,0,many_players_zero_heads
Header/h71/Header_h71_f000186_t3.100.txt,17,0,0,many_players_zero_heads
Header/h71/Header_h71_f000192_t3.200.txt,17,0,0,many_players_zero_heads
Header/h71/Header_h71_f000198_t3.300.txt,17,0,0,many_players_zero_heads
Header/h71/Header_h71_f000204_t3.400.txt,17,0,0,many_players_zero_heads
Header/h71/Header_h71_f000210_t3.500.txt,15,0,0,many_players_zero_heads
Header/h71/Header_h71_f000216_t3.600.txt,17,0,0,many_players_zero_heads
Header/h71/Header_h71_f000222_t3.700.txt,18,0,0,many_players_zero_heads
Header/h71/Header_h71_f000228_t3.800.txt,18,0,0,many_players_zero_heads
Header/h71/Header_h71_f000234_t3.900.txt,16,0,0,many_players_zero_heads
Header/h71/Header_h71_f000240_t4.000.txt,18,0,0,many_players_zero_heads
Header/h71/Header_h71_f000246_t4.100.txt,16,0,0,many_players_zero_heads
Header/h71/Header_h71_f000252_t4.200.txt,17,0,0,many_players_zero_heads
Header/h71/Header_h71_f000258_t4.300.txt,16,0,0,many_players_zero_heads
Header/h71/Header_h71_f000264_t4.400.txt,16,0,0,many_players_zero_heads
Header/h71/Header_h71_f000270_t4.500.txt,16,1,0,many_players_zero_heads
Header/h71/Header_h71_f000276_t4.600.txt,17,0,0,many_players_zero_heads
Header/h71/Header_h71_f000282_t4.700.txt,14,0,0,many_players_zero_heads
Header/h71/Header_h71_f000288_t4.800.txt,13,0,0,many_players_zero_heads
Header/h71/Header_h71_f000294_t4.900.txt,15,0,0,many_players_zero_heads
Header/h71/Header_h71_f000300_t5.000.txt,11,1,0,many_players_zero_heads
Header/h71/Header_h71_f000306_t5.100.txt,10,1,0,many_players_zero_heads
Header/h71/Header_h71_f000312_t5.200.txt,11,0,0,many_players_zero_heads
Header/h71/Header_h71_f000318_t5.300.txt,11,0,0,many_players_zero_heads
Header/h71/Header_h71_f000324_t5.400.txt,12,0,0,many_players_zero_heads
Header/h71/Header_h71_f000330_t5.500.txt,12,0,0,many_players_zero_heads
Header/h71/Header_h71_f000336_t5.600.txt,10,0,0,many_players_zero_heads
Header/h71/Header_h71_f000342_t5.700.txt,12,0,0,many_players_zero_heads
Header/h71/Header_h71_f000348_t5.800.txt,11,0,0,many_players_zero_heads
Header/h71/Header_h71_f000354_t5.900.txt,12,0,0,many_players_zero_heads
Header/h71/Header_h71_f000360_t6.000.txt,12,0,0,many_players_zero_heads
Header/h72/Header_h72_f000030_t0.500.txt,9,1,6,ball_larger_than_head
Header/h72/Header_h72_f000048_t0.800.txt,9,1,7,ball_larger_than_head
Header/h72/Header_h72_f000054_t0.900.txt,12,1,8,ball_larger_than_head
Header/h72/Header_h72_f000060_t1.000.txt,13,1,7,ball_larger_than_head
Header/h72/Header_h72_f000066_t1.100.txt,11,1,9,ball_larger_than_head
Header/h72/Header_h72_f000072_t1.200.txt,13,1,7,ball_larger_than_head
Header/h72/Header_h72_f000078_t1.300.txt,13,1,11,ball_larger_than_head
Header/h72/Header_h72_f000084_t1.400.txt,14,1,12,ball_larger_than_head
Header/h72/Header_h72_f000090_t1.500.txt,13,1,10,ball_larger_than_head
Header/h72/Header_h72_f000096_t1.600.txt,12,1,10,ball_larger_than_head
Header/h72/Header_h72_f000102_t1.700.txt,10,1,9,ball_larger_than_head
Header/h72/Header_h72_f000108_t1.800.txt,10,1,9,ball_larger_than_head
Header/h72/Header_h72_f000114_t1.900.txt,10,1,10,ball_larger_than_head
Header/h72/Header_h72_f000120_t2.000.txt,9,1,9,ball_larger_than_head
Header/h72/Header_h72_f000144_t2.400.txt,8,1,8,ball_larger_than_head
Header/h72/Header_h72_f000150_t2.500.txt,7,1,6,ball_larger_than_head
Header/h72/Header_h72_f000156_t2.600.txt,6,1,6,ball_larger_than_head
Header/h72/Header_h72_f000162_t2.700.txt,8,1,6,ball_larger_than_head
Header/h72/Header_h72_f000168_t2.800.txt,9,1,5,ball_larger_than_head
Header/h72/Header_h72_f000186_t3.100.txt,4,1,4,ball_larger_than_head
Header/h72/Header_h72_f000198_t3.300.txt,7,1,2,ball_larger_than_head
Header/h72/Header_h72_f000204_t3.400.txt,6,1,2,ball_larger_than_head
Header/h72/Header_h72_f000210_t3.500.txt,6,1,4,ball_larger_than_head
Header/h72/Header_h72_f000222_t3.700.txt,6,1,3,ball_larger_than_head
Header/h72/Header_h72_f000228_t3.800.txt,6,1,3,ball_larger_than_head
Header/h72/Header_h72_f000234_t3.900.txt,4,1,2,ball_larger_than_head
Header/h73/Header_h73_f000000_t0.000.txt,7,1,5,ball_larger_than_head
Header/h73/Header_h73_f000012_t0.200.txt,10,1,6,ball_larger_than_head
Header/h73/Header_h73_f000024_t0.400.txt,9,1,6,ball_larger_than_head
Header/h73/Header_h73_f000036_t0.600.txt,8,1,5,ball_larger_than_head
Header/h73/Header_h73_f000042_t0.700.txt,9,1,6,ball_larger_than_head
Header/h73/Header_h73_f000060_t1.000.txt,8,1,6,ball_larger_than_head
Header/h73/Header_h73_f000084_t1.400.txt,5,1,5,ball_larger_than_head
Header/h73/Header_h73_f000102_t1.700.txt,7,1,7,ball_larger_than_head
Header/h73/Header_h73_f000108_t1.800.txt,7,1,7,ball_larger_than_head
Header/h73/Header_h73_f000132_t2.200.txt,6,1,6,ball_larger_than_head
Header/h73/Header_h73_f000150_t2.500.txt,5,1,4,ball_larger_than_head
Header/h73/Header_h73_f000156_t2.600.txt,5,1,4,ball_larger_than_head
Header/h73/Header_h73_f000180_t3.000.txt,6,1,4,ball_larger_than_head
Header/h73/Header_h73_f000210_t3.500.txt,3,1,3,ball_larger_than_head
Header/h74/Header_h74_f000114_t1.900.txt,9,1,9,ball_larger_than_head
Header/h74/Header_h74_f000120_t2.000.txt,10,1,10,ball_larger_than_head
Header/h74/Header_h74_f000144_t2.400.txt,10,1,10,ball_larger_than_head
Header/h74/Header_h74_f000150_t2.500.txt,9,1,7,ball_larger_than_head
Header/h74/Header_h74_f000156_t2.600.txt,8,1,7,ball_larger_than_head
Header/h74/Header_h74_f000162_t2.700.txt,7,1,7,ball_larger_than_head
Header/h74/Header_h74_f000168_t2.800.txt,7,1,7,ball_larger_than_head
Header/h74/Header_h74_f000174_t2.900.txt,9,1,9,ball_larger_than_head
Header/h74/Header_h74_f000180_t3.000.txt,8,1,8,ball_larger_than_head
Header/h74/Header_h74_f000186_t3.100.txt,8,1,8,ball_larger_than_head
Header/h74/Header_h74_f000204_t3.400.txt,6,1,5,ball_larger_than_head
Header/h74/Header_h74_f000216_t3.600.txt,5,1,5,ball_larger_than_head
Header/h74/Header_h74_f000228_t3.800.txt,6,1,5,ball_larger_than_head
Header/h75/Header_h75_f000078_t1.300.txt,11,0,0,many_players_zero_heads
Header/h75/Header_h75_f000084_t1.400.txt,12,0,0,many_players_zero_heads
Header/h75/Header_h75_f000090_t1.500.txt,13,1,0,many_players_zero_heads
Header/h75/Header_h75_f000096_t1.600.txt,14,0,0,many_players_zero_heads
Header/h75/Header_h75_f000102_t1.700.txt,13,1,0,many_players_zero_heads
Header/h75/Header_h75_f000108_t1.800.txt,13,0,0,many_players_zero_heads
Header/h75/Header_h75_f000114_t1.900.txt,13,0,0,many_players_zero_heads
Header/h75/Header_h75_f000120_t2.000.txt,12,0,0,many_players_zero_heads
Header/h75/Header_h75_f000126_t2.100.txt,10,0,0,many_players_zero_heads
Header/h75/Header_h75_f000132_t2.200.txt,11,0,0,many_players_zero_heads
Header/h75/Header_h75_f000138_t2.300.txt,11,0,0,many_players_zero_heads
Header/h75/Header_h75_f000144_t2.400.txt,11,0,0,many_players_zero_heads
Header/h75/Header_h75_f000150_t2.500.txt,10,0,0,many_players_zero_heads
Header/h75/Header_h75_f000156_t2.600.txt,13,0,0,many_players_zero_heads
Header/h75/Header_h75_f000162_t2.700.txt,12,1,0,many_players_zero_heads
Header/h75/Header_h75_f000168_t2.800.txt,12,0,0,many_players_zero_heads
Header/h75/Header_h75_f000174_t2.900.txt,14,0,0,many_players_zero_heads
Header/h75/Header_h75_f000180_t3.000.txt,12,0,0,many_players_zero_heads
Header/h75/Header_h75_f000186_t3.100.txt,14,1,0,many_players_zero_heads
Header/h75/Header_h75_f000192_t3.200.txt,11,0,0,many_players_zero_heads
Header/h75/Header_h75_f000198_t3.300.txt,12,0,0,many_players_zero_heads
Header/h75/Header_h75_f000204_t3.400.txt,11,0,0,many_players_zero_heads
Header/h75/Header_h75_f000210_t3.500.txt,11,0,0,many_players_zero_heads
Header/h75/Header_h75_f000216_t3.600.txt,10,1,0,many_players_zero_heads
Header/h75/Header_h75_f000222_t3.700.txt,10,0,0,many_players_zero_heads
Header/h75/Header_h75_f000228_t3.800.txt,10,0,0,many_players_zero_heads
Header/h75/Header_h75_f000234_t3.900.txt,10,1,0,many_players_zero_heads
Header/h75/Header_h75_f000240_t4.000.txt,9,0,0,many_players_zero_heads
Header/h75/Header_h75_f000246_t4.100.txt,9,0,0,many_players_zero_heads
Header/h75/Header_h75_f000252_t4.200.txt,8,0,0,many_players_zero_heads
Header/h75/Header_h75_f000258_t4.300.txt,8,0,0,many_players_zero_heads
Header/h75/Header_h75_f000264_t4.400.txt,8,0,0,many_players_zero_heads
Header/h75/Header_h75_f000270_t4.500.txt,8,0,0,many_players_zero_heads
Header/h75/Header_h75_f000276_t4.600.txt,8,0,0,many_players_zero_heads
Header/h75/Header_h75_f000282_t4.700.txt,8,0,0,many_players_zero_heads
Header/h75/Header_h75_f000288_t4.800.txt,9,0,0,many_players_zero_heads
Header/h75/Header_h75_f000294_t4.900.txt,6,0,0,many_players_zero_heads
Header/h75/Header_h75_f000300_t5.000.txt,8,0,0,many_players_zero_heads
Header/h75/Header_h75_f000306_t5.100.txt,8,0,0,many_players_zero_heads
Header/h75/Header_h75_f000312_t5.200.txt,8,0,0,many_players_zero_heads
Header/h75/Header_h75_f000318_t5.300.txt,8,0,0,many_players_zero_heads
Header/h75/Header_h75_f000324_t5.400.txt,9,0,0,many_players_zero_heads
Header/h75/Header_h75_f000330_t5.500.txt,9,0,0,many_players_zero_heads
Header/h75/Header_h75_f000336_t5.600.txt,9,0,0,many_players_zero_heads
Header/h75/Header_h75_f000342_t5.700.txt,9,0,0,many_players_zero_heads
Header/h75/Header_h75_f000348_t5.800.txt,8,0,0,many_players_zero_heads
Header/h75/Header_h75_f000354_t5.900.txt,9,0,0,many_players_zero_heads
Header/h75/Header_h75_f000360_t6.000.txt,8,0,0,many_players_zero_heads
Header/h76/Header_h76_f000030_t0.500.txt,10,1,7,ball_larger_than_head; heads_without_player(1)
Header/h76/Header_h76_f000036_t0.600.txt,9,1,8,ball_larger_than_head
Header/h76/Header_h76_f000048_t0.800.txt,8,1,6,ball_larger_than_head
Header/h76/Header_h76_f000054_t0.900.txt,8,1,6,ball_larger_than_head
Header/h76/Header_h76_f000060_t1.000.txt,6,1,5,ball_larger_than_head
Header/h76/Header_h76_f000066_t1.100.txt,5,1,5,ball_larger_than_head
Header/h76/Header_h76_f000072_t1.200.txt,3,1,1,ball_larger_than_head
Header/h76/Header_h76_f000078_t1.300.txt,2,0,0,many_players_zero_heads
Header/h76/Header_h76_f000084_t1.400.txt,3,1,2,ball_larger_than_head
Header/h76/Header_h76_f000120_t2.000.txt,3,1,2,ball_larger_than_head
Header/h76/Header_h76_f000144_t2.400.txt,4,1,4,ball_larger_than_head
Header/h76/Header_h76_f000264_t4.400.txt,3,1,2,ball_larger_than_head
Header/h76/Header_h76_f000282_t4.700.txt,0,0,0,zero_players
Header/h76/Header_h76_f000288_t4.800.txt,0,0,0,zero_players
Header/h76/Header_h76_f000294_t4.900.txt,0,0,0,zero_players
Header/h76/Header_h76_f000300_t5.000.txt,0,0,0,zero_players
Header/h76/Header_h76_f000306_t5.100.txt,0,0,0,zero_players
Header/h76/Header_h76_f000312_t5.200.txt,0,0,0,zero_players
Header/h76/Header_h76_f000318_t5.300.txt,0,0,0,zero_players
Header/h76/Header_h76_f000324_t5.400.txt,0,0,0,zero_players
Header/h76/Header_h76_f000330_t5.500.txt,0,0,0,zero_players
Header/h76/Header_h76_f000336_t5.600.txt,0,0,0,zero_players
Header/h76/Header_h76_f000342_t5.700.txt,0,0,0,zero_players
Header/h76/Header_h76_f000348_t5.800.txt,0,0,0,zero_players
Header/h76/Header_h76_f000354_t5.900.txt,0,0,0,zero_players
Header/h76/Header_h76_f000360_t6.000.txt,0,0,0,zero_players
Header/h76/Header_h76_f000366_t6.100.txt,0,0,0,zero_players
Header/h76/Header_h76_f000390_t6.500.txt,3,1,2,ball_larger_than_head
Header/h76/Header_h76_f000420_t7.000.txt,4,1,1,ball_larger_than_head
Header/h77/Header_h77_f000000_t0.000.txt,2,1,2,ball_larger_than_head
Header/h77/Header_h77_f000108_t1.800.txt,5,1,3,ball_larger_than_head
Header/h77/Header_h77_f000144_t2.400.txt,5,1,3,ball_larger_than_head
Header/h77/Header_h77_f000150_t2.500.txt,6,1,3,ball_larger_than_head
Header/h77/Header_h77_f000168_t2.800.txt,7,1,3,ball_larger_than_head
Header/h77/Header_h77_f000186_t3.100.txt,6,1,3,ball_larger_than_head
Header/h77/Header_h77_f000240_t4.000.txt,0,0,0,zero_players
Header/h77/Header_h77_f000246_t4.100.txt,0,0,0,zero_players
Header/h77/Header_h77_f000252_t4.200.txt,0,0,0,zero_players
Header/h77/Header_h77_f000258_t4.300.txt,0,0,0,zero_players
Header/h77/Header_h77_f000264_t4.400.txt,0,0,0,zero_players
Header/h77/Header_h77_f000270_t4.500.txt,0,0,0,zero_players
Header/h77/Header_h77_f000276_t4.600.txt,0,0,0,zero_players
Header/h77/Header_h77_f000282_t4.700.txt,0,0,0,zero_players
Header/h77/Header_h77_f000288_t4.800.txt,0,0,0,zero_players
Header/h77/Header_h77_f000294_t4.900.txt,0,0,0,zero_players
Header/h77/Header_h77_f000300_t5.000.txt,0,0,0,zero_players
Header/h77/Header_h77_f000306_t5.100.txt,0,0,0,zero_players
Header/h77/Header_h77_f000312_t5.200.txt,0,0,0,zero_players
Header/h77/Header_h77_f000318_t5.300.txt,0,0,0,zero_players
Header/h77/Header_h77_f000324_t5.400.txt,6,1,3,ball_larger_than_head
Header/h77/Header_h77_f000330_t5.500.txt,7,1,4,ball_larger_than_head
Header/h77/Header_h77_f000336_t5.600.txt,7,1,5,ball_larger_than_head
Header/h77/Header_h77_f000342_t5.700.txt,6,1,5,ball_larger_than_head
Header/h77/Header_h77_f000348_t5.800.txt,8,1,6,ball_larger_than_head
Header/h78/Header_h78_f000000_t0.000.txt,5,1,5,ball_larger_than_head
Header/h78/Header_h78_f000006_t0.100.txt,5,1,4,ball_larger_than_head
Header/h78/Header_h78_f000012_t0.200.txt,5,1,5,ball_larger_than_head
Header/h78/Header_h78_f000018_t0.300.txt,5,1,5,ball_larger_than_head
Header/h78/Header_h78_f000024_t0.400.txt,16,0,0,many_players_zero_heads
Header/h78/Header_h78_f000030_t0.500.txt,16,0,0,many_players_zero_heads
Header/h78/Header_h78_f000036_t0.600.txt,16,0,0,many_players_zero_heads
Header/h78/Header_h78_f000042_t0.700.txt,16,0,0,many_players_zero_heads
Header/h78/Header_h78_f000048_t0.800.txt,16,0,0,many_players_zero_heads
Header/h78/Header_h78_f000054_t0.900.txt,16,0,0,many_players_zero_heads
Header/h78/Header_h78_f000060_t1.000.txt,16,0,0,many_players_zero_heads
Header/h78/Header_h78_f000066_t1.100.txt,16,0,0,many_players_zero_heads
Header/h78/Header_h78_f000072_t1.200.txt,15,0,0,many_players_zero_heads
Header/h78/Header_h78_f000078_t1.300.txt,15,0,0,many_players_zero_heads
Header/h78/Header_h78_f000084_t1.400.txt,15,0,0,many_players_zero_heads
Header/h78/Header_h78_f000090_t1.500.txt,14,0,0,many_players_zero_heads
Header/h78/Header_h78_f000096_t1.600.txt,13,0,0,many_players_zero_heads
Header/h78/Header_h78_f000102_t1.700.txt,13,0,0,many_players_zero_heads
Header/h78/Header_h78_f000108_t1.800.txt,13,0,0,many_players_zero_heads
Header/h78/Header_h78_f000114_t1.900.txt,13,0,0,many_players_zero_heads
Header/h78/Header_h78_f000120_t2.000.txt,14,0,0,many_players_zero_heads
Header/h78/Header_h78_f000126_t2.100.txt,14,0,0,many_players_zero_heads
Header/h78/Header_h78_f000132_t2.200.txt,14,0,0,many_players_zero_heads
Header/h78/Header_h78_f000138_t2.300.txt,13,0,0,many_players_zero_heads
Header/h78/Header_h78_f000144_t2.400.txt,13,0,0,many_players_zero_heads
Header/h78/Header_h78_f000150_t2.500.txt,12,0,0,many_players_zero_heads
Header/h78/Header_h78_f000156_t2.600.txt,12,0,0,many_players_zero_heads
Header/h78/Header_h78_f000162_t2.700.txt,13,0,0,many_players_zero_heads
Header/h78/Header_h78_f000168_t2.800.txt,12,1,0,many_players_zero_heads
Header/h78/Header_h78_f000174_t2.900.txt,12,1,0,many_players_zero_heads
Header/h78/Header_h78_f000180_t3.000.txt,11,0,0,many_players_zero_heads
Header/h78/Header_h78_f000186_t3.100.txt,12,0,0,many_players_zero_heads
Header/h78/Header_h78_f000192_t3.200.txt,12,0,0,many_players_zero_heads
Header/h78/Header_h78_f000198_t3.300.txt,12,0,0,many_players_zero_heads
Header/h78/Header_h78_f000204_t3.400.txt,10,0,0,many_players_zero_heads
Header/h78/Header_h78_f000210_t3.500.txt,11,0,0,many_players_zero_heads
Header/h78/Header_h78_f000216_t3.600.txt,12,0,0,many_players_zero_heads
Header/h78/Header_h78_f000222_t3.700.txt,12,0,0,many_players_zero_heads
Header/h78/Header_h78_f000228_t3.800.txt,14,0,0,many_players_zero_heads
Header/h78/Header_h78_f000234_t3.900.txt,13,0,0,many_players_zero_heads
Header/h78/Header_h78_f000240_t4.000.txt,12,0,0,many_players_zero_heads
Header/h78/Header_h78_f000246_t4.100.txt,12,1,0,many_players_zero_heads
Header/h78/Header_h78_f000252_t4.200.txt,14,1,0,many_players_zero_heads
Header/h78/Header_h78_f000258_t4.300.txt,14,1,0,many_players_zero_heads
Header/h78/Header_h78_f000264_t4.400.txt,14,0,0,many_players_zero_heads
Header/h78/Header_h78_f000270_t4.500.txt,12,0,0,many_players_zero_heads
Header/h78/Header_h78_f000276_t4.600.txt,14,0,0,many_players_zero_heads
Header/h78/Header_h78_f000282_t4.700.txt,13,0,0,many_players_zero_heads
Header/h78/Header_h78_f000288_t4.800.txt,13,1,0,many_players_zero_heads
Header/h78/Header_h78_f000294_t4.900.txt,13,0,0,many_players_zero_heads
Header/h78/Header_h78_f000300_t5.000.txt,14,1,0,many_players_zero_heads
Header/h78/Header_h78_f000306_t5.100.txt,14,1,0,many_players_zero_heads
Header/h78/Header_h78_f000312_t5.200.txt,16,0,0,many_players_zero_heads
Header/h78/Header_h78_f000318_t5.300.txt,14,1,0,many_players_zero_heads
Header/h78/Header_h78_f000324_t5.400.txt,14,0,0,many_players_zero_heads
Header/h78/Header_h78_f000330_t5.500.txt,16,0,0,many_players_zero_heads
Header/h78/Header_h78_f000336_t5.600.txt,15,0,0,many_players_zero_heads
Header/h78/Header_h78_f000342_t5.700.txt,13,0,0,many_players_zero_heads
Header/h78/Header_h78_f000348_t5.800.txt,15,0,0,many_players_zero_heads
Header/h78/Header_h78_f000354_t5.900.txt,15,0,0,many_players_zero_heads
Header/h78/Header_h78_f000360_t6.000.txt,14,0,0,many_players_zero_heads
Header/h79/Header_h79_f000000_t0.000.txt,14,0,0,many_players_zero_heads
Header/h79/Header_h79_f000006_t0.100.txt,14,0,0,many_players_zero_heads
Header/h79/Header_h79_f000012_t0.200.txt,14,0,0,many_players_zero_heads
Header/h79/Header_h79_f000018_t0.300.txt,14,0,0,many_players_zero_heads
Header/h79/Header_h79_f000024_t0.400.txt,14,1,0,many_players_zero_heads
Header/h79/Header_h79_f000030_t0.500.txt,13,1,0,many_players_zero_heads
Header/h79/Header_h79_f000036_t0.600.txt,14,0,0,many_players_zero_heads
Header/h79/Header_h79_f000042_t0.700.txt,14,1,0,many_players_zero_heads
Header/h79/Header_h79_f000048_t0.800.txt,14,0,0,many_players_zero_heads
Header/h79/Header_h79_f000054_t0.900.txt,13,0,0,many_players_zero_heads
Header/h79/Header_h79_f000060_t1.000.txt,14,0,0,many_players_zero_heads
Header/h79/Header_h79_f000066_t1.100.txt,15,0,0,many_players_zero_heads
Header/h79/Header_h79_f000072_t1.200.txt,15,0,0,many_players_zero_heads
Header/h79/Header_h79_f000078_t1.300.txt,15,0,0,many_players_zero_heads
Header/h79/Header_h79_f000084_t1.400.txt,15,0,0,many_players_zero_heads
Header/h79/Header_h79_f000090_t1.500.txt,14,1,0,many_players_zero_heads
Header/h79/Header_h79_f000096_t1.600.txt,14,1,0,many_players_zero_heads
Header/h79/Header_h79_f000102_t1.700.txt,14,0,0,many_players_zero_heads
Header/h79/Header_h79_f000108_t1.800.txt,14,1,0,many_players_zero_heads
Header/h79/Header_h79_f000114_t1.900.txt,15,0,0,many_players_zero_heads
Header/h79/Header_h79_f000120_t2.000.txt,13,0,0,many_players_zero_heads
Header/h79/Header_h79_f000126_t2.100.txt,14,0,0,many_players_zero_heads
Header/h79/Header_h79_f000132_t2.200.txt,15,0,0,many_players_zero_heads
Header/h79/Header_h79_f000138_t2.300.txt,15,1,0,many_players_zero_heads
Header/h79/Header_h79_f000144_t2.400.txt,15,1,0,many_players_zero_heads
Header/h79/Header_h79_f000150_t2.500.txt,16,0,0,many_players_zero_heads
Header/h79/Header_h79_f000156_t2.600.txt,15,0,0,many_players_zero_heads
Header/h79/Header_h79_f000162_t2.700.txt,13,0,0,many_players_zero_heads
Header/h79/Header_h79_f000168_t2.800.txt,14,0,0,many_players_zero_heads
Header/h79/Header_h79_f000174_t2.900.txt,15,1,0,many_players_zero_heads
Header/h79/Header_h79_f000180_t3.000.txt,15,0,0,many_players_zero_heads
Header/h79/Header_h79_f000186_t3.100.txt,16,1,0,many_players_zero_heads
Header/h79/Header_h79_f000192_t3.200.txt,14,1,0,many_players_zero_heads
Header/h79/Header_h79_f000198_t3.300.txt,15,1,0,many_players_zero_heads
Header/h79/Header_h79_f000204_t3.400.txt,14,0,0,many_players_zero_heads
Header/h79/Header_h79_f000210_t3.500.txt,14,1,0,many_players_zero_heads
Header/h79/Header_h79_f000216_t3.600.txt,14,0,0,many_players_zero_heads
Header/h79/Header_h79_f000222_t3.700.txt,13,0,0,many_players_zero_heads
Header/h79/Header_h79_f000228_t3.800.txt,13,0,0,many_players_zero_heads
Header/h79/Header_h79_f000234_t3.900.txt,13,0,0,many_players_zero_heads
Header/h79/Header_h79_f000240_t4.000.txt,13,0,0,many_players_zero_heads
Header/h79/Header_h79_f000246_t4.100.txt,13,0,0,many_players_zero_heads
Header/h79/Header_h79_f000252_t4.200.txt,13,0,0,many_players_zero_heads
Header/h79/Header_h79_f000258_t4.300.txt,14,0,0,many_players_zero_heads
Header/h79/Header_h79_f000264_t4.400.txt,12,1,0,many_players_zero_heads
Header/h79/Header_h79_f000270_t4.500.txt,13,1,0,many_players_zero_heads
Header/h79/Header_h79_f000276_t4.600.txt,13,0,0,many_players_zero_heads
Header/h79/Header_h79_f000282_t4.700.txt,10,0,0,many_players_zero_heads
Header/h79/Header_h79_f000288_t4.800.txt,12,0,0,many_players_zero_heads
Header/h79/Header_h79_f000294_t4.900.txt,11,0,0,many_players_zero_heads
Header/h79/Header_h79_f000300_t5.000.txt,11,0,0,many_players_zero_heads
Header/h79/Header_h79_f000306_t5.100.txt,9,0,0,many_players_zero_heads
Header/h79/Header_h79_f000312_t5.200.txt,10,0,0,many_players_zero_heads
Header/h79/Header_h79_f000318_t5.300.txt,11,0,0,many_players_zero_heads
Header/h79/Header_h79_f000324_t5.400.txt,12,0,0,many_players_zero_heads
Header/h8/Header_h8_f000000_t0.000.txt,14,0,0,many_players_zero_heads
Header/h8/Header_h8_f000006_t0.100.txt,13,0,0,many_players_zero_heads
Header/h8/Header_h8_f000012_t0.200.txt,15,0,0,many_players_zero_heads
Header/h8/Header_h8_f000018_t0.300.txt,15,0,0,many_players_zero_heads
Header/h8/Header_h8_f000024_t0.400.txt,15,0,0,many_players_zero_heads
Header/h8/Header_h8_f000030_t0.500.txt,16,1,0,many_players_zero_heads
Header/h8/Header_h8_f000036_t0.600.txt,16,0,0,many_players_zero_heads
Header/h8/Header_h8_f000042_t0.700.txt,15,0,0,many_players_zero_heads
Header/h8/Header_h8_f000048_t0.800.txt,16,0,0,many_players_zero_heads
Header/h8/Header_h8_f000054_t0.900.txt,15,0,0,many_players_zero_heads
Header/h8/Header_h8_f000060_t1.000.txt,15,0,0,many_players_zero_heads
Header/h8/Header_h8_f000066_t1.100.txt,11,0,0,many_players_zero_heads
Header/h8/Header_h8_f000072_t1.200.txt,14,0,0,many_players_zero_heads
Header/h8/Header_h8_f000078_t1.300.txt,15,0,0,many_players_zero_heads
Header/h8/Header_h8_f000084_t1.400.txt,15,0,0,many_players_zero_heads
Header/h8/Header_h8_f000090_t1.500.txt,14,0,0,many_players_zero_heads
Header/h8/Header_h8_f000096_t1.600.txt,13,0,0,many_players_zero_heads
Header/h8/Header_h8_f000102_t1.700.txt,16,0,0,many_players_zero_heads
Header/h8/Header_h8_f000108_t1.800.txt,17,0,0,many_players_zero_heads
Header/h8/Header_h8_f000114_t1.900.txt,15,0,0,many_players_zero_heads
Header/h8/Header_h8_f000120_t2.000.txt,12,0,0,many_players_zero_heads
Header/h8/Header_h8_f000126_t2.100.txt,15,0,0,many_players_zero_heads
Header/h8/Header_h8_f000132_t2.200.txt,12,0,0,many_players_zero_heads
Header/h8/Header_h8_f000138_t2.300.txt,14,0,0,many_players_zero_heads
Header/h8/Header_h8_f000144_t2.400.txt,12,0,0,many_players_zero_heads
Header/h8/Header_h8_f000150_t2.500.txt,12,0,0,many_players_zero_heads
Header/h8/Header_h8_f000156_t2.600.txt,12,0,0,many_players_zero_heads
Header/h8/Header_h8_f000162_t2.700.txt,12,0,0,many_players_zero_heads
Header/h8/Header_h8_f000168_t2.800.txt,11,0,0,many_players_zero_heads
Header/h8/Header_h8_f000174_t2.900.txt,11,0,0,many_players_zero_heads
Header/h8/Header_h8_f000180_t3.000.txt,10,0,0,many_players_zero_heads
Header/h8/Header_h8_f000186_t3.100.txt,10,0,0,many_players_zero_heads
Header/h8/Header_h8_f000192_t3.200.txt,10,0,0,many_players_zero_heads
Header/h80/Header_h80_f000000_t0.000.txt,0,0,0,zero_players
Header/h80/Header_h80_f000006_t0.100.txt,0,0,0,zero_players
Header/h80/Header_h80_f000012_t0.200.txt,0,0,0,zero_players
Header/h80/Header_h80_f000018_t0.300.txt,0,0,0,zero_players
Header/h80/Header_h80_f000024_t0.400.txt,6,1,5,ball_larger_than_head
Header/h80/Header_h80_f000030_t0.500.txt,6,1,5,ball_larger_than_head
Header/h80/Header_h80_f000036_t0.600.txt,7,1,5,ball_larger_than_head
Header/h80/Header_h80_f000042_t0.700.txt,7,1,6,ball_larger_than_head
Header/h80/Header_h80_f000048_t0.800.txt,7,1,6,ball_larger_than_head
Header/h80/Header_h80_f000054_t0.900.txt,7,1,6,ball_larger_than_head
Header/h80/Header_h80_f000060_t1.000.txt,6,1,5,ball_larger_than_head
Header/h80/Header_h80_f000066_t1.100.txt,8,1,7,ball_larger_than_head
Header/h80/Header_h80_f000198_t3.300.txt,8,1,7,ball_larger_than_head
Header/h80/Header_h80_f000204_t3.400.txt,10,1,7,ball_larger_than_head
Header/h80/Header_h80_f000222_t3.700.txt,9,1,7,ball_larger_than_head
Header/h80/Header_h80_f000228_t3.800.txt,10,1,7,ball_larger_than_head
Header/h80/Header_h80_f000234_t3.900.txt,11,1,8,ball_larger_than_head
Header/h80/Header_h80_f000240_t4.000.txt,8,1,5,ball_larger_than_head
Header/h80/Header_h80_f000246_t4.100.txt,8,1,6,ball_larger_than_head
Header/h80/Header_h80_f000252_t4.200.txt,10,1,7,ball_larger_than_head
Header/h80/Header_h80_f000264_t4.400.txt,7,1,5,ball_larger_than_head
Header/h80/Header_h80_f000282_t4.700.txt,0,1,0,zero_players
Header/h80/Header_h80_f000300_t5.000.txt,2,1,0,many_players_zero_heads
Header/h81/Header_h81_f000000_t0.000.txt,8,1,6,ball_larger_than_head
Header/h81/Header_h81_f000006_t0.100.txt,9,1,5,ball_larger_than_head
Header/h81/Header_h81_f000012_t0.200.txt,7,1,3,ball_larger_than_head
Header/h81/Header_h81_f000018_t0.300.txt,8,1,5,ball_larger_than_head
Header/h81/Header_h81_f000024_t0.400.txt,7,1,7,ball_larger_than_head
Header/h81/Header_h81_f000030_t0.500.txt,9,1,6,ball_larger_than_head
Header/h81/Header_h81_f000036_t0.600.txt,7,1,6,ball_larger_than_head
Header/h81/Header_h81_f000042_t0.700.txt,7,1,6,ball_larger_than_head
Header/h81/Header_h81_f000048_t0.800.txt,8,1,6,ball_larger_than_head
Header/h81/Header_h81_f000060_t1.000.txt,7,1,7,ball_larger_than_head
Header/h81/Header_h81_f000144_t2.400.txt,10,1,8,ball_larger_than_head
Header/h81/Header_h81_f000186_t3.100.txt,9,1,8,ball_larger_than_head
Header/h81/Header_h81_f000192_t3.200.txt,9,1,7,ball_larger_than_head
Header/h81/Header_h81_f000198_t3.300.txt,9,1,8,ball_larger_than_head
Header/h81/Header_h81_f000216_t3.600.txt,8,1,8,ball_larger_than_head
Header/h81/Header_h81_f000240_t4.000.txt,8,1,8,ball_larger_than_head
Header/h81/Header_h81_f000246_t4.100.txt,7,1,7,ball_larger_than_head
Header/h81/Header_h81_f000300_t5.000.txt,8,1,5,ball_larger_than_head
Header/h82/Header_h82_f000000_t0.000.txt,13,0,0,many_players_zero_heads
Header/h82/Header_h82_f000006_t0.100.txt,18,0,0,many_players_zero_heads
Header/h82/Header_h82_f000012_t0.200.txt,17,0,0,many_players_zero_heads
Header/h82/Header_h82_f000018_t0.300.txt,14,1,0,many_players_zero_heads
Header/h82/Header_h82_f000024_t0.400.txt,17,1,0,many_players_zero_heads
Header/h82/Header_h82_f000030_t0.500.txt,16,1,0,many_players_zero_heads
Header/h82/Header_h82_f000036_t0.600.txt,13,0,0,many_players_zero_heads
Header/h82/Header_h82_f000042_t0.700.txt,13,0,0,many_players_zero_heads
Header/h82/Header_h82_f000048_t0.800.txt,15,0,0,many_players_zero_heads
Header/h82/Header_h82_f000054_t0.900.txt,17,0,0,many_players_zero_heads
Header/h82/Header_h82_f000060_t1.000.txt,17,0,0,many_players_zero_heads
Header/h82/Header_h82_f000066_t1.100.txt,14,0,0,many_players_zero_heads
Header/h82/Header_h82_f000072_t1.200.txt,16,0,0,many_players_zero_heads
Header/h82/Header_h82_f000078_t1.300.txt,16,0,0,many_players_zero_heads
Header/h82/Header_h82_f000084_t1.400.txt,17,1,0,many_players_zero_heads
Header/h82/Header_h82_f000090_t1.500.txt,17,0,0,many_players_zero_heads
Header/h82/Header_h82_f000096_t1.600.txt,15,0,0,many_players_zero_heads
Header/h82/Header_h82_f000102_t1.700.txt,14,0,0,many_players_zero_heads
Header/h82/Header_h82_f000108_t1.800.txt,17,0,0,many_players_zero_heads
Header/h82/Header_h82_f000114_t1.900.txt,15,0,0,many_players_zero_heads
Header/h82/Header_h82_f000120_t2.000.txt,16,0,0,many_players_zero_heads
Header/h82/Header_h82_f000126_t2.100.txt,13,1,0,many_players_zero_heads
Header/h82/Header_h82_f000132_t2.200.txt,13,0,0,many_players_zero_heads
Header/h82/Header_h82_f000138_t2.300.txt,14,0,0,many_players_zero_heads
Header/h82/Header_h82_f000144_t2.400.txt,16,0,0,many_players_zero_heads
Header/h82/Header_h82_f000150_t2.500.txt,15,1,0,many_players_zero_heads
Header/h82/Header_h82_f000156_t2.600.txt,14,0,0,many_players_zero_heads
Header/h82/Header_h82_f000162_t2.700.txt,15,0,0,many_players_zero_heads
Header/h82/Header_h82_f000168_t2.800.txt,15,0,0,many_players_zero_heads
Header/h82/Header_h82_f000174_t2.900.txt,14,0,0,many_players_zero_heads
Header/h82/Header_h82_f000180_t3.000.txt,15,0,0,many_players_zero_heads
Header/h82/Header_h82_f000186_t3.100.txt,14,0,0,many_players_zero_heads
Header/h82/Header_h82_f000192_t3.200.txt,14,0,0,many_players_zero_heads
Header/h82/Header_h82_f000198_t3.300.txt,15,0,0,many_players_zero_heads
Header/h82/Header_h82_f000204_t3.400.txt,17,0,0,many_players_zero_heads
Header/h82/Header_h82_f000210_t3.500.txt,16,0,0,many_players_zero_heads
Header/h82/Header_h82_f000216_t3.600.txt,17,0,0,many_players_zero_heads
Header/h82/Header_h82_f000222_t3.700.txt,17,0,0,many_players_zero_heads
Header/h82/Header_h82_f000228_t3.800.txt,16,0,0,many_players_zero_heads
Header/h82/Header_h82_f000234_t3.900.txt,14,0,0,many_players_zero_heads
Header/h82/Header_h82_f000240_t4.000.txt,13,0,0,many_players_zero_heads
Header/h82/Header_h82_f000246_t4.100.txt,0,0,0,zero_players
Header/h82/Header_h82_f000252_t4.200.txt,0,0,0,zero_players
Header/h82/Header_h82_f000258_t4.300.txt,0,0,0,zero_players
Header/h82/Header_h82_f000264_t4.400.txt,0,0,0,zero_players
Header/h82/Header_h82_f000270_t4.500.txt,0,0,0,zero_players
Header/h82/Header_h82_f000276_t4.600.txt,0,0,0,zero_players
Header/h82/Header_h82_f000282_t4.700.txt,0,0,0,zero_players
Header/h82/Header_h82_f000288_t4.800.txt,0,0,0,zero_players
Header/h82/Header_h82_f000294_t4.900.txt,0,0,0,zero_players
Header/h82/Header_h82_f000300_t5.000.txt,0,0,0,zero_players
Header/h83/Header_h83_f000000_t0.000.txt,0,0,0,zero_players
Header/h83/Header_h83_f000006_t0.100.txt,0,0,0,zero_players
Header/h83/Header_h83_f000012_t0.200.txt,0,0,0,zero_players
Header/h83/Header_h83_f000018_t0.300.txt,0,0,0,zero_players
Header/h83/Header_h83_f000030_t0.500.txt,0,0,0,zero_players
Header/h83/Header_h83_f000036_t0.600.txt,0,0,0,zero_players
Header/h83/Header_h83_f000042_t0.700.txt,0,0,0,zero_players
Header/h83/Header_h83_f000060_t1.000.txt,0,0,0,zero_players
Header/h83/Header_h83_f000066_t1.100.txt,0,0,0,zero_players
Header/h83/Header_h83_f000072_t1.200.txt,0,0,0,zero_players
Header/h83/Header_h83_f000078_t1.300.txt,0,0,0,zero_players
Header/h83/Header_h83_f000084_t1.400.txt,0,0,0,zero_players
Header/h83/Header_h83_f000090_t1.500.txt,0,0,0,zero_players
Header/h83/Header_h83_f000096_t1.600.txt,0,0,0,zero_players
Header/h83/Header_h83_f000102_t1.700.txt,0,0,0,zero_players
Header/h83/Header_h83_f000108_t1.800.txt,0,0,0,zero_players
Header/h83/Header_h83_f000114_t1.900.txt,0,0,0,zero_players
Header/h83/Header_h83_f000216_t3.600.txt,9,1,8,ball_larger_than_head
Header/h83/Header_h83_f000234_t3.900.txt,8,1,7,ball_larger_than_head
Header/h83/Header_h83_f000240_t4.000.txt,8,1,8,ball_larger_than_head
Header/h83/Header_h83_f000252_t4.200.txt,0,0,0,zero_players
Header/h83/Header_h83_f000258_t4.300.txt,0,0,0,zero_players
Header/h83/Header_h83_f000264_t4.400.txt,0,0,0,zero_players
Header/h83/Header_h83_f000270_t4.500.txt,0,0,0,zero_players
Header/h83/Header_h83_f000276_t4.600.txt,0,0,0,zero_players
Header/h83/Header_h83_f000282_t4.700.txt,0,0,0,zero_players
Header/h83/Header_h83_f000288_t4.800.txt,0,0,0,zero_players
Header/h83/Header_h83_f000294_t4.900.txt,7,1,3,ball_larger_than_head
Header/h83/Header_h83_f000300_t5.000.txt,8,1,6,ball_larger_than_head
Header/h84/Header_h84_f000066_t1.100.txt,8,1,8,ball_larger_than_head
Header/h84/Header_h84_f000120_t2.000.txt,0,0,0,zero_players
Header/h84/Header_h84_f000126_t2.100.txt,0,0,0,zero_players
Header/h84/Header_h84_f000132_t2.200.txt,0,0,0,zero_players
Header/h84/Header_h84_f000138_t2.300.txt,0,0,0,zero_players
Header/h84/Header_h84_f000144_t2.400.txt,0,0,0,zero_players
Header/h84/Header_h84_f000150_t2.500.txt,0,0,0,zero_players
Header/h84/Header_h84_f000156_t2.600.txt,0,0,0,zero_players
Header/h84/Header_h84_f000162_t2.700.txt,0,0,0,zero_players
Header/h84/Header_h84_f000168_t2.800.txt,0,0,0,zero_players
Header/h84/Header_h84_f000174_t2.900.txt,0,0,0,zero_players
Header/h84/Header_h84_f000180_t3.000.txt,0,0,0,zero_players
Header/h84/Header_h84_f000186_t3.100.txt,0,0,0,zero_players
Header/h84/Header_h84_f000192_t3.200.txt,0,0,0,zero_players
Header/h84/Header_h84_f000198_t3.300.txt,0,0,0,zero_players
Header/h84/Header_h84_f000204_t3.400.txt,0,0,0,zero_players
Header/h84/Header_h84_f000210_t3.500.txt,0,0,0,zero_players
Header/h84/Header_h84_f000216_t3.600.txt,0,0,0,zero_players
Header/h84/Header_h84_f000222_t3.700.txt,0,0,0,zero_players
Header/h84/Header_h84_f000228_t3.800.txt,0,0,0,zero_players
Header/h84/Header_h84_f000234_t3.900.txt,0,0,0,zero_players
Header/h84/Header_h84_f000240_t4.000.txt,0,0,0,zero_players
Header/h84/Header_h84_f000294_t4.900.txt,7,1,6,ball_larger_than_head
Header/h84/Header_h84_f000300_t5.000.txt,7,1,6,ball_larger_than_head
Header/h84/Header_h84_f000306_t5.100.txt,8,1,8,ball_larger_than_head
Header/h84/Header_h84_f000312_t5.200.txt,9,1,9,ball_larger_than_head
Header/h84/Header_h84_f000318_t5.300.txt,8,1,8,ball_larger_than_head
Header/h84/Header_h84_f000330_t5.500.txt,8,1,8,ball_larger_than_head
Header/h84/Header_h84_f000336_t5.600.txt,8,1,8,ball_larger_than_head
Header/h84/Header_h84_f000414_t6.900.txt,9,1,7,ball_larger_than_head
Header/h85/Header_h85_f000030_t0.500.txt,13,1,0,many_players_zero_heads
Header/h85/Header_h85_f000054_t0.900.txt,13,1,0,many_players_zero_heads
Header/h85/Header_h85_f000060_t1.000.txt,13,0,0,many_players_zero_heads
Header/h85/Header_h85_f000066_t1.100.txt,12,1,0,many_players_zero_heads
Header/h85/Header_h85_f000072_t1.200.txt,13,0,0,many_players_zero_heads
Header/h85/Header_h85_f000078_t1.300.txt,13,1,0,many_players_zero_heads
Header/h85/Header_h85_f000084_t1.400.txt,13,1,0,many_players_zero_heads
Header/h86/Header_h86_f000030_t0.500.txt,3,1,2,ball_larger_than_head
Header/h86/Header_h86_f000054_t0.900.txt,3,0,0,many_players_zero_heads
Header/h86/Header_h86_f000120_t2.000.txt,4,1,2,ball_larger_than_head
Header/h86/Header_h86_f000126_t2.100.txt,4,1,4,ball_larger_than_head
Header/h86/Header_h86_f000132_t2.200.txt,4,1,4,ball_larger_than_head
Header/h86/Header_h86_f000138_t2.300.txt,4,1,4,ball_larger_than_head
Header/h86/Header_h86_f000144_t2.400.txt,4,1,4,ball_larger_than_head
Header/h86/Header_h86_f000150_t2.500.txt,5,1,4,ball_larger_than_head
Header/h86/Header_h86_f000168_t2.800.txt,4,1,4,ball_larger_than_head
Header/h86/Header_h86_f000198_t3.300.txt,5,1,4,ball_larger_than_head
Header/h86/Header_h86_f000204_t3.400.txt,7,1,4,ball_larger_than_head
Header/h86/Header_h86_f000210_t3.500.txt,7,1,5,ball_larger_than_head
Header/h86/Header_h86_f000222_t3.700.txt,6,1,6,ball_larger_than_head
Header/h86/Header_h86_f000228_t3.800.txt,7,1,6,ball_larger_than_head
Header/h86/Header_h86_f000234_t3.900.txt,6,1,6,ball_larger_than_head
Header/h86/Header_h86_f000240_t4.000.txt,7,1,6,ball_larger_than_head
Header/h86/Header_h86_f000252_t4.200.txt,6,1,5,ball_larger_than_head
Header/h86/Header_h86_f000282_t4.700.txt,2,1,2,ball_larger_than_head
Header/h86/Header_h86_f000300_t5.000.txt,3,0,0,many_players_zero_heads
Header/h87/Header_h87_f000000_t0.000.txt,14,0,0,many_players_zero_heads
Header/h87/Header_h87_f000006_t0.100.txt,15,0,0,many_players_zero_heads
Header/h87/Header_h87_f000012_t0.200.txt,14,0,0,many_players_zero_heads
Header/h87/Header_h87_f000018_t0.300.txt,15,1,0,many_players_zero_heads
Header/h87/Header_h87_f000024_t0.400.txt,13,1,0,many_players_zero_heads
Header/h87/Header_h87_f000030_t0.500.txt,14,1,0,many_players_zero_heads
Header/h87/Header_h87_f000186_t3.100.txt,10,0,0,many_players_zero_heads
Header/h87/Header_h87_f000192_t3.200.txt,12,0,0,many_players_zero_heads
Header/h87/Header_h87_f000198_t3.300.txt,9,0,0,many_players_zero_heads
Header/h87/Header_h87_f000204_t3.400.txt,8,0,0,many_players_zero_heads
Header/h87/Header_h87_f000210_t3.500.txt,11,0,0,many_players_zero_heads
Header/h87/Header_h87_f000216_t3.600.txt,11,0,0,many_players_zero_heads
Header/h87/Header_h87_f000222_t3.700.txt,12,0,0,many_players_zero_heads
Header/h87/Header_h87_f000228_t3.800.txt,11,0,0,many_players_zero_heads
Header/h87/Header_h87_f000234_t3.900.txt,12,0,0,many_players_zero_heads
Header/h87/Header_h87_f000240_t4.000.txt,12,0,0,many_players_zero_heads
Header/h88/Header_h88_f000006_t0.100.txt,9,1,5,ball_larger_than_head
Header/h88/Header_h88_f000024_t0.400.txt,9,1,4,ball_larger_than_head
Header/h88/Header_h88_f000030_t0.500.txt,8,1,4,ball_larger_than_head
Header/h88/Header_h88_f000048_t0.800.txt,9,1,5,ball_larger_than_head
Header/h88/Header_h88_f000060_t1.000.txt,7,1,5,ball_larger_than_head
Header/h88/Header_h88_f000066_t1.100.txt,9,1,7,ball_larger_than_head
Header/h88/Header_h88_f000072_t1.200.txt,9,1,7,ball_larger_than_head
Header/h88/Header_h88_f000078_t1.300.txt,7,1,5,ball_larger_than_head
Header/h88/Header_h88_f000084_t1.400.txt,8,1,5,ball_larger_than_head
Header/h88/Header_h88_f000090_t1.500.txt,7,1,6,ball_larger_than_head
Header/h88/Header_h88_f000132_t2.200.txt,0,0,0,zero_players
Header/h88/Header_h88_f000138_t2.300.txt,0,0,0,zero_players
Header/h88/Header_h88_f000144_t2.400.txt,0,0,0,zero_players
Header/h88/Header_h88_f000150_t2.500.txt,0,0,0,zero_players
Header/h88/Header_h88_f000156_t2.600.txt,0,0,0,zero_players
Header/h88/Header_h88_f000162_t2.700.txt,0,0,0,zero_players
Header/h88/Header_h88_f000168_t2.800.txt,0,0,0,zero_players
Header/h88/Header_h88_f000174_t2.900.txt,0,0,0,zero_players
Header/h88/Header_h88_f000180_t3.000.txt,0,0,0,zero_players
Header/h88/Header_h88_f000186_t3.100.txt,0,0,0,zero_players
Header/h88/Header_h88_f000192_t3.200.txt,0,0,0,zero_players
Header/h88/Header_h88_f000198_t3.300.txt,0,0,0,zero_players
Header/h88/Header_h88_f000210_t3.500.txt,7,1,7,ball_larger_than_head
Header/h88/Header_h88_f000270_t4.500.txt,9,1,9,ball_larger_than_head
Header/h89/Header_h89_f000000_t0.000.txt,14,0,0,many_players_zero_heads
Header/h89/Header_h89_f000006_t0.100.txt,14,0,0,many_players_zero_heads
Header/h89/Header_h89_f000012_t0.200.txt,14,1,0,many_players_zero_heads
Header/h89/Header_h89_f000018_t0.300.txt,13,1,0,many_players_zero_heads
Header/h89/Header_h89_f000024_t0.400.txt,14,0,0,many_players_zero_heads
Header/h89/Header_h89_f000030_t0.500.txt,14,0,0,many_players_zero_heads
Header/h89/Header_h89_f000036_t0.600.txt,14,0,0,many_players_zero_heads
Header/h89/Header_h89_f000042_t0.700.txt,15,0,0,many_players_zero_heads
Header/h89/Header_h89_f000048_t0.800.txt,12,0,0,many_players_zero_heads
Header/h89/Header_h89_f000054_t0.900.txt,13,0,0,many_players_zero_heads
Header/h89/Header_h89_f000060_t1.000.txt,12,0,0,many_players_zero_heads
Header/h89/Header_h89_f000066_t1.100.txt,12,0,0,many_players_zero_heads
Header/h89/Header_h89_f000072_t1.200.txt,13,0,0,many_players_zero_heads
Header/h89/Header_h89_f000078_t1.300.txt,13,0,0,many_players_zero_heads
Header/h89/Header_h89_f000084_t1.400.txt,14,0,0,many_players_zero_heads
Header/h89/Header_h89_f000090_t1.500.txt,12,0,0,many_players_zero_heads
Header/h89/Header_h89_f000096_t1.600.txt,14,0,0,many_players_zero_heads
Header/h89/Header_h89_f000102_t1.700.txt,13,0,0,many_players_zero_heads
Header/h89/Header_h89_f000108_t1.800.txt,12,0,0,many_players_zero_heads
Header/h89/Header_h89_f000114_t1.900.txt,12,1,0,many_players_zero_heads
Header/h89/Header_h89_f000120_t2.000.txt,12,0,0,many_players_zero_heads
Header/h89/Header_h89_f000126_t2.100.txt,10,0,0,many_players_zero_heads
Header/h89/Header_h89_f000132_t2.200.txt,11,0,0,many_players_zero_heads
Header/h89/Header_h89_f000138_t2.300.txt,11,0,0,many_players_zero_heads
Header/h89/Header_h89_f000144_t2.400.txt,11,0,0,many_players_zero_heads
Header/h89/Header_h89_f000150_t2.500.txt,11,0,0,many_players_zero_heads
Header/h89/Header_h89_f000156_t2.600.txt,12,0,0,many_players_zero_heads
Header/h89/Header_h89_f000162_t2.700.txt,11,0,0,many_players_zero_heads
Header/h89/Header_h89_f000168_t2.800.txt,10,0,0,many_players_zero_heads
Header/h89/Header_h89_f000174_t2.900.txt,10,0,0,many_players_zero_heads
Header/h89/Header_h89_f000180_t3.000.txt,10,0,0,many_players_zero_heads
Header/h89/Header_h89_f000186_t3.100.txt,10,0,0,many_players_zero_heads
Header/h89/Header_h89_f000192_t3.200.txt,12,0,0,many_players_zero_heads
Header/h89/Header_h89_f000198_t3.300.txt,12,0,0,many_players_zero_heads
Header/h89/Header_h89_f000204_t3.400.txt,12,0,0,many_players_zero_heads
Header/h89/Header_h89_f000210_t3.500.txt,12,0,0,many_players_zero_heads
Header/h89/Header_h89_f000216_t3.600.txt,12,0,0,many_players_zero_heads
Header/h89/Header_h89_f000222_t3.700.txt,12,1,0,many_players_zero_heads
Header/h89/Header_h89_f000228_t3.800.txt,12,0,0,many_players_zero_heads
Header/h89/Header_h89_f000234_t3.900.txt,11,0,0,many_players_zero_heads
Header/h89/Header_h89_f000240_t4.000.txt,11,0,0,many_players_zero_heads
Header/h89/Header_h89_f000246_t4.100.txt,12,0,0,many_players_zero_heads
Header/h89/Header_h89_f000252_t4.200.txt,13,0,0,many_players_zero_heads
Header/h89/Header_h89_f000258_t4.300.txt,13,0,0,many_players_zero_heads
Header/h89/Header_h89_f000264_t4.400.txt,12,0,0,many_players_zero_heads
Header/h89/Header_h89_f000270_t4.500.txt,12,0,0,many_players_zero_heads
Header/h89/Header_h89_f000276_t4.600.txt,12,0,0,many_players_zero_heads
Header/h89/Header_h89_f000282_t4.700.txt,12,0,0,many_players_zero_heads
Header/h89/Header_h89_f000288_t4.800.txt,12,0,0,many_players_zero_heads
Header/h89/Header_h89_f000294_t4.900.txt,12,0,0,many_players_zero_heads
Header/h89/Header_h89_f000300_t5.000.txt,13,0,0,many_players_zero_heads
Header/h9/Header_h9_f000000_t0.000.txt,0,0,0,zero_players
Header/h9/Header_h9_f000006_t0.100.txt,0,0,0,zero_players
Header/h9/Header_h9_f000012_t0.200.txt,11,0,0,many_players_zero_heads
Header/h9/Header_h9_f000018_t0.300.txt,11,0,0,many_players_zero_heads
Header/h9/Header_h9_f000024_t0.400.txt,9,0,0,many_players_zero_heads
Header/h9/Header_h9_f000030_t0.500.txt,9,0,0,many_players_zero_heads
Header/h9/Header_h9_f000036_t0.600.txt,10,0,0,many_players_zero_heads
Header/h9/Header_h9_f000042_t0.700.txt,10,0,0,many_players_zero_heads
Header/h9/Header_h9_f000048_t0.800.txt,10,0,0,many_players_zero_heads
Header/h9/Header_h9_f000054_t0.900.txt,10,0,0,many_players_zero_heads
Header/h9/Header_h9_f000060_t1.000.txt,9,0,0,many_players_zero_heads
Header/h9/Header_h9_f000066_t1.100.txt,13,0,0,many_players_zero_heads
Header/h9/Header_h9_f000072_t1.200.txt,12,0,0,many_players_zero_heads
Header/h9/Header_h9_f000078_t1.300.txt,11,0,0,many_players_zero_heads
Header/h9/Header_h9_f000084_t1.400.txt,12,0,0,many_players_zero_heads
Header/h9/Header_h9_f000090_t1.500.txt,12,0,0,many_players_zero_heads
Header/h9/Header_h9_f000096_t1.600.txt,11,0,0,many_players_zero_heads
Header/h9/Header_h9_f000102_t1.700.txt,10,0,0,many_players_zero_heads
Header/h9/Header_h9_f000108_t1.800.txt,9,0,0,many_players_zero_heads
Header/h9/Header_h9_f000114_t1.900.txt,10,0,0,many_players_zero_heads
Header/h9/Header_h9_f000120_t2.000.txt,11,0,0,many_players_zero_heads
Header/h9/Header_h9_f000126_t2.100.txt,12,0,0,many_players_zero_heads
Header/h9/Header_h9_f000132_t2.200.txt,11,0,0,many_players_zero_heads
Header/h9/Header_h9_f000138_t2.300.txt,11,0,0,many_players_zero_heads
Header/h9/Header_h9_f000144_t2.400.txt,10,0,0,many_players_zero_heads
Header/h9/Header_h9_f000150_t2.500.txt,10,0,0,many_players_zero_heads
Header/h9/Header_h9_f000156_t2.600.txt,9,0,0,many_players_zero_heads
Header/h9/Header_h9_f000162_t2.700.txt,10,0,0,many_players_zero_heads
Header/h9/Header_h9_f000168_t2.800.txt,10,0,0,many_players_zero_heads
Header/h9/Header_h9_f000174_t2.900.txt,10,0,0,many_players_zero_heads
Header/h9/Header_h9_f000180_t3.000.txt,14,0,0,many_players_zero_heads
Header/h90/Header_h90_f000000_t0.000.txt,11,0,0,many_players_zero_heads
Header/h90/Header_h90_f000006_t0.100.txt,11,0,0,many_players_zero_heads
Header/h90/Header_h90_f000012_t0.200.txt,10,0,0,many_players_zero_heads
Header/h90/Header_h90_f000018_t0.300.txt,9,0,0,many_players_zero_heads
Header/h90/Header_h90_f000024_t0.400.txt,9,0,0,many_players_zero_heads
Header/h90/Header_h90_f000030_t0.500.txt,9,1,0,many_players_zero_heads
Header/h90/Header_h90_f000036_t0.600.txt,9,0,0,many_players_zero_heads
Header/h90/Header_h90_f000042_t0.700.txt,9,0,0,many_players_zero_heads
Header/h90/Header_h90_f000048_t0.800.txt,9,0,0,many_players_zero_heads
Header/h90/Header_h90_f000054_t0.900.txt,9,0,0,many_players_zero_heads
Header/h90/Header_h90_f000060_t1.000.txt,9,0,0,many_players_zero_heads
Header/h90/Header_h90_f000066_t1.100.txt,9,0,0,many_players_zero_heads
Header/h90/Header_h90_f000072_t1.200.txt,9,0,0,many_players_zero_heads
Header/h90/Header_h90_f000078_t1.300.txt,9,0,0,many_players_zero_heads
Header/h90/Header_h90_f000084_t1.400.txt,9,0,0,many_players_zero_heads
Header/h90/Header_h90_f000090_t1.500.txt,9,0,0,many_players_zero_heads
Header/h90/Header_h90_f000096_t1.600.txt,9,0,0,many_players_zero_heads
Header/h90/Header_h90_f000102_t1.700.txt,9,0,0,many_players_zero_heads
Header/h90/Header_h90_f000108_t1.800.txt,9,0,0,many_players_zero_heads
Header/h90/Header_h90_f000114_t1.900.txt,10,0,0,many_players_zero_heads
Header/h90/Header_h90_f000120_t2.000.txt,10,0,0,many_players_zero_heads
Header/h90/Header_h90_f000126_t2.100.txt,10,0,0,many_players_zero_heads
Header/h90/Header_h90_f000132_t2.200.txt,10,0,0,many_players_zero_heads
Header/h90/Header_h90_f000138_t2.300.txt,10,0,0,many_players_zero_heads
Header/h90/Header_h90_f000144_t2.400.txt,10,0,0,many_players_zero_heads
Header/h90/Header_h90_f000150_t2.500.txt,10,0,0,many_players_zero_heads
Header/h90/Header_h90_f000156_t2.600.txt,10,1,0,many_players_zero_heads
Header/h90/Header_h90_f000162_t2.700.txt,11,0,0,many_players_zero_heads
Header/h90/Header_h90_f000168_t2.800.txt,10,0,0,many_players_zero_heads
Header/h90/Header_h90_f000174_t2.900.txt,10,0,0,many_players_zero_heads
Header/h90/Header_h90_f000180_t3.000.txt,10,0,0,many_players_zero_heads
Header/h90/Header_h90_f000186_t3.100.txt,10,0,0,many_players_zero_heads
Header/h90/Header_h90_f000192_t3.200.txt,10,0,0,many_players_zero_heads
Header/h90/Header_h90_f000198_t3.300.txt,10,0,0,many_players_zero_heads
Header/h90/Header_h90_f000204_t3.400.txt,10,0,0,many_players_zero_heads
Header/h90/Header_h90_f000210_t3.500.txt,10,0,0,many_players_zero_heads
Header/h90/Header_h90_f000216_t3.600.txt,11,0,0,many_players_zero_heads
Header/h90/Header_h90_f000222_t3.700.txt,10,0,0,many_players_zero_heads
Header/h90/Header_h90_f000228_t3.800.txt,10,0,0,many_players_zero_heads
Header/h90/Header_h90_f000234_t3.900.txt,9,0,0,many_players_zero_heads
Header/h90/Header_h90_f000240_t4.000.txt,10,0,0,many_players_zero_heads
Header/h90/Header_h90_f000246_t4.100.txt,10,0,0,many_players_zero_heads
Header/h90/Header_h90_f000252_t4.200.txt,10,0,0,many_players_zero_heads
Header/h90/Header_h90_f000258_t4.300.txt,10,0,0,many_players_zero_heads
Header/h90/Header_h90_f000264_t4.400.txt,10,0,0,many_players_zero_heads
Header/h90/Header_h90_f000270_t4.500.txt,10,0,0,many_players_zero_heads
Header/h90/Header_h90_f000276_t4.600.txt,10,0,0,many_players_zero_heads
Header/h90/Header_h90_f000282_t4.700.txt,10,0,0,many_players_zero_heads
Header/h90/Header_h90_f000288_t4.800.txt,10,0,0,many_players_zero_heads
Header/h90/Header_h90_f000294_t4.900.txt,11,0,0,many_players_zero_heads
Header/h90/Header_h90_f000300_t5.000.txt,10,0,0,many_players_zero_heads
Header/h90/Header_h90_f000306_t5.100.txt,10,0,0,many_players_zero_heads
Header/h90/Header_h90_f000312_t5.200.txt,9,0,0,many_players_zero_heads
Header/h90/Header_h90_f000318_t5.300.txt,10,0,0,many_players_zero_heads
Header/h90/Header_h90_f000324_t5.400.txt,10,0,0,many_players_zero_heads
Header/h90/Header_h90_f000330_t5.500.txt,10,0,0,many_players_zero_heads
Header/h90/Header_h90_f000336_t5.600.txt,10,0,0,many_players_zero_heads
Header/h90/Header_h90_f000342_t5.700.txt,8,0,0,many_players_zero_heads
Header/h90/Header_h90_f000348_t5.800.txt,10,0,0,many_players_zero_heads
Header/h90/Header_h90_f000354_t5.900.txt,10,0,0,many_players_zero_heads
Header/h90/Header_h90_f000360_t6.000.txt,9,0,0,many_players_zero_heads
Header/h91/Header_h91_f000000_t0.000.txt,7,1,0,many_players_zero_heads
Header/h91/Header_h91_f000006_t0.100.txt,7,0,0,many_players_zero_heads
Header/h91/Header_h91_f000084_t1.400.txt,6,1,5,ball_larger_than_head
Header/h91/Header_h91_f000096_t1.600.txt,5,1,4,ball_larger_than_head
Header/h91/Header_h91_f000102_t1.700.txt,5,1,4,ball_larger_than_head
Header/h91/Header_h91_f000108_t1.800.txt,5,1,5,ball_larger_than_head
Header/h91/Header_h91_f000114_t1.900.txt,6,1,6,ball_larger_than_head
Header/h91/Header_h91_f000120_t2.000.txt,6,1,5,ball_larger_than_head
Header/h91/Header_h91_f000126_t2.100.txt,5,1,4,ball_larger_than_head
Header/h91/Header_h91_f000132_t2.200.txt,5,1,4,ball_larger_than_head
Header/h91/Header_h91_f000138_t2.300.txt,5,1,4,ball_larger_than_head
Header/h91/Header_h91_f000156_t2.600.txt,3,1,3,ball_larger_than_head
Header/h91/Header_h91_f000168_t2.800.txt,4,1,3,ball_larger_than_head
Header/h91/Header_h91_f000174_t2.900.txt,5,1,4,ball_larger_than_head
Header/h92/Header_h92_f000000_t0.000.txt,0,0,0,zero_players
Header/h92/Header_h92_f000006_t0.100.txt,0,0,0,zero_players
Header/h92/Header_h92_f000012_t0.200.txt,0,0,0,zero_players
Header/h92/Header_h92_f000018_t0.300.txt,0,0,0,zero_players
Header/h92/Header_h92_f000024_t0.400.txt,0,0,0,zero_players
Header/h92/Header_h92_f000030_t0.500.txt,0,0,0,zero_players
Header/h92/Header_h92_f000036_t0.600.txt,0,0,0,zero_players
Header/h92/Header_h92_f000042_t0.700.txt,0,0,0,zero_players
Header/h92/Header_h92_f000048_t0.800.txt,0,0,0,zero_players
Header/h92/Header_h92_f000054_t0.900.txt,17,0,0,many_players_zero_heads
Header/h92/Header_h92_f000060_t1.000.txt,15,0,0,many_players_zero_heads
Header/h92/Header_h92_f000066_t1.100.txt,14,0,0,many_players_zero_heads
Header/h92/Header_h92_f000072_t1.200.txt,14,0,0,many_players_zero_heads
Header/h92/Header_h92_f000078_t1.300.txt,15,0,0,many_players_zero_heads
Header/h92/Header_h92_f000084_t1.400.txt,14,1,0,many_players_zero_heads
Header/h92/Header_h92_f000090_t1.500.txt,13,0,0,many_players_zero_heads
Header/h92/Header_h92_f000096_t1.600.txt,15,0,0,many_players_zero_heads
Header/h92/Header_h92_f000102_t1.700.txt,15,0,0,many_players_zero_heads
Header/h92/Header_h92_f000108_t1.800.txt,14,0,0,many_players_zero_heads
Header/h92/Header_h92_f000114_t1.900.txt,16,0,0,many_players_zero_heads
Header/h92/Header_h92_f000120_t2.000.txt,16,0,0,many_players_zero_heads
Header/h92/Header_h92_f000126_t2.100.txt,14,0,0,many_players_zero_heads
Header/h92/Header_h92_f000132_t2.200.txt,13,0,0,many_players_zero_heads
Header/h92/Header_h92_f000138_t2.300.txt,13,0,0,many_players_zero_heads
Header/h92/Header_h92_f000144_t2.400.txt,12,0,0,many_players_zero_heads
Header/h92/Header_h92_f000150_t2.500.txt,17,0,0,many_players_zero_heads
Header/h92/Header_h92_f000156_t2.600.txt,15,0,0,many_players_zero_heads
Header/h92/Header_h92_f000162_t2.700.txt,16,0,0,many_players_zero_heads
Header/h92/Header_h92_f000168_t2.800.txt,13,0,0,many_players_zero_heads
Header/h92/Header_h92_f000174_t2.900.txt,13,0,0,many_players_zero_heads
Header/h92/Header_h92_f000180_t3.000.txt,14,0,0,many_players_zero_heads
Header/h92/Header_h92_f000186_t3.100.txt,13,0,0,many_players_zero_heads
Header/h92/Header_h92_f000192_t3.200.txt,15,0,0,many_players_zero_heads
Header/h92/Header_h92_f000198_t3.300.txt,15,0,0,many_players_zero_heads
Header/h92/Header_h92_f000204_t3.400.txt,15,0,0,many_players_zero_heads
Header/h92/Header_h92_f000210_t3.500.txt,16,0,0,many_players_zero_heads
Header/h92/Header_h92_f000216_t3.600.txt,14,0,0,many_players_zero_heads
Header/h92/Header_h92_f000222_t3.700.txt,16,0,0,many_players_zero_heads
Header/h92/Header_h92_f000228_t3.800.txt,17,0,0,many_players_zero_heads
Header/h92/Header_h92_f000234_t3.900.txt,15,0,0,many_players_zero_heads
Header/h92/Header_h92_f000240_t4.000.txt,15,0,0,many_players_zero_heads
Header/h92/Header_h92_f000246_t4.100.txt,15,0,0,many_players_zero_heads
Header/h92/Header_h92_f000252_t4.200.txt,15,0,0,many_players_zero_heads
Header/h92/Header_h92_f000258_t4.300.txt,19,0,0,many_players_zero_heads
Header/h92/Header_h92_f000264_t4.400.txt,16,0,0,many_players_zero_heads
Header/h92/Header_h92_f000270_t4.500.txt,15,0,0,many_players_zero_heads
Header/h92/Header_h92_f000276_t4.600.txt,16,0,0,many_players_zero_heads
Header/h92/Header_h92_f000282_t4.700.txt,14,0,0,many_players_zero_heads
Header/h92/Header_h92_f000288_t4.800.txt,13,0,0,many_players_zero_heads
Header/h92/Header_h92_f000294_t4.900.txt,16,0,0,many_players_zero_heads
Header/h92/Header_h92_f000300_t5.000.txt,14,0,0,many_players_zero_heads
Header/h93/Header_h93_f000048_t0.800.txt,17,0,0,many_players_zero_heads
Header/h93/Header_h93_f000054_t0.900.txt,17,0,0,many_players_zero_heads
Header/h93/Header_h93_f000060_t1.000.txt,17,0,0,many_players_zero_heads
Header/h93/Header_h93_f000066_t1.100.txt,17,0,0,many_players_zero_heads
Header/h93/Header_h93_f000072_t1.200.txt,16,0,0,many_players_zero_heads
Header/h93/Header_h93_f000078_t1.300.txt,17,0,0,many_players_zero_heads
Header/h93/Header_h93_f000084_t1.400.txt,18,0,0,many_players_zero_heads
Header/h93/Header_h93_f000090_t1.500.txt,19,0,0,many_players_zero_heads
Header/h93/Header_h93_f000096_t1.600.txt,19,0,0,many_players_zero_heads
Header/h93/Header_h93_f000102_t1.700.txt,18,0,0,many_players_zero_heads
Header/h93/Header_h93_f000108_t1.800.txt,19,0,0,many_players_zero_heads
Header/h93/Header_h93_f000114_t1.900.txt,18,0,0,many_players_zero_heads
Header/h93/Header_h93_f000120_t2.000.txt,19,0,0,many_players_zero_heads
Header/h93/Header_h93_f000126_t2.100.txt,18,0,0,many_players_zero_heads
Header/h93/Header_h93_f000132_t2.200.txt,18,0,0,many_players_zero_heads
Header/h93/Header_h93_f000138_t2.300.txt,18,0,0,many_players_zero_heads
Header/h93/Header_h93_f000144_t2.400.txt,19,0,0,many_players_zero_heads
Header/h93/Header_h93_f000150_t2.500.txt,19,0,0,many_players_zero_heads
Header/h93/Header_h93_f000156_t2.600.txt,18,0,0,many_players_zero_heads
Header/h93/Header_h93_f000162_t2.700.txt,18,1,0,many_players_zero_heads
Header/h93/Header_h93_f000168_t2.800.txt,18,0,0,many_players_zero_heads
Header/h93/Header_h93_f000174_t2.900.txt,18,0,0,many_players_zero_heads
Header/h93/Header_h93_f000180_t3.000.txt,18,0,0,many_players_zero_heads
Header/h93/Header_h93_f000186_t3.100.txt,18,0,0,many_players_zero_heads
Header/h93/Header_h93_f000192_t3.200.txt,18,0,0,many_players_zero_heads
Header/h93/Header_h93_f000198_t3.300.txt,18,0,0,many_players_zero_heads
Header/h93/Header_h93_f000204_t3.400.txt,18,0,0,many_players_zero_heads
Header/h93/Header_h93_f000210_t3.500.txt,17,0,0,many_players_zero_heads
Header/h93/Header_h93_f000216_t3.600.txt,17,0,0,many_players_zero_heads
Header/h93/Header_h93_f000222_t3.700.txt,17,0,0,many_players_zero_heads
Header/h93/Header_h93_f000228_t3.800.txt,17,0,0,many_players_zero_heads
Header/h93/Header_h93_f000234_t3.900.txt,16,0,0,many_players_zero_heads
Header/h93/Header_h93_f000240_t4.000.txt,16,0,0,many_players_zero_heads
Header/h93/Header_h93_f000246_t4.100.txt,16,0,0,many_players_zero_heads
Header/h93/Header_h93_f000252_t4.200.txt,16,1,0,many_players_zero_heads
Header/h93/Header_h93_f000258_t4.300.txt,17,0,0,many_players_zero_heads
Header/h93/Header_h93_f000264_t4.400.txt,17,0,0,many_players_zero_heads
Header/h93/Header_h93_f000270_t4.500.txt,17,0,0,many_players_zero_heads
Header/h93/Header_h93_f000276_t4.600.txt,17,0,0,many_players_zero_heads
Header/h93/Header_h93_f000288_t4.800.txt,16,0,0,many_players_zero_heads
Header/h93/Header_h93_f000294_t4.900.txt,16,0,0,many_players_zero_heads
Header/h93/Header_h93_f000300_t5.000.txt,17,0,0,many_players_zero_heads
Header/h93/Header_h93_f000306_t5.100.txt,16,0,0,many_players_zero_heads
Header/h93/Header_h93_f000312_t5.200.txt,16,0,0,many_players_zero_heads
Header/h93/Header_h93_f000318_t5.300.txt,17,0,0,many_players_zero_heads
Header/h93/Header_h93_f000324_t5.400.txt,16,0,0,many_players_zero_heads
Header/h93/Header_h93_f000330_t5.500.txt,17,0,0,many_players_zero_heads
Header/h93/Header_h93_f000336_t5.600.txt,17,0,0,many_players_zero_heads
Header/h93/Header_h93_f000342_t5.700.txt,16,0,0,many_players_zero_heads
Header/h93/Header_h93_f000348_t5.800.txt,16,1,0,many_players_zero_heads
Header/h93/Header_h93_f000354_t5.900.txt,16,1,0,many_players_zero_heads
Header/h93/Header_h93_f000360_t6.000.txt,16,1,0,many_players_zero_heads
Header/h94/Header_h94_f000072_t1.200.txt,5,1,5,ball_larger_than_head
Header/h94/Header_h94_f000078_t1.300.txt,7,1,6,ball_larger_than_head
Header/h94/Header_h94_f000084_t1.400.txt,6,1,5,ball_larger_than_head
Header/h94/Header_h94_f000090_t1.500.txt,5,1,5,ball_larger_than_head
Header/h94/Header_h94_f000096_t1.600.txt,5,1,5,ball_larger_than_head
Header/h94/Header_h94_f000102_t1.700.txt,7,1,5,ball_larger_than_head
Header/h94/Header_h94_f000108_t1.800.txt,6,1,5,ball_larger_than_head
Header/h94/Header_h94_f000114_t1.900.txt,7,1,5,ball_larger_than_head
Header/h94/Header_h94_f000120_t2.000.txt,6,1,5,ball_larger_than_head
Header/h94/Header_h94_f000126_t2.100.txt,6,1,5,ball_larger_than_head
Header/h94/Header_h94_f000132_t2.200.txt,7,1,6,ball_larger_than_head
Header/h94/Header_h94_f000138_t2.300.txt,7,1,6,ball_larger_than_head
Header/h94/Header_h94_f000144_t2.400.txt,7,1,6,ball_larger_than_head
Header/h94/Header_h94_f000150_t2.500.txt,7,1,6,ball_larger_than_head
Header/h94/Header_h94_f000156_t2.600.txt,7,1,6,ball_larger_than_head
Header/h94/Header_h94_f000162_t2.700.txt,7,1,6,ball_larger_than_head
Header/h94/Header_h94_f000168_t2.800.txt,8,1,7,ball_larger_than_head
Header/h94/Header_h94_f000174_t2.900.txt,7,1,6,ball_larger_than_head
Header/h94/Header_h94_f000180_t3.000.txt,7,1,6,ball_larger_than_head
Header/h94/Header_h94_f000186_t3.100.txt,7,1,6,ball_larger_than_head
Header/h94/Header_h94_f000192_t3.200.txt,7,1,6,ball_larger_than_head
Header/h94/Header_h94_f000198_t3.300.txt,7,1,6,ball_larger_than_head
Header/h94/Header_h94_f000204_t3.400.txt,7,1,6,ball_larger_than_head
Header/h94/Header_h94_f000210_t3.500.txt,7,1,4,ball_larger_than_head
Header/h94/Header_h94_f000216_t3.600.txt,6,1,5,ball_larger_than_head
Header/h94/Header_h94_f000222_t3.700.txt,7,1,5,ball_larger_than_head
Header/h94/Header_h94_f000234_t3.900.txt,7,1,4,ball_larger_than_head
Header/h94/Header_h94_f000240_t4.000.txt,8,1,4,ball_larger_than_head
Header/h94/Header_h94_f000246_t4.100.txt,8,1,4,ball_larger_than_head
Header/h94/Header_h94_f000252_t4.200.txt,9,1,3,ball_larger_than_head
Header/h94/Header_h94_f000270_t4.500.txt,4,1,4,ball_larger_than_head
Header/h95/Header_h95_f000018_t0.300.txt,6,1,5,ball_larger_than_head
Header/h95/Header_h95_f000024_t0.400.txt,6,1,6,ball_larger_than_head
Header/h95/Header_h95_f000030_t0.500.txt,5,1,5,ball_larger_than_head
Header/h95/Header_h95_f000036_t0.600.txt,14,1,0,many_players_zero_heads
Header/h95/Header_h95_f000042_t0.700.txt,13,1,0,many_players_zero_heads
Header/h95/Header_h95_f000048_t0.800.txt,14,1,0,many_players_zero_heads
Header/h95/Header_h95_f000054_t0.900.txt,14,1,0,many_players_zero_heads
Header/h95/Header_h95_f000060_t1.000.txt,14,1,0,many_players_zero_heads
Header/h95/Header_h95_f000066_t1.100.txt,14,1,0,many_players_zero_heads
Header/h95/Header_h95_f000072_t1.200.txt,14,1,0,many_players_zero_heads
Header/h95/Header_h95_f000078_t1.300.txt,12,0,0,many_players_zero_heads
Header/h95/Header_h95_f000084_t1.400.txt,11,0,0,many_players_zero_heads
Header/h95/Header_h95_f000090_t1.500.txt,10,0,0,many_players_zero_heads
Header/h95/Header_h95_f000096_t1.600.txt,11,0,0,many_players_zero_heads
Header/h95/Header_h95_f000102_t1.700.txt,11,0,0,many_players_zero_heads
Header/h95/Header_h95_f000108_t1.800.txt,12,0,0,many_players_zero_heads
Header/h95/Header_h95_f000114_t1.900.txt,13,0,0,many_players_zero_heads
Header/h95/Header_h95_f000120_t2.000.txt,14,0,0,many_players_zero_heads
Header/h95/Header_h95_f000126_t2.100.txt,15,0,0,many_players_zero_heads
Header/h95/Header_h95_f000132_t2.200.txt,16,0,0,many_players_zero_heads
Header/h95/Header_h95_f000138_t2.300.txt,16,0,0,many_players_zero_heads
Header/h95/Header_h95_f000144_t2.400.txt,14,0,0,many_players_zero_heads
Header/h95/Header_h95_f000150_t2.500.txt,13,0,0,many_players_zero_heads
Header/h95/Header_h95_f000156_t2.600.txt,14,0,0,many_players_zero_heads
Header/h95/Header_h95_f000162_t2.700.txt,15,0,0,many_players_zero_heads
Header/h95/Header_h95_f000168_t2.800.txt,13,0,0,many_players_zero_heads
Header/h95/Header_h95_f000174_t2.900.txt,12,0,0,many_players_zero_heads
Header/h95/Header_h95_f000180_t3.000.txt,12,0,0,many_players_zero_heads
Header/h95/Header_h95_f000186_t3.100.txt,12,0,0,many_players_zero_heads
Header/h95/Header_h95_f000192_t3.200.txt,12,1,0,many_players_zero_heads
Header/h95/Header_h95_f000198_t3.300.txt,13,1,0,many_players_zero_heads
Header/h95/Header_h95_f000204_t3.400.txt,13,0,0,many_players_zero_heads
Header/h95/Header_h95_f000210_t3.500.txt,11,0,0,many_players_zero_heads
Header/h95/Header_h95_f000216_t3.600.txt,13,0,0,many_players_zero_heads
Header/h95/Header_h95_f000222_t3.700.txt,12,0,0,many_players_zero_heads
Header/h95/Header_h95_f000228_t3.800.txt,12,0,0,many_players_zero_heads
Header/h95/Header_h95_f000234_t3.900.txt,13,0,0,many_players_zero_heads
Header/h95/Header_h95_f000240_t4.000.txt,15,0,0,many_players_zero_heads
Header/h95/Header_h95_f000246_t4.100.txt,15,0,0,many_players_zero_heads
Header/h95/Header_h95_f000252_t4.200.txt,16,0,0,many_players_zero_heads
Header/h95/Header_h95_f000258_t4.300.txt,13,0,0,many_players_zero_heads
Header/h95/Header_h95_f000264_t4.400.txt,15,0,0,many_players_zero_heads
Header/h95/Header_h95_f000270_t4.500.txt,16,0,0,many_players_zero_heads
Header/h95/Header_h95_f000276_t4.600.txt,14,0,0,many_players_zero_heads
Header/h95/Header_h95_f000282_t4.700.txt,17,0,0,many_players_zero_heads
Header/h95/Header_h95_f000288_t4.800.txt,14,0,0,many_players_zero_heads
Header/h95/Header_h95_f000294_t4.900.txt,14,0,0,many_players_zero_heads
Header/h95/Header_h95_f000300_t5.000.txt,16,0,0,many_players_zero_heads
Header/h96/Header_h96_f000018_t0.300.txt,4,1,4,ball_larger_than_head
Header/h96/Header_h96_f000036_t0.600.txt,3,1,3,ball_larger_than_head
Header/h96/Header_h96_f000042_t0.700.txt,16,0,0,many_players_zero_heads
Header/h96/Header_h96_f000048_t0.800.txt,15,0,0,many_players_zero_heads
Header/h96/Header_h96_f000054_t0.900.txt,15,0,0,many_players_zero_heads
Header/h96/Header_h96_f000060_t1.000.txt,15,0,0,many_players_zero_heads
Header/h96/Header_h96_f000066_t1.100.txt,15,0,0,many_players_zero_heads
Header/h96/Header_h96_f000072_t1.200.txt,15,0,0,many_players_zero_heads
Header/h96/Header_h96_f000078_t1.300.txt,15,0,0,many_players_zero_heads
Header/h96/Header_h96_f000084_t1.400.txt,15,0,0,many_players_zero_heads
Header/h96/Header_h96_f000090_t1.500.txt,14,0,0,many_players_zero_heads
Header/h96/Header_h96_f000096_t1.600.txt,14,0,0,many_players_zero_heads
Header/h96/Header_h96_f000102_t1.700.txt,14,0,0,many_players_zero_heads
Header/h96/Header_h96_f000108_t1.800.txt,14,0,0,many_players_zero_heads
Header/h96/Header_h96_f000114_t1.900.txt,14,0,0,many_players_zero_heads
Header/h96/Header_h96_f000120_t2.000.txt,16,0,0,many_players_zero_heads
Header/h96/Header_h96_f000126_t2.100.txt,14,0,0,many_players_zero_heads
Header/h96/Header_h96_f000132_t2.200.txt,16,0,0,many_players_zero_heads
Header/h96/Header_h96_f000138_t2.300.txt,15,0,0,many_players_zero_heads
Header/h96/Header_h96_f000144_t2.400.txt,15,0,0,many_players_zero_heads
Header/h96/Header_h96_f000150_t2.500.txt,15,0,0,many_players_zero_heads
Header/h96/Header_h96_f000156_t2.600.txt,14,0,0,many_players_zero_heads
Header/h96/Header_h96_f000162_t2.700.txt,13,0,0,many_players_zero_heads
Header/h96/Header_h96_f000168_t2.800.txt,13,0,0,many_players_zero_heads
Header/h96/Header_h96_f000174_t2.900.txt,13,0,0,many_players_zero_heads
Header/h96/Header_h96_f000180_t3.000.txt,14,0,0,many_players_zero_heads
Header/h96/Header_h96_f000186_t3.100.txt,13,0,0,many_players_zero_heads
Header/h96/Header_h96_f000192_t3.200.txt,12,0,0,many_players_zero_heads
Header/h96/Header_h96_f000198_t3.300.txt,14,0,0,many_players_zero_heads
Header/h96/Header_h96_f000204_t3.400.txt,14,0,0,many_players_zero_heads
Header/h96/Header_h96_f000210_t3.500.txt,13,0,0,many_players_zero_heads
Header/h96/Header_h96_f000216_t3.600.txt,13,0,0,many_players_zero_heads
Header/h96/Header_h96_f000222_t3.700.txt,14,0,0,many_players_zero_heads
Header/h96/Header_h96_f000228_t3.800.txt,13,0,0,many_players_zero_heads
Header/h96/Header_h96_f000234_t3.900.txt,10,0,0,many_players_zero_heads
Header/h96/Header_h96_f000240_t4.000.txt,13,0,0,many_players_zero_heads
Header/h96/Header_h96_f000246_t4.100.txt,9,0,0,many_players_zero_heads
Header/h96/Header_h96_f000252_t4.200.txt,11,0,0,many_players_zero_heads
Header/h96/Header_h96_f000258_t4.300.txt,9,0,0,many_players_zero_heads
Header/h96/Header_h96_f000264_t4.400.txt,9,0,0,many_players_zero_heads
Header/h96/Header_h96_f000270_t4.500.txt,12,0,0,many_players_zero_heads
Header/h96/Header_h96_f000276_t4.600.txt,10,0,0,many_players_zero_heads
Header/h96/Header_h96_f000282_t4.700.txt,12,0,0,many_players_zero_heads
Header/h96/Header_h96_f000288_t4.800.txt,11,0,0,many_players_zero_heads
Header/h96/Header_h96_f000294_t4.900.txt,10,0,0,many_players_zero_heads
Header/h96/Header_h96_f000300_t5.000.txt,10,0,0,many_players_zero_heads
Header/h98/Header_h98_f000006_t0.100.txt,4,1,4,ball_larger_than_head
Header/h98/Header_h98_f000030_t0.500.txt,5,1,5,ball_larger_than_head
Header/h98/Header_h98_f000036_t0.600.txt,14,0,0,many_players_zero_heads
Header/h98/Header_h98_f000042_t0.700.txt,13,0,0,many_players_zero_heads
Header/h98/Header_h98_f000048_t0.800.txt,14,0,0,many_players_zero_heads
Header/h98/Header_h98_f000054_t0.900.txt,15,0,0,many_players_zero_heads
Header/h98/Header_h98_f000060_t1.000.txt,13,0,0,many_players_zero_heads
Header/h98/Header_h98_f000066_t1.100.txt,13,0,0,many_players_zero_heads
Header/h98/Header_h98_f000072_t1.200.txt,13,0,0,many_players_zero_heads
Header/h98/Header_h98_f000078_t1.300.txt,11,0,0,many_players_zero_heads
Header/h98/Header_h98_f000084_t1.400.txt,11,0,0,many_players_zero_heads
Header/h98/Header_h98_f000090_t1.500.txt,12,0,0,many_players_zero_heads
Header/h98/Header_h98_f000096_t1.600.txt,10,0,0,many_players_zero_heads
Header/h98/Header_h98_f000102_t1.700.txt,11,0,0,many_players_zero_heads
Header/h98/Header_h98_f000108_t1.800.txt,13,0,0,many_players_zero_heads
Header/h98/Header_h98_f000114_t1.900.txt,11,0,0,many_players_zero_heads
Header/h98/Header_h98_f000120_t2.000.txt,12,0,0,many_players_zero_heads
Header/h98/Header_h98_f000126_t2.100.txt,10,0,0,many_players_zero_heads
Header/h98/Header_h98_f000132_t2.200.txt,11,0,0,many_players_zero_heads
Header/h98/Header_h98_f000138_t2.300.txt,10,0,0,many_players_zero_heads
Header/h98/Header_h98_f000144_t2.400.txt,9,0,0,many_players_zero_heads
Header/h98/Header_h98_f000150_t2.500.txt,10,0,0,many_players_zero_heads
Header/h98/Header_h98_f000156_t2.600.txt,11,0,0,many_players_zero_heads
Header/h98/Header_h98_f000162_t2.700.txt,9,0,0,many_players_zero_heads
Header/h98/Header_h98_f000168_t2.800.txt,9,0,0,many_players_zero_heads
Header/h98/Header_h98_f000174_t2.900.txt,8,0,0,many_players_zero_heads
Header/h98/Header_h98_f000180_t3.000.txt,12,0,0,many_players_zero_heads
Header/h98/Header_h98_f000186_t3.100.txt,13,0,0,many_players_zero_heads
Header/h98/Header_h98_f000192_t3.200.txt,15,0,0,many_players_zero_heads
Header/h98/Header_h98_f000198_t3.300.txt,12,0,0,many_players_zero_heads
Header/h98/Header_h98_f000204_t3.400.txt,11,0,0,many_players_zero_heads
Header/h98/Header_h98_f000210_t3.500.txt,11,0,0,many_players_zero_heads
Header/h98/Header_h98_f000216_t3.600.txt,12,0,0,many_players_zero_heads
Header/h98/Header_h98_f000222_t3.700.txt,9,0,0,many_players_zero_heads
Header/h98/Header_h98_f000228_t3.800.txt,10,0,0,many_players_zero_heads
Header/h98/Header_h98_f000234_t3.900.txt,9,0,0,many_players_zero_heads
Header/h98/Header_h98_f000240_t4.000.txt,14,0,0,many_players_zero_heads
Header/h98/Header_h98_f000246_t4.100.txt,12,0,0,many_players_zero_heads
Header/h98/Header_h98_f000252_t4.200.txt,11,0,0,many_players_zero_heads
Header/h98/Header_h98_f000258_t4.300.txt,13,0,0,many_players_zero_heads
Header/h98/Header_h98_f000264_t4.400.txt,11,0,0,many_players_zero_heads
Header/h98/Header_h98_f000270_t4.500.txt,13,0,0,many_players_zero_heads
Header/h98/Header_h98_f000276_t4.600.txt,13,0,0,many_players_zero_heads
Header/h98/Header_h98_f000282_t4.700.txt,12,0,0,many_players_zero_heads
Header/h98/Header_h98_f000288_t4.800.txt,12,0,0,many_players_zero_heads
Header/h98/Header_h98_f000294_t4.900.txt,14,0,0,many_players_zero_heads
Header/h98/Header_h98_f000300_t5.000.txt,13,0,0,many_players_zero_heads
Header/h99/Header_h99_f000144_t2.400.txt,6,1,5,ball_larger_than_head
Header/h99/Header_h99_f000150_t2.500.txt,6,1,5,ball_larger_than_head
Header/h99/Header_h99_f000156_t2.600.txt,6,1,5,ball_larger_than_head
Header/h99/Header_h99_f000162_t2.700.txt,6,1,5,ball_larger_than_head
Header/h99/Header_h99_f000168_t2.800.txt,0,0,0,zero_players
Header/h99/Header_h99_f000174_t2.900.txt,0,0,0,zero_players
Header/h99/Header_h99_f000180_t3.000.txt,0,0,0,zero_players
Header/h99/Header_h99_f000186_t3.100.txt,0,0,0,zero_players
Header/h99/Header_h99_f000192_t3.200.txt,0,0,0,zero_players
Header/h99/Header_h99_f000198_t3.300.txt,0,0,0,zero_players
Header/h99/Header_h99_f000204_t3.400.txt,0,0,0,zero_players
Header/h99/Header_h99_f000210_t3.500.txt,0,0,0,zero_players
Header/h99/Header_h99_f000216_t3.600.txt,0,0,0,zero_players
Header/h99/Header_h99_f000222_t3.700.txt,0,0,0,zero_players
Header/h99/Header_h99_f000228_t3.800.txt,0,0,0,zero_players
Header/h99/Header_h99_f000234_t3.900.txt,0,0,0,zero_players
Header/h99/Header_h99_f000240_t4.000.txt,0,0,0,zero_players
Header/h99/Header_h99_f000246_t4.100.txt,0,0,0,zero_players
Header/h99/Header_h99_f000252_t4.200.txt,0,0,0,zero_players
Header/h99/Header_h99_f000258_t4.300.txt,0,0,0,zero_players
Header/h99/Header_h99_f000264_t4.400.txt,0,0,0,zero_players
Header/h99/Header_h99_f000270_t4.500.txt,0,0,0,zero_players
Header/h99/Header_h99_f000276_t4.600.txt,0,0,0,zero_players
Header/h99/Header_h99_f000282_t4.700.txt,0,0,0,zero_players
Header/h99/Header_h99_f000288_t4.800.txt,0,0,0,zero_players
Header/h99/Header_h99_f000294_t4.900.txt,0,0,0,zero_players
Header/h99/Header_h99_f000300_t5.000.txt,0,0,0,zero_players
Header/h99/Header_h99_f000306_t5.100.txt,0,0,0,zero_players
Header/h99/Header_h99_f000312_t5.200.txt,0,0,0,zero_players
Header/h99/Header_h99_f000318_t5.300.txt,0,0,0,zero_players
Header/h99/Header_h99_f000324_t5.400.txt,0,0,0,zero_players
Header/h99/Header_h99_f000330_t5.500.txt,0,0,0,zero_players
Header/h99/Header_h99_f000336_t5.600.txt,0,0,0,zero_players
Header/h99/Header_h99_f000342_t5.700.txt,0,0,0,zero_players
Header/h99/Header_h99_f000348_t5.800.txt,0,0,0,zero_players
Header/h99/Header_h99_f000354_t5.900.txt,0,0,0,zero_players
Header/h99/Header_h99_f000360_t6.000.txt,0,0,0,zero_players
Non_Header/h1/NonHeader_h1_f000000_t0.000.txt,7,0,0,many_players_zero_heads
Non_Header/h1/NonHeader_h1_f000030_t0.500.txt,7,1,0,many_players_zero_heads
Non_Header/h1/NonHeader_h1_f000060_t1.000.txt,9,0,0,many_players_zero_heads
Non_Header/h1/NonHeader_h1_f000090_t1.500.txt,10,0,0,many_players_zero_heads
Non_Header/h1/NonHeader_h1_f000120_t2.000.txt,12,0,0,many_players_zero_heads
Non_Header/h1/NonHeader_h1_f000150_t2.500.txt,13,1,0,many_players_zero_heads
Non_Header/h1/NonHeader_h1_f000180_t3.000.txt,11,0,0,many_players_zero_heads
Non_Header/h1/NonHeader_h1_f000210_t3.500.txt,10,1,0,many_players_zero_heads
Non_Header/h1/NonHeader_h1_f000240_t4.000.txt,10,1,0,many_players_zero_heads
Non_Header/h1/NonHeader_h1_f000270_t4.500.txt,13,0,0,many_players_zero_heads
Non_Header/h1/NonHeader_h1_f000300_t5.000.txt,12,1,0,many_players_zero_heads
Non_Header/h1/NonHeader_h1_f000330_t5.500.txt,12,0,0,many_players_zero_heads
Non_Header/h1/NonHeader_h1_f000360_t6.000.txt,12,0,0,many_players_zero_heads
Non_Header/h1/NonHeader_h1_f000390_t6.500.txt,12,1,0,many_players_zero_heads
Non_Header/h1/NonHeader_h1_f000420_t7.000.txt,12,0,0,many_players_zero_heads
Non_Header/h1/NonHeader_h1_f000450_t7.500.txt,11,0,0,many_players_zero_heads
Non_Header/h1/NonHeader_h1_f000480_t8.000.txt,10,1,0,many_players_zero_heads
Non_Header/h10/NonHeader_h10_f000000_t0.000.txt,15,0,0,many_players_zero_heads
Non_Header/h10/NonHeader_h10_f000030_t0.500.txt,10,0,0,many_players_zero_heads
Non_Header/h10/NonHeader_h10_f000060_t1.000.txt,11,0,0,many_players_zero_heads
Non_Header/h10/NonHeader_h10_f000090_t1.500.txt,11,0,0,many_players_zero_heads
Non_Header/h10/NonHeader_h10_f000120_t2.000.txt,10,0,0,many_players_zero_heads
Non_Header/h10/NonHeader_h10_f000150_t2.500.txt,10,0,0,many_players_zero_heads
Non_Header/h10/NonHeader_h10_f000180_t3.000.txt,9,0,0,many_players_zero_heads
Non_Header/h10/NonHeader_h10_f000210_t3.500.txt,9,0,0,many_players_zero_heads
Non_Header/h10/NonHeader_h10_f000240_t4.000.txt,7,0,0,many_players_zero_heads
Non_Header/h100/NonHeader_h100_f000000_t0.000.txt,17,1,0,many_players_zero_heads
Non_Header/h100/NonHeader_h100_f000030_t0.500.txt,19,0,0,many_players_zero_heads
Non_Header/h100/NonHeader_h100_f000060_t1.000.txt,18,0,0,many_players_zero_heads
Non_Header/h100/NonHeader_h100_f000090_t1.500.txt,17,0,0,many_players_zero_heads
Non_Header/h100/NonHeader_h100_f000120_t2.000.txt,17,0,0,many_players_zero_heads
Non_Header/h100/NonHeader_h100_f000180_t3.000.txt,18,0,0,many_players_zero_heads
Non_Header/h100/NonHeader_h100_f000210_t3.500.txt,18,1,0,many_players_zero_heads
Non_Header/h100/NonHeader_h100_f000240_t4.000.txt,18,0,0,many_players_zero_heads
Non_Header/h100/NonHeader_h100_f000270_t4.500.txt,18,0,0,many_players_zero_heads
Non_Header/h100/NonHeader_h100_f000300_t5.000.txt,17,0,0,many_players_zero_heads
Non_Header/h100/NonHeader_h100_f000330_t5.500.txt,17,0,0,many_players_zero_heads
Non_Header/h100/NonHeader_h100_f000360_t6.000.txt,17,1,0,many_players_zero_heads
Non_Header/h100/NonHeader_h100_f000390_t6.500.txt,19,0,0,many_players_zero_heads
Non_Header/h100/NonHeader_h100_f000420_t7.000.txt,18,1,0,many_players_zero_heads
Non_Header/h100/NonHeader_h100_f000450_t7.500.txt,19,1,0,many_players_zero_heads
Non_Header/h101/NonHeader_h101_f000000_t0.000.txt,19,0,0,many_players_zero_heads
Non_Header/h101/NonHeader_h101_f000030_t0.500.txt,17,0,0,many_players_zero_heads
Non_Header/h101/NonHeader_h101_f000060_t1.000.txt,16,0,0,many_players_zero_heads
Non_Header/h101/NonHeader_h101_f000090_t1.500.txt,16,0,0,many_players_zero_heads
Non_Header/h101/NonHeader_h101_f000120_t2.000.txt,17,0,0,many_players_zero_heads
Non_Header/h101/NonHeader_h101_f000150_t2.500.txt,16,1,0,many_players_zero_heads
Non_Header/h101/NonHeader_h101_f000180_t3.000.txt,17,0,0,many_players_zero_heads
Non_Header/h101/NonHeader_h101_f000210_t3.500.txt,16,1,0,many_players_zero_heads
Non_Header/h101/NonHeader_h101_f000240_t4.000.txt,16,1,0,many_players_zero_heads
Non_Header/h101/NonHeader_h101_f000270_t4.500.txt,16,0,0,many_players_zero_heads
Non_Header/h101/NonHeader_h101_f000300_t5.000.txt,16,0,0,many_players_zero_heads
Non_Header/h101/NonHeader_h101_f000330_t5.500.txt,16,1,0,many_players_zero_heads
Non_Header/h101/NonHeader_h101_f000360_t6.000.txt,14,0,0,many_players_zero_heads
Non_Header/h101/NonHeader_h101_f000390_t6.500.txt,15,0,0,many_players_zero_heads
Non_Header/h101/NonHeader_h101_f000420_t7.000.txt,16,0,0,many_players_zero_heads
Non_Header/h101/NonHeader_h101_f000450_t7.500.txt,16,0,0,many_players_zero_heads
Non_Header/h101/NonHeader_h101_f000480_t8.000.txt,14,0,0,many_players_zero_heads
Non_Header/h101/NonHeader_h101_f000510_t8.500.txt,14,0,0,many_players_zero_heads
Non_Header/h101/NonHeader_h101_f000540_t9.000.txt,14,0,0,many_players_zero_heads
Non_Header/h101/NonHeader_h101_f000570_t9.500.txt,11,0,0,many_players_zero_heads
Non_Header/h102/NonHeader_h102_f000120_t2.000.txt,14,1,6,ball_larger_than_head
Non_Header/h102/NonHeader_h102_f000480_t8.000.txt,9,1,9,ball_larger_than_head
Non_Header/h11/NonHeader_h11_f000000_t0.000.txt,10,1,0,many_players_zero_heads
Non_Header/h11/NonHeader_h11_f000030_t0.500.txt,11,1,0,many_players_zero_heads
Non_Header/h11/NonHeader_h11_f000060_t1.000.txt,12,0,0,many_players_zero_heads
Non_Header/h11/NonHeader_h11_f000090_t1.500.txt,11,0,0,many_players_zero_heads
Non_Header/h11/NonHeader_h11_f000120_t2.000.txt,12,0,0,many_players_zero_heads
Non_Header/h11/NonHeader_h11_f000150_t2.500.txt,11,1,0,many_players_zero_heads
Non_Header/h11/NonHeader_h11_f000210_t3.500.txt,8,0,0,many_players_zero_heads
Non_Header/h11/NonHeader_h11_f000240_t4.000.txt,6,0,0,many_players_zero_heads
Non_Header/h11/NonHeader_h11_f000330_t5.500.txt,10,1,0,many_players_zero_heads
Non_Header/h11/NonHeader_h11_f000360_t6.000.txt,10,0,0,many_players_zero_heads
Non_Header/h11/NonHeader_h11_f000390_t6.500.txt,10,1,0,many_players_zero_heads
Non_Header/h11/NonHeader_h11_f000420_t7.000.txt,11,1,0,many_players_zero_heads
Non_Header/h11/NonHeader_h11_f000450_t7.500.txt,12,0,0,many_players_zero_heads
Non_Header/h11/NonHeader_h11_f000480_t8.000.txt,13,0,0,many_players_zero_heads
Non_Header/h11/NonHeader_h11_f000510_t8.500.txt,12,0,0,many_players_zero_heads
Non_Header/h12/NonHeader_h12_f000000_t0.000.txt,17,0,0,many_players_zero_heads
Non_Header/h12/NonHeader_h12_f000030_t0.500.txt,18,0,0,many_players_zero_heads
Non_Header/h12/NonHeader_h12_f000060_t1.000.txt,16,0,0,many_players_zero_heads
Non_Header/h12/NonHeader_h12_f000090_t1.500.txt,19,0,0,many_players_zero_heads
Non_Header/h12/NonHeader_h12_f000120_t2.000.txt,18,0,0,many_players_zero_heads
Non_Header/h12/NonHeader_h12_f000150_t2.500.txt,20,0,0,many_players_zero_heads
Non_Header/h12/NonHeader_h12_f000180_t3.000.txt,19,0,0,many_players_zero_heads
Non_Header/h12/NonHeader_h12_f000210_t3.500.txt,20,0,0,many_players_zero_heads
Non_Header/h12/NonHeader_h12_f000240_t4.000.txt,17,0,0,many_players_zero_heads
Non_Header/h12/NonHeader_h12_f000270_t4.500.txt,18,0,0,many_players_zero_heads
Non_Header/h12/NonHeader_h12_f000300_t5.000.txt,17,0,0,many_players_zero_heads
Non_Header/h12/NonHeader_h12_f000330_t5.500.txt,14,0,0,many_players_zero_heads
Non_Header/h12/NonHeader_h12_f000360_t6.000.txt,11,0,0,many_players_zero_heads
Non_Header/h12/NonHeader_h12_f000390_t6.500.txt,13,0,0,many_players_zero_heads
Non_Header/h12/NonHeader_h12_f000420_t7.000.txt,12,0,0,many_players_zero_heads
Non_Header/h12/NonHeader_h12_f000450_t7.500.txt,12,0,0,many_players_zero_heads
Non_Header/h12/NonHeader_h12_f000480_t8.000.txt,12,0,0,many_players_zero_heads
Non_Header/h13/NonHeader_h13_f000000_t0.000.txt,12,0,0,many_players_zero_heads
Non_Header/h13/NonHeader_h13_f000030_t0.500.txt,11,0,0,many_players_zero_heads
Non_Header/h13/NonHeader_h13_f000060_t1.000.txt,11,0,0,many_players_zero_heads
Non_Header/h13/NonHeader_h13_f000090_t1.500.txt,11,0,0,many_players_zero_heads
Non_Header/h13/NonHeader_h13_f000120_t2.000.txt,10,0,0,many_players_zero_heads
Non_Header/h13/NonHeader_h13_f000150_t2.500.txt,9,0,0,many_players_zero_heads
Non_Header/h13/NonHeader_h13_f000180_t3.000.txt,13,0,0,many_players_zero_heads
Non_Header/h13/NonHeader_h13_f000210_t3.500.txt,12,0,0,many_players_zero_heads
Non_Header/h13/NonHeader_h13_f000240_t4.000.txt,11,0,0,many_players_zero_heads
Non_Header/h13/NonHeader_h13_f000270_t4.500.txt,9,0,0,many_players_zero_heads
Non_Header/h13/NonHeader_h13_f000300_t5.000.txt,9,0,0,many_players_zero_heads
Non_Header/h13/NonHeader_h13_f000330_t5.500.txt,10,0,0,many_players_zero_heads
Non_Header/h13/NonHeader_h13_f000360_t6.000.txt,10,0,0,many_players_zero_heads
Non_Header/h13/NonHeader_h13_f000390_t6.500.txt,9,0,0,many_players_zero_heads
Non_Header/h13/NonHeader_h13_f000540_t9.000.txt,9,1,0,many_players_zero_heads
Non_Header/h14/NonHeader_h14_f000000_t0.000.txt,9,1,0,many_players_zero_heads
Non_Header/h14/NonHeader_h14_f000090_t1.500.txt,10,1,0,many_players_zero_heads
Non_Header/h14/NonHeader_h14_f000120_t2.000.txt,12,1,0,many_players_zero_heads
Non_Header/h14/NonHeader_h14_f000150_t2.500.txt,13,1,0,many_players_zero_heads
Non_Header/h14/NonHeader_h14_f000180_t3.000.txt,15,0,0,many_players_zero_heads
Non_Header/h14/NonHeader_h14_f000210_t3.500.txt,14,0,0,many_players_zero_heads
Non_Header/h14/NonHeader_h14_f000240_t4.000.txt,15,1,0,many_players_zero_heads
Non_Header/h14/NonHeader_h14_f000270_t4.500.txt,15,1,0,many_players_zero_heads
Non_Header/h14/NonHeader_h14_f000300_t5.000.txt,14,0,0,many_players_zero_heads
Non_Header/h14/NonHeader_h14_f000330_t5.500.txt,15,0,0,many_players_zero_heads
Non_Header/h14/NonHeader_h14_f000360_t6.000.txt,15,0,0,many_players_zero_heads
Non_Header/h14/NonHeader_h14_f000390_t6.500.txt,16,1,0,many_players_zero_heads
Non_Header/h14/NonHeader_h14_f000420_t7.000.txt,17,0,0,many_players_zero_heads
Non_Header/h14/NonHeader_h14_f000450_t7.500.txt,15,1,0,many_players_zero_heads
Non_Header/h14/NonHeader_h14_f000480_t8.000.txt,16,1,0,many_players_zero_heads
Non_Header/h14/NonHeader_h14_f000510_t8.500.txt,19,0,0,many_players_zero_heads
Non_Header/h14/NonHeader_h14_f000540_t9.000.txt,19,0,0,many_players_zero_heads
Non_Header/h14/NonHeader_h14_f000570_t9.500.txt,20,0,0,many_players_zero_heads
Non_Header/h14/NonHeader_h14_f000600_t10.000.txt,20,0,0,many_players_zero_heads
Non_Header/h15/NonHeader_h15_f000000_t0.000.txt,20,0,0,many_players_zero_heads
Non_Header/h15/NonHeader_h15_f000030_t0.500.txt,20,0,0,many_players_zero_heads
Non_Header/h15/NonHeader_h15_f000060_t1.000.txt,21,0,0,many_players_zero_heads
Non_Header/h15/NonHeader_h15_f000120_t2.000.txt,20,0,0,many_players_zero_heads
Non_Header/h15/NonHeader_h15_f000150_t2.500.txt,20,0,0,many_players_zero_heads
Non_Header/h15/NonHeader_h15_f000180_t3.000.txt,20,1,0,many_players_zero_heads
Non_Header/h15/NonHeader_h15_f000210_t3.500.txt,19,0,0,many_players_zero_heads
Non_Header/h15/NonHeader_h15_f000240_t4.000.txt,20,0,0,many_players_zero_heads
Non_Header/h15/NonHeader_h15_f000270_t4.500.txt,20,0,0,many_players_zero_heads
Non_Header/h15/NonHeader_h15_f000300_t5.000.txt,18,0,0,many_players_zero_heads
Non_Header/h15/NonHeader_h15_f000420_t7.000.txt,16,0,0,many_players_zero_heads
Non_Header/h15/NonHeader_h15_f000450_t7.500.txt,18,0,0,many_players_zero_heads
Non_Header/h15/NonHeader_h15_f000480_t8.000.txt,19,1,0,many_players_zero_heads
Non_Header/h16/NonHeader_h16_f000000_t0.000.txt,20,1,0,many_players_zero_heads
Non_Header/h16/NonHeader_h16_f000030_t0.500.txt,18,1,0,many_players_zero_heads
Non_Header/h16/NonHeader_h16_f000060_t1.000.txt,20,0,0,many_players_zero_heads
Non_Header/h16/NonHeader_h16_f000090_t1.500.txt,20,0,0,many_players_zero_heads
Non_Header/h16/NonHeader_h16_f000120_t2.000.txt,18,1,0,many_players_zero_heads
Non_Header/h16/NonHeader_h16_f000150_t2.500.txt,20,0,0,many_players_zero_heads
Non_Header/h16/NonHeader_h16_f000180_t3.000.txt,19,1,0,many_players_zero_heads
Non_Header/h16/NonHeader_h16_f000210_t3.500.txt,18,0,0,many_players_zero_heads
Non_Header/h16/NonHeader_h16_f000240_t4.000.txt,18,0,0,many_players_zero_heads
Non_Header/h16/NonHeader_h16_f000270_t4.500.txt,18,0,0,many_players_zero_heads
Non_Header/h16/NonHeader_h16_f000300_t5.000.txt,17,0,0,many_players_zero_heads
Non_Header/h16/NonHeader_h16_f000330_t5.500.txt,18,0,0,many_players_zero_heads
Non_Header/h16/NonHeader_h16_f000360_t6.000.txt,16,0,0,many_players_zero_heads
Non_Header/h16/NonHeader_h16_f000390_t6.500.txt,16,0,0,many_players_zero_heads
Non_Header/h16/NonHeader_h16_f000420_t7.000.txt,17,0,0,many_players_zero_heads
Non_Header/h16/NonHeader_h16_f000450_t7.500.txt,17,0,0,many_players_zero_heads
Non_Header/h16/NonHeader_h16_f000480_t8.000.txt,15,0,0,many_players_zero_heads
Non_Header/h16/NonHeader_h16_f000510_t8.500.txt,15,0,0,many_players_zero_heads
Non_Header/h16/NonHeader_h16_f000540_t9.000.txt,16,0,0,many_players_zero_heads
Non_Header/h17/NonHeader_h17_f000000_t0.000.txt,16,0,0,many_players_zero_heads
Non_Header/h17/NonHeader_h17_f000030_t0.500.txt,17,0,0,many_players_zero_heads
Non_Header/h17/NonHeader_h17_f000060_t1.000.txt,15,0,0,many_players_zero_heads
Non_Header/h17/NonHeader_h17_f000090_t1.500.txt,15,0,0,many_players_zero_heads
Non_Header/h17/NonHeader_h17_f000120_t2.000.txt,16,0,0,many_players_zero_heads
Non_Header/h17/NonHeader_h17_f000150_t2.500.txt,12,0,0,many_players_zero_heads
Non_Header/h17/NonHeader_h17_f000180_t3.000.txt,14,0,0,many_players_zero_heads
Non_Header/h17/NonHeader_h17_f000210_t3.500.txt,13,0,0,many_players_zero_heads
Non_Header/h17/NonHeader_h17_f000240_t4.000.txt,11,0,0,many_players_zero_heads
Non_Header/h17/NonHeader_h17_f000270_t4.500.txt,13,1,0,many_players_zero_heads
Non_Header/h17/NonHeader_h17_f000300_t5.000.txt,12,0,0,many_players_zero_heads
Non_Header/h17/NonHeader_h17_f000330_t5.500.txt,11,0,0,many_players_zero_heads
Non_Header/h17/NonHeader_h17_f000360_t6.000.txt,13,0,0,many_players_zero_heads
Non_Header/h17/NonHeader_h17_f000390_t6.500.txt,11,1,0,many_players_zero_heads
Non_Header/h17/NonHeader_h17_f000420_t7.000.txt,11,0,0,many_players_zero_heads
Non_Header/h17/NonHeader_h17_f000450_t7.500.txt,11,1,0,many_players_zero_heads
Non_Header/h17/NonHeader_h17_f000480_t8.000.txt,11,0,0,many_players_zero_heads
Non_Header/h17/NonHeader_h17_f000510_t8.500.txt,12,0,0,many_players_zero_heads
Non_Header/h17/NonHeader_h17_f000540_t9.000.txt,11,1,0,many_players_zero_heads
Non_Header/h17/NonHeader_h17_f000570_t9.500.txt,12,0,0,many_players_zero_heads
Non_Header/h18/NonHeader_h18_f000120_t2.000.txt,12,0,0,many_players_zero_heads
Non_Header/h18/NonHeader_h18_f000150_t2.500.txt,12,0,0,many_players_zero_heads
Non_Header/h18/NonHeader_h18_f000180_t3.000.txt,12,1,0,many_players_zero_heads
Non_Header/h18/NonHeader_h18_f000210_t3.500.txt,12,0,0,many_players_zero_heads
Non_Header/h18/NonHeader_h18_f000240_t4.000.txt,12,0,0,many_players_zero_heads
Non_Header/h18/NonHeader_h18_f000270_t4.500.txt,13,0,0,many_players_zero_heads
Non_Header/h18/NonHeader_h18_f000300_t5.000.txt,16,0,0,many_players_zero_heads
Non_Header/h18/NonHeader_h18_f000330_t5.500.txt,16,0,0,many_players_zero_heads
Non_Header/h18/NonHeader_h18_f000360_t6.000.txt,18,0,0,many_players_zero_heads
Non_Header/h18/NonHeader_h18_f000390_t6.500.txt,18,1,0,many_players_zero_heads
Non_Header/h19/NonHeader_h19_f000120_t2.000.txt,5,1,5,ball_larger_than_head
Non_Header/h19/NonHeader_h19_f000150_t2.500.txt,6,1,6,ball_larger_than_head
Non_Header/h19/NonHeader_h19_f000180_t3.000.txt,7,1,5,ball_larger_than_head
Non_Header/h19/NonHeader_h19_f000210_t3.500.txt,6,1,6,ball_larger_than_head
Non_Header/h19/NonHeader_h19_f000240_t4.000.txt,5,1,5,ball_larger_than_head
Non_Header/h19/NonHeader_h19_f000330_t5.500.txt,6,1,6,ball_larger_than_head
Non_Header/h19/NonHeader_h19_f000360_t6.000.txt,7,1,6,ball_larger_than_head
Non_Header/h19/NonHeader_h19_f000390_t6.500.txt,4,1,3,ball_larger_than_head
Non_Header/h19/NonHeader_h19_f000420_t7.000.txt,6,1,2,ball_larger_than_head
Non_Header/h19/NonHeader_h19_f000510_t8.500.txt,4,1,4,ball_larger_than_head
Non_Header/h19/NonHeader_h19_f000540_t9.000.txt,4,1,4,ball_larger_than_head
Non_Header/h2/NonHeader_h2_f000000_t0.000.txt,13,0,0,many_players_zero_heads
Non_Header/h2/NonHeader_h2_f000030_t0.500.txt,13,0,0,many_players_zero_heads
Non_Header/h2/NonHeader_h2_f000060_t1.000.txt,13,0,0,many_players_zero_heads
Non_Header/h2/NonHeader_h2_f000090_t1.500.txt,12,0,0,many_players_zero_heads
Non_Header/h2/NonHeader_h2_f000120_t2.000.txt,12,0,0,many_players_zero_heads
Non_Header/h2/NonHeader_h2_f000150_t2.500.txt,10,0,0,many_players_zero_heads
Non_Header/h2/NonHeader_h2_f000180_t3.000.txt,10,0,0,many_players_zero_heads
Non_Header/h2/NonHeader_h2_f000210_t3.500.txt,9,1,0,many_players_zero_heads
Non_Header/h2/NonHeader_h2_f000240_t4.000.txt,9,1,0,many_players_zero_heads
Non_Header/h2/NonHeader_h2_f000270_t4.500.txt,9,0,0,many_players_zero_heads
Non_Header/h2/NonHeader_h2_f000300_t5.000.txt,8,0,0,many_players_zero_heads
Non_Header/h2/NonHeader_h2_f000330_t5.500.txt,9,0,0,many_players_zero_heads
Non_Header/h2/NonHeader_h2_f000360_t6.000.txt,11,0,0,many_players_zero_heads
Non_Header/h2/NonHeader_h2_f000390_t6.500.txt,9,1,0,many_players_zero_heads
Non_Header/h2/NonHeader_h2_f000450_t7.500.txt,10,1,0,many_players_zero_heads
Non_Header/h2/NonHeader_h2_f000480_t8.000.txt,5,0,0,many_players_zero_heads
Non_Header/h2/NonHeader_h2_f000510_t8.500.txt,3,0,0,many_players_zero_heads
Non_Header/h2/NonHeader_h2_f000540_t9.000.txt,3,1,0,many_players_zero_heads
Non_Header/h20/NonHeader_h20_f000060_t1.000.txt,12,0,0,many_players_zero_heads
Non_Header/h20/NonHeader_h20_f000090_t1.500.txt,12,1,0,many_players_zero_heads
Non_Header/h20/NonHeader_h20_f000120_t2.000.txt,14,0,0,many_players_zero_heads
Non_Header/h20/NonHeader_h20_f000150_t2.500.txt,12,0,0,many_players_zero_heads
Non_Header/h20/NonHeader_h20_f000180_t3.000.txt,14,0,0,many_players_zero_heads
Non_Header/h20/NonHeader_h20_f000210_t3.500.txt,13,1,0,many_players_zero_heads
Non_Header/h20/NonHeader_h20_f000330_t5.500.txt,12,0,0,many_players_zero_heads
Non_Header/h20/NonHeader_h20_f000360_t6.000.txt,13,0,0,many_players_zero_heads
Non_Header/h20/NonHeader_h20_f000390_t6.500.txt,12,0,0,many_players_zero_heads
Non_Header/h20/NonHeader_h20_f000420_t7.000.txt,14,0,0,many_players_zero_heads
Non_Header/h20/NonHeader_h20_f000450_t7.500.txt,13,0,0,many_players_zero_heads
Non_Header/h20/NonHeader_h20_f000480_t8.000.txt,16,0,0,many_players_zero_heads
Non_Header/h20/NonHeader_h20_f000510_t8.500.txt,14,0,0,many_players_zero_heads
Non_Header/h20/NonHeader_h20_f000540_t9.000.txt,11,0,0,many_players_zero_heads
Non_Header/h20/NonHeader_h20_f000570_t9.500.txt,12,0,0,many_players_zero_heads
Non_Header/h20/NonHeader_h20_f000600_t10.000.txt,13,0,0,many_players_zero_heads
Non_Header/h21/NonHeader_h21_f000210_t3.500.txt,15,0,0,many_players_zero_heads
Non_Header/h21/NonHeader_h21_f000240_t4.000.txt,17,0,0,many_players_zero_heads
Non_Header/h21/NonHeader_h21_f000270_t4.500.txt,15,0,0,many_players_zero_heads
Non_Header/h21/NonHeader_h21_f000300_t5.000.txt,14,1,0,many_players_zero_heads
Non_Header/h21/NonHeader_h21_f000330_t5.500.txt,16,0,0,many_players_zero_heads
Non_Header/h21/NonHeader_h21_f000360_t6.000.txt,15,0,0,many_players_zero_heads
Non_Header/h21/NonHeader_h21_f000390_t6.500.txt,14,0,0,many_players_zero_heads
Non_Header/h21/NonHeader_h21_f000420_t7.000.txt,14,0,0,many_players_zero_heads
Non_Header/h21/NonHeader_h21_f000450_t7.500.txt,14,0,0,many_players_zero_heads
Non_Header/h21/NonHeader_h21_f000480_t8.000.txt,14,0,0,many_players_zero_heads
Non_Header/h21/NonHeader_h21_f000510_t8.500.txt,14,0,0,many_players_zero_heads
Non_Header/h21/NonHeader_h21_f000540_t9.000.txt,12,0,0,many_players_zero_heads
Non_Header/h22/NonHeader_h22_f000000_t0.000.txt,13,0,0,many_players_zero_heads
Non_Header/h22/NonHeader_h22_f000030_t0.500.txt,12,0,0,many_players_zero_heads
Non_Header/h22/NonHeader_h22_f000060_t1.000.txt,11,0,0,many_players_zero_heads
Non_Header/h22/NonHeader_h22_f000090_t1.500.txt,12,0,0,many_players_zero_heads
Non_Header/h22/NonHeader_h22_f000120_t2.000.txt,11,0,0,many_players_zero_heads
Non_Header/h22/NonHeader_h22_f000180_t3.000.txt,11,1,0,many_players_zero_heads
Non_Header/h22/NonHeader_h22_f000210_t3.500.txt,8,1,0,many_players_zero_heads
Non_Header/h22/NonHeader_h22_f000240_t4.000.txt,10,1,0,many_players_zero_heads
Non_Header/h22/NonHeader_h22_f000270_t4.500.txt,10,0,0,many_players_zero_heads
Non_Header/h22/NonHeader_h22_f000300_t5.000.txt,11,0,0,many_players_zero_heads
Non_Header/h22/NonHeader_h22_f000330_t5.500.txt,12,0,0,many_players_zero_heads
Non_Header/h22/NonHeader_h22_f000360_t6.000.txt,12,0,0,many_players_zero_heads
Non_Header/h22/NonHeader_h22_f000390_t6.500.txt,13,0,0,many_players_zero_heads
Non_Header/h22/NonHeader_h22_f000420_t7.000.txt,12,0,0,many_players_zero_heads
Non_Header/h22/NonHeader_h22_f000450_t7.500.txt,12,0,0,many_players_zero_heads
Non_Header/h22/NonHeader_h22_f000480_t8.000.txt,13,0,0,many_players_zero_heads
Non_Header/h22/NonHeader_h22_f000510_t8.500.txt,13,0,0,many_players_zero_heads
Non_Header/h22/NonHeader_h22_f000540_t9.000.txt,12,0,0,many_players_zero_heads
Non_Header/h23/NonHeader_h23_f000000_t0.000.txt,13,0,0,many_players_zero_heads
Non_Header/h23/NonHeader_h23_f000030_t0.500.txt,0,0,0,zero_players
Non_Header/h23/NonHeader_h23_f000060_t1.000.txt,0,0,0,zero_players
Non_Header/h23/NonHeader_h23_f000090_t1.500.txt,0,0,0,zero_players
Non_Header/h23/NonHeader_h23_f000120_t2.000.txt,0,0,0,zero_players
Non_Header/h23/NonHeader_h23_f000150_t2.500.txt,0,0,0,zero_players
Non_Header/h23/NonHeader_h23_f000180_t3.000.txt,0,0,0,zero_players
Non_Header/h23/NonHeader_h23_f000210_t3.500.txt,0,0,0,zero_players
Non_Header/h23/NonHeader_h23_f000240_t4.000.txt,0,0,0,zero_players
Non_Header/h23/NonHeader_h23_f000270_t4.500.txt,0,0,0,zero_players
Non_Header/h23/NonHeader_h23_f000300_t5.000.txt,0,0,0,zero_players
Non_Header/h23/NonHeader_h23_f000330_t5.500.txt,0,0,0,zero_players
Non_Header/h24/NonHeader_h24_f000210_t3.500.txt,4,1,4,ball_larger_than_head
Non_Header/h24/NonHeader_h24_f000300_t5.000.txt,6,0,0,many_players_zero_heads
Non_Header/h24/NonHeader_h24_f000330_t5.500.txt,8,0,0,many_players_zero_heads
Non_Header/h24/NonHeader_h24_f000360_t6.000.txt,8,0,0,many_players_zero_heads
Non_Header/h24/NonHeader_h24_f000390_t6.500.txt,7,0,0,many_players_zero_heads
Non_Header/h24/NonHeader_h24_f000420_t7.000.txt,6,0,0,many_players_zero_heads
Non_Header/h24/NonHeader_h24_f000450_t7.500.txt,6,0,0,many_players_zero_heads
Non_Header/h24/NonHeader_h24_f000480_t8.000.txt,7,0,0,many_players_zero_heads
Non_Header/h25/NonHeader_h25_f000000_t0.000.txt,7,0,0,many_players_zero_heads
Non_Header/h25/NonHeader_h25_f000030_t0.500.txt,8,0,0,many_players_zero_heads
Non_Header/h25/NonHeader_h25_f000060_t1.000.txt,8,0,0,many_players_zero_heads
Non_Header/h25/NonHeader_h25_f000090_t1.500.txt,8,0,0,many_players_zero_heads
Non_Header/h25/NonHeader_h25_f000120_t2.000.txt,5,0,0,many_players_zero_heads
Non_Header/h25/NonHeader_h25_f000150_t2.500.txt,8,0,0,many_players_zero_heads
Non_Header/h25/NonHeader_h25_f000180_t3.000.txt,8,0,0,many_players_zero_heads
Non_Header/h25/NonHeader_h25_f000210_t3.500.txt,9,0,0,many_players_zero_heads
Non_Header/h25/NonHeader_h25_f000240_t4.000.txt,10,0,0,many_players_zero_heads
Non_Header/h25/NonHeader_h25_f000270_t4.500.txt,12,0,0,many_players_zero_heads
Non_Header/h25/NonHeader_h25_f000300_t5.000.txt,10,0,0,many_players_zero_heads
Non_Header/h25/NonHeader_h25_f000330_t5.500.txt,9,0,0,many_players_zero_heads
Non_Header/h25/NonHeader_h25_f000360_t6.000.txt,14,0,0,many_players_zero_heads
Non_Header/h25/NonHeader_h25_f000390_t6.500.txt,15,0,0,many_players_zero_heads
Non_Header/h25/NonHeader_h25_f000420_t7.000.txt,13,0,0,many_players_zero_heads
Non_Header/h25/NonHeader_h25_f000450_t7.500.txt,12,0,0,many_players_zero_heads
Non_Header/h25/NonHeader_h25_f000480_t8.000.txt,15,0,0,many_players_zero_heads
Non_Header/h25/NonHeader_h25_f000510_t8.500.txt,17,0,0,many_players_zero_heads
Non_Header/h25/NonHeader_h25_f000540_t9.000.txt,14,0,0,many_players_zero_heads
Non_Header/h26/NonHeader_h26_f000000_t0.000.txt,14,0,0,many_players_zero_heads
Non_Header/h26/NonHeader_h26_f000030_t0.500.txt,16,0,0,many_players_zero_heads
Non_Header/h26/NonHeader_h26_f000060_t1.000.txt,16,0,0,many_players_zero_heads
Non_Header/h26/NonHeader_h26_f000090_t1.500.txt,14,0,0,many_players_zero_heads
Non_Header/h26/NonHeader_h26_f000150_t2.500.txt,13,1,0,many_players_zero_heads
Non_Header/h26/NonHeader_h26_f000180_t3.000.txt,12,1,0,many_players_zero_heads
Non_Header/h26/NonHeader_h26_f000210_t3.500.txt,13,0,0,many_players_zero_heads
Non_Header/h26/NonHeader_h26_f000240_t4.000.txt,19,1,0,many_players_zero_heads
Non_Header/h26/NonHeader_h26_f000270_t4.500.txt,20,0,0,many_players_zero_heads
Non_Header/h26/NonHeader_h26_f000300_t5.000.txt,15,1,0,many_players_zero_heads
Non_Header/h26/NonHeader_h26_f000330_t5.500.txt,17,1,0,many_players_zero_heads
Non_Header/h26/NonHeader_h26_f000360_t6.000.txt,15,0,0,many_players_zero_heads
Non_Header/h26/NonHeader_h26_f000390_t6.500.txt,14,0,0,many_players_zero_heads
Non_Header/h26/NonHeader_h26_f000420_t7.000.txt,12,0,0,many_players_zero_heads
Non_Header/h26/NonHeader_h26_f000450_t7.500.txt,14,0,0,many_players_zero_heads
Non_Header/h26/NonHeader_h26_f000480_t8.000.txt,15,0,0,many_players_zero_heads
Non_Header/h26/NonHeader_h26_f000510_t8.500.txt,15,0,0,many_players_zero_heads
Non_Header/h26/NonHeader_h26_f000540_t9.000.txt,17,0,0,many_players_zero_heads
Non_Header/h26/NonHeader_h26_f000570_t9.500.txt,18,0,0,many_players_zero_heads
Non_Header/h26/NonHeader_h26_f000600_t10.000.txt,17,0,0,many_players_zero_heads
Non_Header/h27/NonHeader_h27_f000000_t0.000.txt,18,1,0,many_players_zero_heads
Non_Header/h27/NonHeader_h27_f000030_t0.500.txt,16,0,0,many_players_zero_heads
Non_Header/h27/NonHeader_h27_f000060_t1.000.txt,16,0,0,many_players_zero_heads
Non_Header/h27/NonHeader_h27_f000090_t1.500.txt,16,0,0,many_players_zero_heads
Non_Header/h27/NonHeader_h27_f000120_t2.000.txt,16,0,0,many_players_zero_heads
Non_Header/h27/NonHeader_h27_f000150_t2.500.txt,16,0,0,many_players_zero_heads
Non_Header/h28/NonHeader_h28_f000000_t0.000.txt,13,0,0,many_players_zero_heads
Non_Header/h28/NonHeader_h28_f000030_t0.500.txt,13,0,0,many_players_zero_heads
Non_Header/h28/NonHeader_h28_f000060_t1.000.txt,9,0,0,many_players_zero_heads
Non_Header/h28/NonHeader_h28_f000090_t1.500.txt,9,0,0,many_players_zero_heads
Non_Header/h28/NonHeader_h28_f000120_t2.000.txt,13,0,0,many_players_zero_heads
Non_Header/h28/NonHeader_h28_f000150_t2.500.txt,13,0,0,many_players_zero_heads
Non_Header/h28/NonHeader_h28_f000180_t3.000.txt,13,0,0,many_players_zero_heads
Non_Header/h28/NonHeader_h28_f000210_t3.500.txt,14,0,0,many_players_zero_heads
Non_Header/h28/NonHeader_h28_f000240_t4.000.txt,12,0,0,many_players_zero_heads
Non_Header/h28/NonHeader_h28_f000270_t4.500.txt,13,0,0,many_players_zero_heads
Non_Header/h28/NonHeader_h28_f000300_t5.000.txt,13,0,0,many_players_zero_heads
Non_Header/h28/NonHeader_h28_f000330_t5.500.txt,13,0,0,many_players_zero_heads
Non_Header/h28/NonHeader_h28_f000360_t6.000.txt,11,0,0,many_players_zero_heads
Non_Header/h28/NonHeader_h28_f000390_t6.500.txt,12,0,0,many_players_zero_heads
Non_Header/h28/NonHeader_h28_f000420_t7.000.txt,11,0,0,many_players_zero_heads
Non_Header/h29/NonHeader_h29_f000000_t0.000.txt,16,0,0,many_players_zero_heads
Non_Header/h29/NonHeader_h29_f000030_t0.500.txt,14,0,0,many_players_zero_heads
Non_Header/h29/NonHeader_h29_f000060_t1.000.txt,17,0,0,many_players_zero_heads
Non_Header/h29/NonHeader_h29_f000090_t1.500.txt,17,0,0,many_players_zero_heads
Non_Header/h29/NonHeader_h29_f000120_t2.000.txt,17,0,0,many_players_zero_heads
Non_Header/h29/NonHeader_h29_f000150_t2.500.txt,18,0,0,many_players_zero_heads
Non_Header/h29/NonHeader_h29_f000180_t3.000.txt,21,0,0,many_players_zero_heads
Non_Header/h29/NonHeader_h29_f000210_t3.500.txt,20,0,0,many_players_zero_heads
Non_Header/h29/NonHeader_h29_f000240_t4.000.txt,15,0,0,many_players_zero_heads
Non_Header/h29/NonHeader_h29_f000270_t4.500.txt,17,0,0,many_players_zero_heads
Non_Header/h29/NonHeader_h29_f000300_t5.000.txt,15,0,0,many_players_zero_heads
Non_Header/h29/NonHeader_h29_f000330_t5.500.txt,15,1,0,many_players_zero_heads
Non_Header/h29/NonHeader_h29_f000390_t6.500.txt,12,1,0,many_players_zero_heads
Non_Header/h29/NonHeader_h29_f000420_t7.000.txt,10,0,0,many_players_zero_heads
Non_Header/h29/NonHeader_h29_f000450_t7.500.txt,8,0,0,many_players_zero_heads
Non_Header/h29/NonHeader_h29_f000480_t8.000.txt,7,1,0,many_players_zero_heads
Non_Header/h3/NonHeader_h3_f000180_t3.000.txt,9,0,0,many_players_zero_heads
Non_Header/h3/NonHeader_h3_f000210_t3.500.txt,12,0,0,many_players_zero_heads
Non_Header/h3/NonHeader_h3_f000240_t4.000.txt,12,1,0,many_players_zero_heads
Non_Header/h3/NonHeader_h3_f000300_t5.000.txt,12,0,0,many_players_zero_heads
Non_Header/h3/NonHeader_h3_f000330_t5.500.txt,11,0,0,many_players_zero_heads
Non_Header/h3/NonHeader_h3_f000360_t6.000.txt,11,0,0,many_players_zero_heads
Non_Header/h3/NonHeader_h3_f000390_t6.500.txt,11,0,0,many_players_zero_heads
Non_Header/h3/NonHeader_h3_f000480_t8.000.txt,13,0,0,many_players_zero_heads
Non_Header/h30/NonHeader_h30_f000000_t0.000.txt,7,1,0,many_players_zero_heads
Non_Header/h30/NonHeader_h30_f000030_t0.500.txt,7,1,0,many_players_zero_heads
Non_Header/h30/NonHeader_h30_f000060_t1.000.txt,8,1,0,many_players_zero_heads
Non_Header/h30/NonHeader_h30_f000120_t2.000.txt,8,1,0,many_players_zero_heads
Non_Header/h30/NonHeader_h30_f000150_t2.500.txt,8,0,0,many_players_zero_heads
Non_Header/h30/NonHeader_h30_f000180_t3.000.txt,8,0,0,many_players_zero_heads
Non_Header/h30/NonHeader_h30_f000270_t4.500.txt,0,0,0,zero_players
Non_Header/h30/NonHeader_h30_f000300_t5.000.txt,0,0,0,zero_players
Non_Header/h30/NonHeader_h30_f000390_t6.500.txt,0,0,0,zero_players
Non_Header/h30/NonHeader_h30_f000420_t7.000.txt,0,0,0,zero_players
Non_Header/h30/NonHeader_h30_f000450_t7.500.txt,0,0,0,zero_players
Non_Header/h31/NonHeader_h31_f000060_t1.000.txt,0,0,0,zero_players
Non_Header/h31/NonHeader_h31_f000090_t1.500.txt,0,0,0,zero_players
Non_Header/h31/NonHeader_h31_f000120_t2.000.txt,0,0,0,zero_players
Non_Header/h31/NonHeader_h31_f000150_t2.500.txt,0,0,0,zero_players
Non_Header/h31/NonHeader_h31_f000180_t3.000.txt,0,0,0,zero_players
Non_Header/h31/NonHeader_h31_f000210_t3.500.txt,0,0,0,zero_players
Non_Header/h31/NonHeader_h31_f000240_t4.000.txt,11,0,0,many_players_zero_heads
Non_Header/h31/NonHeader_h31_f000270_t4.500.txt,13,0,0,many_players_zero_heads
Non_Header/h31/NonHeader_h31_f000300_t5.000.txt,13,0,0,many_players_zero_heads
Non_Header/h31/NonHeader_h31_f000330_t5.500.txt,16,0,0,many_players_zero_heads
Non_Header/h31/NonHeader_h31_f000360_t6.000.txt,16,0,0,many_players_zero_heads
Non_Header/h31/NonHeader_h31_f000390_t6.500.txt,18,0,0,many_players_zero_heads
Non_Header/h31/NonHeader_h31_f000420_t7.000.txt,17,1,0,many_players_zero_heads
Non_Header/h31/NonHeader_h31_f000450_t7.500.txt,18,0,0,many_players_zero_heads
Non_Header/h31/NonHeader_h31_f000480_t8.000.txt,15,0,0,many_players_zero_heads
Non_Header/h31/NonHeader_h31_f000510_t8.500.txt,17,0,0,many_players_zero_heads
Non_Header/h31/NonHeader_h31_f000540_t9.000.txt,18,0,0,many_players_zero_heads
Non_Header/h31/NonHeader_h31_f000570_t9.500.txt,16,0,0,many_players_zero_heads
Non_Header/h31/NonHeader_h31_f000600_t10.000.txt,15,0,0,many_players_zero_heads
Non_Header/h32/NonHeader_h32_f000000_t0.000.txt,14,0,0,many_players_zero_heads
Non_Header/h32/NonHeader_h32_f000030_t0.500.txt,14,0,0,many_players_zero_heads
Non_Header/h32/NonHeader_h32_f000060_t1.000.txt,13,0,0,many_players_zero_heads
Non_Header/h32/NonHeader_h32_f000090_t1.500.txt,13,0,0,many_players_zero_heads
Non_Header/h32/NonHeader_h32_f000120_t2.000.txt,12,0,0,many_players_zero_heads
Non_Header/h32/NonHeader_h32_f000150_t2.500.txt,10,0,0,many_players_zero_heads
Non_Header/h32/NonHeader_h32_f000180_t3.000.txt,9,0,0,many_players_zero_heads
Non_Header/h32/NonHeader_h32_f000210_t3.500.txt,7,0,0,many_players_zero_heads
Non_Header/h32/NonHeader_h32_f000240_t4.000.txt,7,0,0,many_players_zero_heads
Non_Header/h32/NonHeader_h32_f000270_t4.500.txt,7,0,0,many_players_zero_heads
Non_Header/h32/NonHeader_h32_f000300_t5.000.txt,7,0,0,many_players_zero_heads
Non_Header/h32/NonHeader_h32_f000330_t5.500.txt,5,0,0,many_players_zero_heads
Non_Header/h32/NonHeader_h32_f000360_t6.000.txt,4,0,0,many_players_zero_heads
Non_Header/h32/NonHeader_h32_f000390_t6.500.txt,3,0,0,many_players_zero_heads
Non_Header/h32/NonHeader_h32_f000480_t8.000.txt,3,1,3,ball_larger_than_head
Non_Header/h33/NonHeader_h33_f000000_t0.000.txt,3,1,3,ball_larger_than_head
Non_Header/h33/NonHeader_h33_f000120_t2.000.txt,3,1,3,ball_larger_than_head
Non_Header/h33/NonHeader_h33_f000150_t2.500.txt,2,1,2,ball_larger_than_head
Non_Header/h33/NonHeader_h33_f000180_t3.000.txt,6,1,4,ball_larger_than_head
Non_Header/h33/NonHeader_h33_f000240_t4.000.txt,4,1,3,ball_larger_than_head
Non_Header/h33/NonHeader_h33_f000300_t5.000.txt,4,1,3,ball_larger_than_head
Non_Header/h33/NonHeader_h33_f000330_t5.500.txt,1,1,1,ball_larger_than_head
Non_Header/h33/NonHeader_h33_f000450_t7.500.txt,3,1,3,ball_larger_than_head
Non_Header/h33/NonHeader_h33_f000480_t8.000.txt,4,1,3,ball_larger_than_head
Non_Header/h34/NonHeader_h34_f000090_t1.500.txt,4,1,4,ball_larger_than_head
Non_Header/h34/NonHeader_h34_f000120_t2.000.txt,4,1,4,ball_larger_than_head
Non_Header/h34/NonHeader_h34_f000150_t2.500.txt,7,1,4,ball_larger_than_head
Non_Header/h34/NonHeader_h34_f000270_t4.500.txt,13,1,0,many_players_zero_heads
Non_Header/h34/NonHeader_h34_f000300_t5.000.txt,11,0,0,many_players_zero_heads
Non_Header/h34/NonHeader_h34_f000330_t5.500.txt,14,1,0,many_players_zero_heads
Non_Header/h34/NonHeader_h34_f000360_t6.000.txt,13,0,0,many_players_zero_heads
Non_Header/h34/NonHeader_h34_f000390_t6.500.txt,12,1,0,many_players_zero_heads
Non_Header/h34/NonHeader_h34_f000420_t7.000.txt,14,1,0,many_players_zero_heads
Non_Header/h34/NonHeader_h34_f000450_t7.500.txt,11,1,0,many_players_zero_heads
Non_Header/h34/NonHeader_h34_f000480_t8.000.txt,14,0,0,many_players_zero_heads
Non_Header/h34/NonHeader_h34_f000510_t8.500.txt,12,0,0,many_players_zero_heads
Non_Header/h34/NonHeader_h34_f000540_t9.000.txt,13,0,0,many_players_zero_heads
Non_Header/h35/NonHeader_h35_f000000_t0.000.txt,11,0,0,many_players_zero_heads
Non_Header/h35/NonHeader_h35_f000030_t0.500.txt,11,0,0,many_players_zero_heads
Non_Header/h35/NonHeader_h35_f000060_t1.000.txt,12,0,0,many_players_zero_heads
Non_Header/h35/NonHeader_h35_f000090_t1.500.txt,12,0,0,many_players_zero_heads
Non_Header/h35/NonHeader_h35_f000120_t2.000.txt,14,0,0,many_players_zero_heads
Non_Header/h35/NonHeader_h35_f000150_t2.500.txt,13,0,0,many_players_zero_heads
Non_Header/h35/NonHeader_h35_f000180_t3.000.txt,13,0,0,many_players_zero_heads
Non_Header/h35/NonHeader_h35_f000210_t3.500.txt,13,0,0,many_players_zero_heads
Non_Header/h35/NonHeader_h35_f000240_t4.000.txt,4,1,4,ball_larger_than_head
Non_Header/h35/NonHeader_h35_f000300_t5.000.txt,4,1,4,ball_larger_than_head
Non_Header/h35/NonHeader_h35_f000330_t5.500.txt,11,0,0,many_players_zero_heads
Non_Header/h35/NonHeader_h35_f000360_t6.000.txt,13,1,0,many_players_zero_heads
Non_Header/h35/NonHeader_h35_f000390_t6.500.txt,13,0,0,many_players_zero_heads
Non_Header/h35/NonHeader_h35_f000420_t7.000.txt,13,0,0,many_players_zero_heads
Non_Header/h35/NonHeader_h35_f000450_t7.500.txt,13,0,0,many_players_zero_heads
Non_Header/h35/NonHeader_h35_f000480_t8.000.txt,14,0,0,many_players_zero_heads
Non_Header/h35/NonHeader_h35_f000510_t8.500.txt,13,0,0,many_players_zero_heads
Non_Header/h35/NonHeader_h35_f000540_t9.000.txt,12,0,0,many_players_zero_heads
Non_Header/h36/NonHeader_h36_f000000_t0.000.txt,0,0,0,zero_players
Non_Header/h36/NonHeader_h36_f000030_t0.500.txt,0,0,0,zero_players
Non_Header/h36/NonHeader_h36_f000060_t1.000.txt,0,0,0,zero_players
Non_Header/h36/NonHeader_h36_f000090_t1.500.txt,15,1,0,many_players_zero_heads
Non_Header/h36/NonHeader_h36_f000120_t2.000.txt,15,1,0,many_players_zero_heads
Non_Header/h36/NonHeader_h36_f000150_t2.500.txt,12,1,0,many_players_zero_heads
Non_Header/h36/NonHeader_h36_f000180_t3.000.txt,12,0,0,many_players_zero_heads
Non_Header/h36/NonHeader_h36_f000210_t3.500.txt,13,1,0,many_players_zero_heads
Non_Header/h36/NonHeader_h36_f000240_t4.000.txt,12,0,0,many_players_zero_heads
Non_Header/h36/NonHeader_h36_f000270_t4.500.txt,12,1,0,many_players_zero_heads
Non_Header/h36/NonHeader_h36_f000300_t5.000.txt,12,0,0,many_players_zero_heads
Non_Header/h36/NonHeader_h36_f000330_t5.500.txt,11,0,0,many_players_zero_heads
Non_Header/h36/NonHeader_h36_f000360_t6.000.txt,12,0,0,many_players_zero_heads
Non_Header/h36/NonHeader_h36_f000390_t6.500.txt,12,0,0,many_players_zero_heads
Non_Header/h36/NonHeader_h36_f000420_t7.000.txt,11,0,0,many_players_zero_heads
Non_Header/h36/NonHeader_h36_f000450_t7.500.txt,12,0,0,many_players_zero_heads
Non_Header/h36/NonHeader_h36_f000480_t8.000.txt,12,0,0,many_players_zero_heads
Non_Header/h37/NonHeader_h37_f000000_t0.000.txt,20,1,0,many_players_zero_heads
Non_Header/h37/NonHeader_h37_f000030_t0.500.txt,20,0,0,many_players_zero_heads
Non_Header/h37/NonHeader_h37_f000060_t1.000.txt,17,1,0,many_players_zero_heads
Non_Header/h37/NonHeader_h37_f000090_t1.500.txt,14,1,0,many_players_zero_heads
Non_Header/h37/NonHeader_h37_f000120_t2.000.txt,15,1,0,many_players_zero_heads
Non_Header/h37/NonHeader_h37_f000150_t2.500.txt,14,0,0,many_players_zero_heads
Non_Header/h37/NonHeader_h37_f000180_t3.000.txt,14,0,0,many_players_zero_heads
Non_Header/h37/NonHeader_h37_f000210_t3.500.txt,14,0,0,many_players_zero_heads
Non_Header/h37/NonHeader_h37_f000240_t4.000.txt,15,0,0,many_players_zero_heads
Non_Header/h37/NonHeader_h37_f000270_t4.500.txt,14,1,0,many_players_zero_heads
Non_Header/h37/NonHeader_h37_f000300_t5.000.txt,12,0,0,many_players_zero_heads
Non_Header/h37/NonHeader_h37_f000330_t5.500.txt,11,1,0,many_players_zero_heads
Non_Header/h37/NonHeader_h37_f000360_t6.000.txt,10,0,0,many_players_zero_heads
Non_Header/h37/NonHeader_h37_f000390_t6.500.txt,9,0,0,many_players_zero_heads
Non_Header/h37/NonHeader_h37_f000420_t7.000.txt,8,1,0,many_players_zero_heads
Non_Header/h37/NonHeader_h37_f000450_t7.500.txt,8,0,0,many_players_zero_heads
Non_Header/h37/NonHeader_h37_f000540_t9.000.txt,0,0,0,zero_players
Non_Header/h37/NonHeader_h37_f000570_t9.500.txt,0,0,0,zero_players
Non_Header/h37/NonHeader_h37_f000600_t10.000.txt,0,0,0,zero_players
Non_Header/h38/NonHeader_h38_f000000_t0.000.txt,0,0,0,zero_players
Non_Header/h38/NonHeader_h38_f000030_t0.500.txt,0,0,0,zero_players
Non_Header/h38/NonHeader_h38_f000060_t1.000.txt,0,0,0,zero_players
Non_Header/h38/NonHeader_h38_f000090_t1.500.txt,0,0,0,zero_players
Non_Header/h38/NonHeader_h38_f000120_t2.000.txt,0,0,0,zero_players
Non_Header/h38/NonHeader_h38_f000150_t2.500.txt,14,0,0,many_players_zero_heads
Non_Header/h38/NonHeader_h38_f000180_t3.000.txt,15,1,0,many_players_zero_heads
Non_Header/h38/NonHeader_h38_f000210_t3.500.txt,14,0,0,many_players_zero_heads
Non_Header/h38/NonHeader_h38_f000240_t4.000.txt,14,0,0,many_players_zero_heads
Non_Header/h38/NonHeader_h38_f000270_t4.500.txt,13,1,0,many_players_zero_heads
Non_Header/h38/NonHeader_h38_f000300_t5.000.txt,12,0,0,many_players_zero_heads
Non_Header/h38/NonHeader_h38_f000330_t5.500.txt,13,0,0,many_players_zero_heads
Non_Header/h38/NonHeader_h38_f000360_t6.000.txt,13,0,0,many_players_zero_heads
Non_Header/h38/NonHeader_h38_f000390_t6.500.txt,13,0,0,many_players_zero_heads
Non_Header/h38/NonHeader_h38_f000420_t7.000.txt,13,1,0,many_players_zero_heads
Non_Header/h38/NonHeader_h38_f000450_t7.500.txt,13,0,0,many_players_zero_heads
Non_Header/h38/NonHeader_h38_f000480_t8.000.txt,10,1,0,many_players_zero_heads
Non_Header/h39/NonHeader_h39_f000000_t0.000.txt,10,1,0,many_players_zero_heads
Non_Header/h39/NonHeader_h39_f000030_t0.500.txt,11,0,0,many_players_zero_heads
Non_Header/h39/NonHeader_h39_f000060_t1.000.txt,11,1,0,many_players_zero_heads
Non_Header/h39/NonHeader_h39_f000090_t1.500.txt,10,0,0,many_players_zero_heads
Non_Header/h39/NonHeader_h39_f000120_t2.000.txt,7,0,0,many_players_zero_heads
Non_Header/h39/NonHeader_h39_f000210_t3.500.txt,9,0,0,many_players_zero_heads
Non_Header/h39/NonHeader_h39_f000240_t4.000.txt,9,0,0,many_players_zero_heads
Non_Header/h39/NonHeader_h39_f000270_t4.500.txt,12,0,0,many_players_zero_heads
Non_Header/h39/NonHeader_h39_f000300_t5.000.txt,10,0,0,many_players_zero_heads
Non_Header/h39/NonHeader_h39_f000330_t5.500.txt,8,0,0,many_players_zero_heads
Non_Header/h39/NonHeader_h39_f000360_t6.000.txt,11,0,0,many_players_zero_heads
Non_Header/h39/NonHeader_h39_f000390_t6.500.txt,11,0,0,many_players_zero_heads
Non_Header/h39/NonHeader_h39_f000420_t7.000.txt,12,0,0,many_players_zero_heads
Non_Header/h39/NonHeader_h39_f000450_t7.500.txt,12,0,0,many_players_zero_heads
Non_Header/h39/NonHeader_h39_f000480_t8.000.txt,13,0,0,many_players_zero_heads
Non_Header/h39/NonHeader_h39_f000510_t8.500.txt,14,0,0,many_players_zero_heads
Non_Header/h39/NonHeader_h39_f000540_t9.000.txt,12,0,0,many_players_zero_heads
Non_Header/h4/NonHeader_h4_f000000_t0.000.txt,0,0,0,zero_players
Non_Header/h4/NonHeader_h4_f000030_t0.500.txt,0,0,0,zero_players
Non_Header/h4/NonHeader_h4_f000210_t3.500.txt,6,1,5,ball_larger_than_head
Non_Header/h4/NonHeader_h4_f000270_t4.500.txt,5,1,4,ball_larger_than_head
Non_Header/h4/NonHeader_h4_f000300_t5.000.txt,5,1,4,ball_larger_than_head
Non_Header/h4/NonHeader_h4_f000330_t5.500.txt,4,1,2,ball_larger_than_head
Non_Header/h4/NonHeader_h4_f000360_t6.000.txt,6,1,3,ball_larger_than_head
Non_Header/h4/NonHeader_h4_f000390_t6.500.txt,7,1,5,ball_larger_than_head
Non_Header/h4/NonHeader_h4_f000420_t7.000.txt,7,1,0,many_players_zero_heads
Non_Header/h40/NonHeader_h40_f000000_t0.000.txt,4,0,0,many_players_zero_heads
Non_Header/h40/NonHeader_h40_f000030_t0.500.txt,13,0,0,many_players_zero_heads
Non_Header/h40/NonHeader_h40_f000060_t1.000.txt,12,0,0,many_players_zero_heads
Non_Header/h40/NonHeader_h40_f000330_t5.500.txt,14,0,0,many_players_zero_heads
Non_Header/h40/NonHeader_h40_f000390_t6.500.txt,13,0,0,many_players_zero_heads
Non_Header/h40/NonHeader_h40_f000420_t7.000.txt,14,1,0,many_players_zero_heads
Non_Header/h40/NonHeader_h40_f000450_t7.500.txt,12,0,0,many_players_zero_heads
Non_Header/h41/NonHeader_h41_f000030_t0.500.txt,12,0,0,many_players_zero_heads
Non_Header/h41/NonHeader_h41_f000090_t1.500.txt,11,0,0,many_players_zero_heads
Non_Header/h41/NonHeader_h41_f000120_t2.000.txt,12,0,0,many_players_zero_heads
Non_Header/h41/NonHeader_h41_f000150_t2.500.txt,10,0,0,many_players_zero_heads
Non_Header/h41/NonHeader_h41_f000180_t3.000.txt,11,0,0,many_players_zero_heads
Non_Header/h41/NonHeader_h41_f000210_t3.500.txt,10,0,0,many_players_zero_heads
Non_Header/h41/NonHeader_h41_f000240_t4.000.txt,12,0,0,many_players_zero_heads
Non_Header/h41/NonHeader_h41_f000270_t4.500.txt,0,0,0,zero_players
Non_Header/h41/NonHeader_h41_f000300_t5.000.txt,0,0,0,zero_players
Non_Header/h41/NonHeader_h41_f000330_t5.500.txt,0,0,0,zero_players
Non_Header/h41/NonHeader_h41_f000360_t6.000.txt,0,0,0,zero_players
Non_Header/h41/NonHeader_h41_f000390_t6.500.txt,0,0,0,zero_players
Non_Header/h41/NonHeader_h41_f000420_t7.000.txt,0,0,0,zero_players
Non_Header/h41/NonHeader_h41_f000450_t7.500.txt,0,0,0,zero_players
Non_Header/h41/NonHeader_h41_f000480_t8.000.txt,0,0,0,zero_players
Non_Header/h41/NonHeader_h41_f000510_t8.500.txt,0,0,0,zero_players
Non_Header/h41/NonHeader_h41_f000540_t9.000.txt,0,0,0,zero_players
Non_Header/h41/NonHeader_h41_f000570_t9.500.txt,0,0,0,zero_players
Non_Header/h41/NonHeader_h41_f000600_t10.000.txt,0,0,0,zero_players
Non_Header/h42/NonHeader_h42_f000000_t0.000.txt,13,0,0,many_players_zero_heads
Non_Header/h42/NonHeader_h42_f000030_t0.500.txt,13,0,0,many_players_zero_heads
Non_Header/h42/NonHeader_h42_f000060_t1.000.txt,12,0,0,many_players_zero_heads
Non_Header/h42/NonHeader_h42_f000090_t1.500.txt,13,0,0,many_players_zero_heads
Non_Header/h42/NonHeader_h42_f000120_t2.000.txt,14,0,0,many_players_zero_heads
Non_Header/h42/NonHeader_h42_f000150_t2.500.txt,14,0,0,many_players_zero_heads
Non_Header/h42/NonHeader_h42_f000180_t3.000.txt,16,0,0,many_players_zero_heads
Non_Header/h42/NonHeader_h42_f000210_t3.500.txt,12,0,0,many_players_zero_heads
Non_Header/h42/NonHeader_h42_f000240_t4.000.txt,13,0,0,many_players_zero_heads
Non_Header/h42/NonHeader_h42_f000270_t4.500.txt,13,0,0,many_players_zero_heads
Non_Header/h42/NonHeader_h42_f000300_t5.000.txt,12,0,0,many_players_zero_heads
Non_Header/h42/NonHeader_h42_f000330_t5.500.txt,11,0,0,many_players_zero_heads
Non_Header/h42/NonHeader_h42_f000360_t6.000.txt,12,0,0,many_players_zero_heads
Non_Header/h42/NonHeader_h42_f000390_t6.500.txt,12,1,0,many_players_zero_heads
Non_Header/h42/NonHeader_h42_f000420_t7.000.txt,12,0,0,many_players_zero_heads
Non_Header/h42/NonHeader_h42_f000450_t7.500.txt,12,1,0,many_players_zero_heads
Non_Header/h42/NonHeader_h42_f000480_t8.000.txt,14,1,0,many_players_zero_heads
Non_Header/h42/NonHeader_h42_f000510_t8.500.txt,14,0,0,many_players_zero_heads
Non_Header/h42/NonHeader_h42_f000540_t9.000.txt,14,0,0,many_players_zero_heads
Non_Header/h42/NonHeader_h42_f000570_t9.500.txt,12,0,0,many_players_zero_heads
Non_Header/h42/NonHeader_h42_f000600_t10.000.txt,10,0,0,many_players_zero_heads
Non_Header/h43/NonHeader_h43_f000000_t0.000.txt,20,0,0,many_players_zero_heads
Non_Header/h43/NonHeader_h43_f000030_t0.500.txt,18,0,0,many_players_zero_heads
Non_Header/h43/NonHeader_h43_f000060_t1.000.txt,18,1,0,many_players_zero_heads
Non_Header/h43/NonHeader_h43_f000120_t2.000.txt,16,0,0,many_players_zero_heads
Non_Header/h43/NonHeader_h43_f000150_t2.500.txt,16,0,0,many_players_zero_heads
Non_Header/h43/NonHeader_h43_f000180_t3.000.txt,16,1,0,many_players_zero_heads
Non_Header/h43/NonHeader_h43_f000210_t3.500.txt,15,0,0,many_players_zero_heads
Non_Header/h43/NonHeader_h43_f000240_t4.000.txt,14,0,0,many_players_zero_heads
Non_Header/h43/NonHeader_h43_f000270_t4.500.txt,15,0,0,many_players_zero_heads
Non_Header/h43/NonHeader_h43_f000300_t5.000.txt,14,1,0,many_players_zero_heads
Non_Header/h44/NonHeader_h44_f000060_t1.000.txt,14,1,0,many_players_zero_heads
Non_Header/h44/NonHeader_h44_f000090_t1.500.txt,15,0,0,many_players_zero_heads
Non_Header/h44/NonHeader_h44_f000120_t2.000.txt,15,0,0,many_players_zero_heads
Non_Header/h44/NonHeader_h44_f000150_t2.500.txt,15,0,0,many_players_zero_heads
Non_Header/h44/NonHeader_h44_f000180_t3.000.txt,14,1,0,many_players_zero_heads
Non_Header/h44/NonHeader_h44_f000210_t3.500.txt,17,0,0,many_players_zero_heads
Non_Header/h44/NonHeader_h44_f000240_t4.000.txt,15,0,0,many_players_zero_heads
Non_Header/h44/NonHeader_h44_f000270_t4.500.txt,15,0,0,many_players_zero_heads
Non_Header/h44/NonHeader_h44_f000300_t5.000.txt,14,1,0,many_players_zero_heads
Non_Header/h44/NonHeader_h44_f000330_t5.500.txt,11,0,0,many_players_zero_heads
Non_Header/h44/NonHeader_h44_f000360_t6.000.txt,9,0,0,many_players_zero_heads
Non_Header/h44/NonHeader_h44_f000390_t6.500.txt,8,0,0,many_players_zero_heads
Non_Header/h44/NonHeader_h44_f000420_t7.000.txt,8,0,0,many_players_zero_heads
Non_Header/h44/NonHeader_h44_f000450_t7.500.txt,8,1,0,many_players_zero_heads
Non_Header/h44/NonHeader_h44_f000480_t8.000.txt,7,0,0,many_players_zero_heads
Non_Header/h44/NonHeader_h44_f000510_t8.500.txt,7,0,0,many_players_zero_heads
Non_Header/h44/NonHeader_h44_f000540_t9.000.txt,6,1,0,many_players_zero_heads
Non_Header/h45/NonHeader_h45_f000000_t0.000.txt,6,1,0,many_players_zero_heads
Non_Header/h45/NonHeader_h45_f000030_t0.500.txt,6,0,0,many_players_zero_heads
Non_Header/h45/NonHeader_h45_f000060_t1.000.txt,6,0,0,many_players_zero_heads
Non_Header/h45/NonHeader_h45_f000090_t1.500.txt,6,0,0,many_players_zero_heads
Non_Header/h45/NonHeader_h45_f000120_t2.000.txt,6,0,0,many_players_zero_heads
Non_Header/h45/NonHeader_h45_f000150_t2.500.txt,7,0,0,many_players_zero_heads
Non_Header/h45/NonHeader_h45_f000180_t3.000.txt,8,0,0,many_players_zero_heads
Non_Header/h45/NonHeader_h45_f000240_t4.000.txt,9,1,0,many_players_zero_heads
Non_Header/h45/NonHeader_h45_f000330_t5.500.txt,12,0,0,many_players_zero_heads
Non_Header/h45/NonHeader_h45_f000360_t6.000.txt,12,0,0,many_players_zero_heads
Non_Header/h45/NonHeader_h45_f000390_t6.500.txt,10,0,0,many_players_zero_heads
Non_Header/h45/NonHeader_h45_f000420_t7.000.txt,11,0,0,many_players_zero_heads
Non_Header/h45/NonHeader_h45_f000450_t7.500.txt,12,1,0,many_players_zero_heads
Non_Header/h45/NonHeader_h45_f000480_t8.000.txt,13,1,0,many_players_zero_heads
Non_Header/h45/NonHeader_h45_f000510_t8.500.txt,13,0,0,many_players_zero_heads
Non_Header/h45/NonHeader_h45_f000540_t9.000.txt,13,0,0,many_players_zero_heads
Non_Header/h45/NonHeader_h45_f000570_t9.500.txt,13,0,0,many_players_zero_heads
Non_Header/h45/NonHeader_h45_f000600_t10.000.txt,12,0,0,many_players_zero_heads
Non_Header/h46/NonHeader_h46_f000000_t0.000.txt,13,0,0,many_players_zero_heads
Non_Header/h46/NonHeader_h46_f000030_t0.500.txt,15,0,0,many_players_zero_heads
Non_Header/h46/NonHeader_h46_f000060_t1.000.txt,14,0,0,many_players_zero_heads
Non_Header/h46/NonHeader_h46_f000120_t2.000.txt,12,0,0,many_players_zero_heads
Non_Header/h46/NonHeader_h46_f000150_t2.500.txt,11,0,0,many_players_zero_heads
Non_Header/h46/NonHeader_h46_f000180_t3.000.txt,13,0,0,many_players_zero_heads
Non_Header/h46/NonHeader_h46_f000210_t3.500.txt,9,0,0,many_players_zero_heads
Non_Header/h46/NonHeader_h46_f000240_t4.000.txt,8,0,0,many_players_zero_heads
Non_Header/h46/NonHeader_h46_f000270_t4.500.txt,9,0,0,many_players_zero_heads
Non_Header/h46/NonHeader_h46_f000300_t5.000.txt,7,1,0,many_players_zero_heads
Non_Header/h46/NonHeader_h46_f000330_t5.500.txt,5,1,0,many_players_zero_heads
Non_Header/h46/NonHeader_h46_f000360_t6.000.txt,6,1,0,many_players_zero_heads
Non_Header/h46/NonHeader_h46_f000390_t6.500.txt,6,0,0,many_players_zero_heads
Non_Header/h46/NonHeader_h46_f000450_t7.500.txt,6,1,0,many_players_zero_heads
Non_Header/h46/NonHeader_h46_f000480_t8.000.txt,3,1,0,many_players_zero_heads
Non_Header/h47/NonHeader_h47_f000000_t0.000.txt,3,1,0,many_players_zero_heads
Non_Header/h47/NonHeader_h47_f000030_t0.500.txt,3,0,0,many_players_zero_heads
Non_Header/h47/NonHeader_h47_f000090_t1.500.txt,4,0,0,many_players_zero_heads
Non_Header/h47/NonHeader_h47_f000150_t2.500.txt,2,1,0,many_players_zero_heads
Non_Header/h47/NonHeader_h47_f000300_t5.000.txt,0,0,0,zero_players
Non_Header/h47/NonHeader_h47_f000330_t5.500.txt,0,0,0,zero_players
Non_Header/h47/NonHeader_h47_f000360_t6.000.txt,0,0,0,zero_players
Non_Header/h47/NonHeader_h47_f000390_t6.500.txt,0,0,0,zero_players
Non_Header/h47/NonHeader_h47_f000510_t8.500.txt,4,1,4,ball_larger_than_head
Non_Header/h48/NonHeader_h48_f000060_t1.000.txt,3,1,2,ball_larger_than_head
Non_Header/h48/NonHeader_h48_f000120_t2.000.txt,5,1,5,ball_larger_than_head
Non_Header/h48/NonHeader_h48_f000150_t2.500.txt,3,1,2,ball_larger_than_head
Non_Header/h48/NonHeader_h48_f000180_t3.000.txt,2,1,2,ball_larger_than_head
Non_Header/h48/NonHeader_h48_f000270_t4.500.txt,2,1,2,ball_larger_than_head
Non_Header/h48/NonHeader_h48_f000300_t5.000.txt,5,0,0,many_players_zero_heads
Non_Header/h48/NonHeader_h48_f000330_t5.500.txt,5,0,0,many_players_zero_heads
Non_Header/h48/NonHeader_h48_f000360_t6.000.txt,5,1,0,many_players_zero_heads
Non_Header/h48/NonHeader_h48_f000390_t6.500.txt,6,0,0,many_players_zero_heads
Non_Header/h48/NonHeader_h48_f000420_t7.000.txt,6,0,0,many_players_zero_heads
Non_Header/h48/NonHeader_h48_f000450_t7.500.txt,8,0,0,many_players_zero_heads
Non_Header/h48/NonHeader_h48_f000480_t8.000.txt,7,1,0,many_players_zero_heads
Non_Header/h48/NonHeader_h48_f000510_t8.500.txt,7,1,0,many_players_zero_heads
Non_Header/h48/NonHeader_h48_f000540_t9.000.txt,7,1,0,many_players_zero_heads
Non_Header/h48/NonHeader_h48_f000570_t9.500.txt,8,1,0,many_players_zero_heads
Non_Header/h48/NonHeader_h48_f000600_t10.000.txt,9,1,0,many_players_zero_heads
Non_Header/h49/NonHeader_h49_f000000_t0.000.txt,9,1,0,many_players_zero_heads
Non_Header/h49/NonHeader_h49_f000060_t1.000.txt,4,1,2,ball_larger_than_head
Non_Header/h49/NonHeader_h49_f000090_t1.500.txt,3,1,3,ball_larger_than_head
Non_Header/h49/NonHeader_h49_f000210_t3.500.txt,5,1,3,ball_larger_than_head
Non_Header/h49/NonHeader_h49_f000420_t7.000.txt,11,0,0,many_players_zero_heads
Non_Header/h49/NonHeader_h49_f000450_t7.500.txt,13,0,0,many_players_zero_heads
Non_Header/h5/NonHeader_h5_f000150_t2.500.txt,6,1,5,ball_larger_than_head
Non_Header/h5/NonHeader_h5_f000210_t3.500.txt,5,1,4,ball_larger_than_head
Non_Header/h5/NonHeader_h5_f000240_t4.000.txt,6,1,4,ball_larger_than_head
Non_Header/h5/NonHeader_h5_f000330_t5.500.txt,7,1,4,ball_larger_than_head
Non_Header/h5/NonHeader_h5_f000360_t6.000.txt,5,1,3,ball_larger_than_head
Non_Header/h50/NonHeader_h50_f000000_t0.000.txt,13,1,0,many_players_zero_heads
Non_Header/h50/NonHeader_h50_f000030_t0.500.txt,12,0,0,many_players_zero_heads
Non_Header/h50/NonHeader_h50_f000330_t5.500.txt,0,0,0,zero_players
Non_Header/h50/NonHeader_h50_f000360_t6.000.txt,0,0,0,zero_players
Non_Header/h50/NonHeader_h50_f000390_t6.500.txt,0,0,0,zero_players
Non_Header/h50/NonHeader_h50_f000420_t7.000.txt,0,0,0,zero_players
Non_Header/h50/NonHeader_h50_f000450_t7.500.txt,0,0,0,zero_players
Non_Header/h50/NonHeader_h50_f000480_t8.000.txt,5,1,5,ball_larger_than_head
Non_Header/h51/NonHeader_h51_f000090_t1.500.txt,5,1,5,ball_larger_than_head
Non_Header/h51/NonHeader_h51_f000120_t2.000.txt,7,1,5,ball_larger_than_head
Non_Header/h51/NonHeader_h51_f000180_t3.000.txt,16,1,0,many_players_zero_heads
Non_Header/h51/NonHeader_h51_f000210_t3.500.txt,18,0,0,many_players_zero_heads
Non_Header/h51/NonHeader_h51_f000240_t4.000.txt,18,0,0,many_players_zero_heads
Non_Header/h51/NonHeader_h51_f000270_t4.500.txt,18,0,0,many_players_zero_heads
Non_Header/h51/NonHeader_h51_f000300_t5.000.txt,16,1,0,many_players_zero_heads
Non_Header/h51/NonHeader_h51_f000330_t5.500.txt,16,0,0,many_players_zero_heads
Non_Header/h51/NonHeader_h51_f000360_t6.000.txt,17,0,0,many_players_zero_heads
Non_Header/h51/NonHeader_h51_f000390_t6.500.txt,18,0,0,many_players_zero_heads
Non_Header/h51/NonHeader_h51_f000450_t7.500.txt,17,0,0,many_players_zero_heads
Non_Header/h52/NonHeader_h52_f000000_t0.000.txt,11,0,0,many_players_zero_heads
Non_Header/h52/NonHeader_h52_f000030_t0.500.txt,12,0,0,many_players_zero_heads
Non_Header/h52/NonHeader_h52_f000060_t1.000.txt,12,1,0,many_players_zero_heads
Non_Header/h52/NonHeader_h52_f000090_t1.500.txt,7,0,0,many_players_zero_heads
Non_Header/h52/NonHeader_h52_f000120_t2.000.txt,4,0,0,many_players_zero_heads
Non_Header/h52/NonHeader_h52_f000150_t2.500.txt,4,0,0,many_players_zero_heads
Non_Header/h52/NonHeader_h52_f000360_t6.000.txt,9,0,0,many_players_zero_heads
Non_Header/h52/NonHeader_h52_f000390_t6.500.txt,8,1,0,many_players_zero_heads
Non_Header/h52/NonHeader_h52_f000420_t7.000.txt,9,0,0,many_players_zero_heads
Non_Header/h53/NonHeader_h53_f000180_t3.000.txt,10,1,0,many_players_zero_heads
Non_Header/h53/NonHeader_h53_f000420_t7.000.txt,0,0,0,zero_players
Non_Header/h53/NonHeader_h53_f000450_t7.500.txt,0,0,0,zero_players
Non_Header/h53/NonHeader_h53_f000480_t8.000.txt,0,0,0,zero_players
Non_Header/h53/NonHeader_h53_f000510_t8.500.txt,0,0,0,zero_players
Non_Header/h53/NonHeader_h53_f000540_t9.000.txt,0,0,0,zero_players
Non_Header/h54/NonHeader_h54_f000000_t0.000.txt,16,0,0,many_players_zero_heads
Non_Header/h55/NonHeader_h55_f000240_t4.000.txt,9,1,0,many_players_zero_heads
Non_Header/h55/NonHeader_h55_f000270_t4.500.txt,9,0,0,many_players_zero_heads
Non_Header/h55/NonHeader_h55_f000390_t6.500.txt,6,1,0,many_players_zero_heads
Non_Header/h55/NonHeader_h55_f000420_t7.000.txt,6,1,0,many_players_zero_heads
Non_Header/h55/NonHeader_h55_f000450_t7.500.txt,6,1,0,many_players_zero_heads
Non_Header/h55/NonHeader_h55_f000480_t8.000.txt,6,1,0,many_players_zero_heads
Non_Header/h55/NonHeader_h55_f000510_t8.500.txt,6,1,0,many_players_zero_heads
Non_Header/h56/NonHeader_h56_f000210_t3.500.txt,7,1,3,ball_larger_than_head
Non_Header/h57/NonHeader_h57_f000510_t8.500.txt,9,1,0,many_players_zero_heads
Non_Header/h57/NonHeader_h57_f000540_t9.000.txt,9,0,0,many_players_zero_heads
Non_Header/h58/NonHeader_h58_f000060_t1.000.txt,6,1,3,ball_larger_than_head
Non_Header/h59/NonHeader_h59_f000360_t6.000.txt,8,1,5,ball_larger_than_head
Non_Header/h59/NonHeader_h59_f000540_t9.000.txt,7,1,1,ball_larger_than_head
Non_Header/h59/NonHeader_h59_f000570_t9.500.txt,5,1,1,ball_larger_than_head
Non_Header/h59/NonHeader_h59_f000600_t10.000.txt,4,1,0,many_players_zero_heads
Non_Header/h59/NonHeader_h59_f000630_t10.500.txt,4,0,0,many_players_zero_heads
Non_Header/h6/NonHeader_h6_f000150_t2.500.txt,0,0,0,zero_players
Non_Header/h6/NonHeader_h6_f000180_t3.000.txt,0,0,0,zero_players
Non_Header/h6/NonHeader_h6_f000210_t3.500.txt,0,0,0,zero_players
Non_Header/h6/NonHeader_h6_f000240_t4.000.txt,0,0,0,zero_players
Non_Header/h6/NonHeader_h6_f000270_t4.500.txt,0,0,0,zero_players
Non_Header/h6/NonHeader_h6_f000300_t5.000.txt,0,0,0,zero_players
Non_Header/h6/NonHeader_h6_f000330_t5.500.txt,0,0,0,zero_players
Non_Header/h6/NonHeader_h6_f000360_t6.000.txt,0,0,0,zero_players
Non_Header/h6/NonHeader_h6_f000390_t6.500.txt,0,0,0,zero_players
Non_Header/h6/NonHeader_h6_f000420_t7.000.txt,0,0,0,zero_players
Non_Header/h60/NonHeader_h60_f000000_t0.000.txt,4,1,0,many_players_zero_heads
Non_Header/h60/NonHeader_h60_f000030_t0.500.txt,4,0,0,many_players_zero_heads
Non_Header/h60/NonHeader_h60_f000210_t3.500.txt,8,1,6,ball_larger_than_head
Non_Header/h60/NonHeader_h60_f000240_t4.000.txt,6,1,5,ball_larger_than_head
Non_Header/h60/NonHeader_h60_f000270_t4.500.txt,4,1,4,ball_larger_than_head
Non_Header/h60/NonHeader_h60_f000330_t5.500.txt,5,1,4,ball_larger_than_head
Non_Header/h60/NonHeader_h60_f000360_t6.000.txt,4,1,4,ball_larger_than_head
Non_Header/h60/NonHeader_h60_f000450_t7.500.txt,0,0,0,zero_players
Non_Header/h60/NonHeader_h60_f000480_t8.000.txt,0,0,0,zero_players
Non_Header/h61/NonHeader_h61_f000210_t3.500.txt,9,1,0,many_players_zero_heads
Non_Header/h61/NonHeader_h61_f000240_t4.000.txt,9,0,0,many_players_zero_heads
Non_Header/h61/NonHeader_h61_f000270_t4.500.txt,10,0,0,many_players_zero_heads
Non_Header/h61/NonHeader_h61_f000300_t5.000.txt,3,1,2,ball_larger_than_head
Non_Header/h61/NonHeader_h61_f000360_t6.000.txt,4,1,3,ball_larger_than_head
Non_Header/h61/NonHeader_h61_f000390_t6.500.txt,7,1,7,ball_larger_than_head
Non_Header/h61/NonHeader_h61_f000420_t7.000.txt,9,1,8,ball_larger_than_head
Non_Header/h61/NonHeader_h61_f000450_t7.500.txt,0,0,0,zero_players
Non_Header/h61/NonHeader_h61_f000480_t8.000.txt,0,1,0,zero_players
Non_Header/h61/NonHeader_h61_f000510_t8.500.txt,0,0,0,zero_players
Non_Header/h61/NonHeader_h61_f000540_t9.000.txt,0,0,0,zero_players
Non_Header/h62/NonHeader_h62_f000000_t0.000.txt,0,0,0,zero_players
Non_Header/h62/NonHeader_h62_f000030_t0.501.txt,0,0,0,zero_players
Non_Header/h62/NonHeader_h62_f000060_t1.001.txt,0,0,0,zero_players
Non_Header/h62/NonHeader_h62_f000090_t1.502.txt,16,0,0,many_players_zero_heads
Non_Header/h62/NonHeader_h62_f000120_t2.002.txt,20,0,0,many_players_zero_heads
Non_Header/h62/NonHeader_h62_f000150_t2.502.txt,17,0,0,many_players_zero_heads
Non_Header/h62/NonHeader_h62_f000180_t3.003.txt,19,1,0,many_players_zero_heads
Non_Header/h62/NonHeader_h62_f000210_t3.504.txt,19,0,0,many_players_zero_heads
Non_Header/h62/NonHeader_h62_f000300_t5.005.txt,19,0,0,many_players_zero_heads
Non_Header/h62/NonHeader_h62_f000330_t5.506.txt,19,0,0,many_players_zero_heads
Non_Header/h62/NonHeader_h62_f000360_t6.006.txt,18,0,0,many_players_zero_heads
Non_Header/h62/NonHeader_h62_f000390_t6.506.txt,18,0,0,many_players_zero_heads
Non_Header/h62/NonHeader_h62_f000420_t7.007.txt,14,0,0,many_players_zero_heads
Non_Header/h62/NonHeader_h62_f000450_t7.508.txt,16,0,0,many_players_zero_heads
Non_Header/h62/NonHeader_h62_f000480_t8.008.txt,14,0,0,many_players_zero_heads
Non_Header/h63/NonHeader_h63_f000000_t0.000.txt,14,0,0,many_players_zero_heads
Non_Header/h63/NonHeader_h63_f000030_t0.501.txt,16,0,0,many_players_zero_heads
Non_Header/h63/NonHeader_h63_f000060_t1.001.txt,14,0,0,many_players_zero_heads
Non_Header/h63/NonHeader_h63_f000090_t1.502.txt,14,1,0,many_players_zero_heads
Non_Header/h63/NonHeader_h63_f000120_t2.002.txt,13,0,0,many_players_zero_heads
Non_Header/h63/NonHeader_h63_f000150_t2.502.txt,11,0,0,many_players_zero_heads
Non_Header/h63/NonHeader_h63_f000180_t3.003.txt,12,0,0,many_players_zero_heads
Non_Header/h63/NonHeader_h63_f000210_t3.504.txt,13,0,0,many_players_zero_heads
Non_Header/h63/NonHeader_h63_f000240_t4.004.txt,14,1,0,many_players_zero_heads
Non_Header/h63/NonHeader_h63_f000270_t4.505.txt,17,1,5,ball_larger_than_head
Non_Header/h63/NonHeader_h63_f000300_t5.005.txt,4,1,3,ball_larger_than_head
Non_Header/h63/NonHeader_h63_f000330_t5.506.txt,3,1,3,ball_larger_than_head
Non_Header/h63/NonHeader_h63_f000360_t6.006.txt,4,1,3,ball_larger_than_head
Non_Header/h63/NonHeader_h63_f000390_t6.506.txt,3,1,1,ball_larger_than_head
Non_Header/h63/NonHeader_h63_f000420_t7.007.txt,5,1,0,many_players_zero_heads
Non_Header/h63/NonHeader_h63_f000509_t8.492.txt,7,1,3,ball_larger_than_head
Non_Header/h63/NonHeader_h63_f000599_t9.993.txt,4,1,2,ball_larger_than_head
Non_Header/h64/NonHeader_h64_f000000_t0.000.txt,16,1,0,many_players_zero_heads
Non_Header/h64/NonHeader_h64_f000030_t0.501.txt,16,0,0,many_players_zero_heads
Non_Header/h64/NonHeader_h64_f000060_t1.001.txt,15,0,0,many_players_zero_heads
Non_Header/h64/NonHeader_h64_f000090_t1.502.txt,15,0,0,many_players_zero_heads
Non_Header/h64/NonHeader_h64_f000120_t2.002.txt,16,0,0,many_players_zero_heads
Non_Header/h64/NonHeader_h64_f000150_t2.502.txt,17,1,0,many_players_zero_heads
Non_Header/h64/NonHeader_h64_f000180_t3.003.txt,17,1,0,many_players_zero_heads
Non_Header/h64/NonHeader_h64_f000210_t3.504.txt,16,1,0,many_players_zero_heads
Non_Header/h64/NonHeader_h64_f000240_t4.004.txt,15,1,0,many_players_zero_heads
Non_Header/h64/NonHeader_h64_f000270_t4.505.txt,14,0,0,many_players_zero_heads
Non_Header/h64/NonHeader_h64_f000330_t5.506.txt,16,0,0,many_players_zero_heads
Non_Header/h64/NonHeader_h64_f000390_t6.506.txt,2,1,0,many_players_zero_heads
Non_Header/h64/NonHeader_h64_f000420_t7.007.txt,4,1,2,ball_larger_than_head
Non_Header/h64/NonHeader_h64_f000450_t7.508.txt,15,1,0,many_players_zero_heads
Non_Header/h64/NonHeader_h64_f000480_t8.008.txt,15,1,0,many_players_zero_heads
Non_Header/h64/NonHeader_h64_f000509_t8.492.txt,15,1,0,many_players_zero_heads
Non_Header/h64/NonHeader_h64_f000539_t8.992.txt,13,1,0,many_players_zero_heads
Non_Header/h64/NonHeader_h64_f000599_t9.993.txt,17,0,0,many_players_zero_heads
Non_Header/h64/NonHeader_h64_f000629_t10.494.txt,15,1,0,many_players_zero_heads
Non_Header/h64/NonHeader_h64_f000659_t10.994.txt,15,1,0,many_players_zero_heads
Non_Header/h65/NonHeader_h65_f000060_t1.001.txt,13,0,0,many_players_zero_heads
Non_Header/h65/NonHeader_h65_f000090_t1.502.txt,12,0,0,many_players_zero_heads
Non_Header/h65/NonHeader_h65_f000120_t2.002.txt,13,1,0,many_players_zero_heads
Non_Header/h65/NonHeader_h65_f000150_t2.502.txt,13,1,0,many_players_zero_heads
Non_Header/h65/NonHeader_h65_f000180_t3.003.txt,14,0,0,many_players_zero_heads
Non_Header/h65/NonHeader_h65_f000210_t3.504.txt,13,0,0,many_players_zero_heads
Non_Header/h65/NonHeader_h65_f000240_t4.004.txt,15,1,0,many_players_zero_heads
Non_Header/h65/NonHeader_h65_f000270_t4.505.txt,16,0,0,many_players_zero_heads
Non_Header/h65/NonHeader_h65_f000300_t5.005.txt,14,1,0,many_players_zero_heads
Non_Header/h65/NonHeader_h65_f000330_t5.506.txt,12,0,0,many_players_zero_heads
Non_Header/h65/NonHeader_h65_f000360_t6.006.txt,15,0,0,many_players_zero_heads
Non_Header/h65/NonHeader_h65_f000390_t6.506.txt,12,0,0,many_players_zero_heads
Non_Header/h65/NonHeader_h65_f000420_t7.007.txt,13,0,0,many_players_zero_heads
Non_Header/h65/NonHeader_h65_f000450_t7.508.txt,13,0,0,many_players_zero_heads
Non_Header/h65/NonHeader_h65_f000480_t8.008.txt,13,1,0,many_players_zero_heads
Non_Header/h65/NonHeader_h65_f000509_t8.492.txt,16,0,0,many_players_zero_heads
Non_Header/h66/NonHeader_h66_f000090_t1.502.txt,15,0,0,many_players_zero_heads
Non_Header/h66/NonHeader_h66_f000330_t5.506.txt,14,1,0,many_players_zero_heads
Non_Header/h66/NonHeader_h66_f000360_t6.006.txt,15,1,0,many_players_zero_heads
Non_Header/h66/NonHeader_h66_f000390_t6.506.txt,15,1,0,many_players_zero_heads
Non_Header/h66/NonHeader_h66_f000420_t7.007.txt,15,1,0,many_players_zero_heads
Non_Header/h66/NonHeader_h66_f000450_t7.508.txt,14,0,0,many_players_zero_heads
Non_Header/h66/NonHeader_h66_f000480_t8.008.txt,14,1,0,many_players_zero_heads
Non_Header/h66/NonHeader_h66_f000539_t8.992.txt,14,1,0,many_players_zero_heads
Non_Header/h67/NonHeader_h67_f000060_t1.000.txt,8,1,6,ball_larger_than_head
Non_Header/h67/NonHeader_h67_f000090_t1.500.txt,8,1,6,ball_larger_than_head
Non_Header/h67/NonHeader_h67_f000120_t2.000.txt,8,1,6,ball_larger_than_head
Non_Header/h67/NonHeader_h67_f000180_t3.000.txt,7,1,6,ball_larger_than_head
Non_Header/h67/NonHeader_h67_f000210_t3.500.txt,5,1,5,ball_larger_than_head
Non_Header/h68/NonHeader_h68_f000030_t0.500.txt,4,0,0,many_players_zero_heads
Non_Header/h68/NonHeader_h68_f000060_t1.000.txt,5,1,0,many_players_zero_heads
Non_Header/h68/NonHeader_h68_f000090_t1.500.txt,2,0,0,many_players_zero_heads
Non_Header/h68/NonHeader_h68_f000120_t2.000.txt,2,0,0,many_players_zero_heads
Non_Header/h68/NonHeader_h68_f000150_t2.500.txt,2,0,0,many_players_zero_heads
Non_Header/h68/NonHeader_h68_f000180_t3.000.txt,3,0,0,many_players_zero_heads
Non_Header/h68/NonHeader_h68_f000210_t3.500.txt,4,0,0,many_players_zero_heads
Non_Header/h68/NonHeader_h68_f000240_t4.000.txt,3,1,0,many_players_zero_heads
Non_Header/h68/NonHeader_h68_f000270_t4.500.txt,4,0,0,many_players_zero_heads
Non_Header/h68/NonHeader_h68_f000360_t6.000.txt,2,0,0,many_players_zero_heads
Non_Header/h68/NonHeader_h68_f000390_t6.500.txt,3,0,0,many_players_zero_heads
Non_Header/h68/NonHeader_h68_f000420_t7.000.txt,5,0,0,many_players_zero_heads
Non_Header/h68/NonHeader_h68_f000450_t7.500.txt,3,1,0,many_players_zero_heads
Non_Header/h68/NonHeader_h68_f000480_t8.000.txt,4,0,0,many_players_zero_heads
Non_Header/h68/NonHeader_h68_f000510_t8.500.txt,2,1,0,many_players_zero_heads
Non_Header/h68/NonHeader_h68_f000540_t9.000.txt,2,1,0,many_players_zero_heads
Non_Header/h69/NonHeader_h69_f000000_t0.000.txt,2,1,0,many_players_zero_heads
Non_Header/h69/NonHeader_h69_f000180_t3.000.txt,2,1,0,many_players_zero_heads
Non_Header/h69/NonHeader_h69_f000210_t3.500.txt,2,1,0,many_players_zero_heads
Non_Header/h69/NonHeader_h69_f000240_t4.000.txt,2,1,0,many_players_zero_heads
Non_Header/h69/NonHeader_h69_f000390_t6.500.txt,0,0,0,zero_players
Non_Header/h69/NonHeader_h69_f000420_t7.000.txt,0,0,0,zero_players
Non_Header/h69/NonHeader_h69_f000450_t7.500.txt,0,0,0,zero_players
Non_Header/h69/NonHeader_h69_f000480_t8.000.txt,0,0,0,zero_players
Non_Header/h69/NonHeader_h69_f000510_t8.500.txt,0,0,0,zero_players
Non_Header/h69/NonHeader_h69_f000540_t9.000.txt,0,0,0,zero_players
Non_Header/h7/NonHeader_h7_f000030_t0.500.txt,9,1,7,ball_larger_than_head
Non_Header/h7/NonHeader_h7_f000060_t1.000.txt,6,1,3,ball_larger_than_head
Non_Header/h7/NonHeader_h7_f000090_t1.500.txt,6,1,4,ball_larger_than_head
Non_Header/h7/NonHeader_h7_f000150_t2.500.txt,6,1,4,ball_larger_than_head
Non_Header/h7/NonHeader_h7_f000180_t3.000.txt,8,1,7,ball_larger_than_head
Non_Header/h7/NonHeader_h7_f000240_t4.000.txt,5,1,4,ball_larger_than_head
Non_Header/h7/NonHeader_h7_f000270_t4.500.txt,10,1,9,ball_larger_than_head
Non_Header/h7/NonHeader_h7_f000300_t5.000.txt,8,1,8,ball_larger_than_head
Non_Header/h7/NonHeader_h7_f000330_t5.500.txt,9,1,9,ball_larger_than_head
Non_Header/h7/NonHeader_h7_f000360_t6.000.txt,10,1,9,ball_larger_than_head
Non_Header/h7/NonHeader_h7_f000420_t7.000.txt,13,1,12,ball_larger_than_head
Non_Header/h7/NonHeader_h7_f000450_t7.500.txt,14,1,14,ball_larger_than_head
Non_Header/h70/NonHeader_h70_f000090_t1.500.txt,10,1,9,ball_larger_than_head
Non_Header/h70/NonHeader_h70_f000210_t3.500.txt,2,0,0,many_players_zero_heads
Non_Header/h70/NonHeader_h70_f000240_t4.000.txt,3,1,0,many_players_zero_heads
Non_Header/h70/NonHeader_h70_f000270_t4.500.txt,3,1,0,many_players_zero_heads
Non_Header/h70/NonHeader_h70_f000300_t5.000.txt,5,1,0,many_players_zero_heads
Non_Header/h70/NonHeader_h70_f000330_t5.500.txt,6,1,0,many_players_zero_heads
Non_Header/h70/NonHeader_h70_f000360_t6.000.txt,6,1,0,many_players_zero_heads
Non_Header/h70/NonHeader_h70_f000390_t6.500.txt,7,1,3,ball_larger_than_head
Non_Header/h70/NonHeader_h70_f000450_t7.500.txt,8,1,4,ball_larger_than_head
Non_Header/h70/NonHeader_h70_f000510_t8.500.txt,10,1,5,ball_larger_than_head
Non_Header/h70/NonHeader_h70_f000540_t9.000.txt,10,1,9,ball_larger_than_head
Non_Header/h71/NonHeader_h71_f000000_t0.000.txt,10,1,9,ball_larger_than_head
Non_Header/h71/NonHeader_h71_f000030_t0.500.txt,8,1,8,ball_larger_than_head
Non_Header/h71/NonHeader_h71_f000240_t4.000.txt,0,0,0,zero_players
Non_Header/h72/NonHeader_h72_f000000_t0.000.txt,13,0,0,many_players_zero_heads
Non_Header/h72/NonHeader_h72_f000030_t0.500.txt,12,1,0,many_players_zero_heads
Non_Header/h72/NonHeader_h72_f000060_t1.000.txt,13,0,0,many_players_zero_heads
Non_Header/h72/NonHeader_h72_f000090_t1.500.txt,17,1,0,many_players_zero_heads
Non_Header/h72/NonHeader_h72_f000120_t2.000.txt,16,0,0,many_players_zero_heads
Non_Header/h72/NonHeader_h72_f000150_t2.500.txt,14,1,0,many_players_zero_heads
Non_Header/h72/NonHeader_h72_f000180_t3.000.txt,14,0,0,many_players_zero_heads
Non_Header/h72/NonHeader_h72_f000210_t3.500.txt,16,0,0,many_players_zero_heads
Non_Header/h72/NonHeader_h72_f000240_t4.000.txt,17,0,0,many_players_zero_heads
Non_Header/h72/NonHeader_h72_f000270_t4.500.txt,18,1,0,many_players_zero_heads
Non_Header/h72/NonHeader_h72_f000300_t5.000.txt,17,0,0,many_players_zero_heads
Non_Header/h72/NonHeader_h72_f000330_t5.500.txt,18,0,0,many_players_zero_heads
Non_Header/h72/NonHeader_h72_f000360_t6.000.txt,17,0,0,many_players_zero_heads
Non_Header/h72/NonHeader_h72_f000390_t6.500.txt,16,0,0,many_players_zero_heads
Non_Header/h73/NonHeader_h73_f000000_t0.000.txt,9,1,0,many_players_zero_heads
Non_Header/h73/NonHeader_h73_f000030_t0.500.txt,13,0,0,many_players_zero_heads
Non_Header/h73/NonHeader_h73_f000060_t1.000.txt,14,0,0,many_players_zero_heads
Non_Header/h73/NonHeader_h73_f000090_t1.500.txt,15,0,0,many_players_zero_heads
Non_Header/h73/NonHeader_h73_f000120_t2.000.txt,17,0,0,many_players_zero_heads
Non_Header/h73/NonHeader_h73_f000150_t2.500.txt,16,0,0,many_players_zero_heads
Non_Header/h73/NonHeader_h73_f000180_t3.000.txt,16,0,0,many_players_zero_heads
Non_Header/h73/NonHeader_h73_f000210_t3.500.txt,17,0,0,many_players_zero_heads
Non_Header/h73/NonHeader_h73_f000240_t4.000.txt,13,1,0,many_players_zero_heads
Non_Header/h73/NonHeader_h73_f000270_t4.500.txt,13,1,0,many_players_zero_heads
Non_Header/h73/NonHeader_h73_f000300_t5.000.txt,15,1,0,many_players_zero_heads
Non_Header/h73/NonHeader_h73_f000330_t5.500.txt,13,1,0,many_players_zero_heads
Non_Header/h73/NonHeader_h73_f000360_t6.000.txt,14,1,0,many_players_zero_heads
Non_Header/h73/NonHeader_h73_f000390_t6.500.txt,12,0,0,many_players_zero_heads
Non_Header/h73/NonHeader_h73_f000420_t7.000.txt,11,0,0,many_players_zero_heads
Non_Header/h73/NonHeader_h73_f000450_t7.500.txt,11,0,0,many_players_zero_heads
Non_Header/h73/NonHeader_h73_f000480_t8.000.txt,10,0,0,many_players_zero_heads
Non_Header/h73/NonHeader_h73_f000510_t8.500.txt,8,1,0,many_players_zero_heads
Non_Header/h74/NonHeader_h74_f000000_t0.000.txt,17,1,0,many_players_zero_heads
Non_Header/h74/NonHeader_h74_f000030_t0.500.txt,18,1,0,many_players_zero_heads
Non_Header/h74/NonHeader_h74_f000060_t1.000.txt,18,0,0,many_players_zero_heads
Non_Header/h74/NonHeader_h74_f000090_t1.500.txt,19,0,0,many_players_zero_heads
Non_Header/h74/NonHeader_h74_f000120_t2.000.txt,18,1,0,many_players_zero_heads
Non_Header/h74/NonHeader_h74_f000150_t2.500.txt,13,0,0,many_players_zero_heads
Non_Header/h74/NonHeader_h74_f000180_t3.000.txt,14,0,0,many_players_zero_heads
Non_Header/h74/NonHeader_h74_f000270_t4.500.txt,7,1,5,ball_larger_than_head
Non_Header/h74/NonHeader_h74_f000300_t5.000.txt,7,1,7,ball_larger_than_head
Non_Header/h74/NonHeader_h74_f000330_t5.500.txt,6,1,5,ball_larger_than_head
Non_Header/h74/NonHeader_h74_f000360_t6.000.txt,14,0,0,many_players_zero_heads
Non_Header/h74/NonHeader_h74_f000390_t6.500.txt,14,1,0,many_players_zero_heads
Non_Header/h74/NonHeader_h74_f000420_t7.000.txt,15,0,0,many_players_zero_heads
Non_Header/h74/NonHeader_h74_f000450_t7.500.txt,13,1,0,many_players_zero_heads
Non_Header/h74/NonHeader_h74_f000480_t8.000.txt,12,0,0,many_players_zero_heads
Non_Header/h74/NonHeader_h74_f000510_t8.500.txt,12,0,0,many_players_zero_heads
Non_Header/h75/NonHeader_h75_f000000_t0.000.txt,19,0,0,many_players_zero_heads
Non_Header/h75/NonHeader_h75_f000030_t0.500.txt,18,0,0,many_players_zero_heads
Non_Header/h75/NonHeader_h75_f000060_t1.000.txt,20,0,0,many_players_zero_heads
Non_Header/h75/NonHeader_h75_f000090_t1.500.txt,19,0,0,many_players_zero_heads
Non_Header/h75/NonHeader_h75_f000120_t2.000.txt,20,1,0,many_players_zero_heads
Non_Header/h75/NonHeader_h75_f000150_t2.500.txt,16,0,0,many_players_zero_heads
Non_Header/h75/NonHeader_h75_f000180_t3.000.txt,15,0,0,many_players_zero_heads
Non_Header/h75/NonHeader_h75_f000210_t3.500.txt,14,0,0,many_players_zero_heads
Non_Header/h75/NonHeader_h75_f000240_t4.000.txt,17,0,0,many_players_zero_heads
Non_Header/h75/NonHeader_h75_f000270_t4.500.txt,19,0,0,many_players_zero_heads
Non_Header/h75/NonHeader_h75_f000300_t5.000.txt,18,0,0,many_players_zero_heads
Non_Header/h75/NonHeader_h75_f000330_t5.500.txt,18,0,0,many_players_zero_heads
Non_Header/h75/NonHeader_h75_f000360_t6.000.txt,21,0,0,many_players_zero_heads
Non_Header/h75/NonHeader_h75_f000390_t6.500.txt,19,0,0,many_players_zero_heads
Non_Header/h75/NonHeader_h75_f000420_t7.000.txt,18,0,0,many_players_zero_heads
Non_Header/h75/NonHeader_h75_f000450_t7.500.txt,18,0,0,many_players_zero_heads
Non_Header/h75/NonHeader_h75_f000480_t8.000.txt,16,0,0,many_players_zero_heads
Non_Header/h75/NonHeader_h75_f000510_t8.500.txt,16,1,0,many_players_zero_heads
Non_Header/h76/NonHeader_h76_f000000_t0.000.txt,16,1,0,many_players_zero_heads
Non_Header/h76/NonHeader_h76_f000030_t0.500.txt,18,0,0,many_players_zero_heads
Non_Header/h76/NonHeader_h76_f000060_t1.000.txt,19,0,0,many_players_zero_heads
Non_Header/h76/NonHeader_h76_f000090_t1.500.txt,20,0,0,many_players_zero_heads
Non_Header/h76/NonHeader_h76_f000120_t2.000.txt,19,0,0,many_players_zero_heads
Non_Header/h76/NonHeader_h76_f000150_t2.500.txt,17,0,0,many_players_zero_heads
Non_Header/h76/NonHeader_h76_f000180_t3.000.txt,18,0,0,many_players_zero_heads
Non_Header/h76/NonHeader_h76_f000210_t3.500.txt,18,0,0,many_players_zero_heads
Non_Header/h76/NonHeader_h76_f000240_t4.000.txt,18,0,0,many_players_zero_heads
Non_Header/h76/NonHeader_h76_f000270_t4.500.txt,17,0,0,many_players_zero_heads
Non_Header/h76/NonHeader_h76_f000300_t5.000.txt,17,0,0,many_players_zero_heads
Non_Header/h76/NonHeader_h76_f000330_t5.500.txt,15,0,0,many_players_zero_heads
Non_Header/h76/NonHeader_h76_f000360_t6.000.txt,14,0,0,many_players_zero_heads
Non_Header/h76/NonHeader_h76_f000390_t6.500.txt,14,0,0,many_players_zero_heads
Non_Header/h76/NonHeader_h76_f000420_t7.000.txt,12,0,0,many_players_zero_heads
Non_Header/h76/NonHeader_h76_f000450_t7.500.txt,9,1,0,many_players_zero_heads
Non_Header/h77/NonHeader_h77_f000000_t0.000.txt,14,0,0,many_players_zero_heads
Non_Header/h77/NonHeader_h77_f000030_t0.500.txt,14,0,0,many_players_zero_heads
Non_Header/h77/NonHeader_h77_f000060_t1.000.txt,14,0,0,many_players_zero_heads
Non_Header/h77/NonHeader_h77_f000090_t1.500.txt,14,0,0,many_players_zero_heads
Non_Header/h77/NonHeader_h77_f000120_t2.000.txt,14,0,0,many_players_zero_heads
Non_Header/h77/NonHeader_h77_f000150_t2.500.txt,14,0,0,many_players_zero_heads
Non_Header/h77/NonHeader_h77_f000180_t3.000.txt,14,0,0,many_players_zero_heads
Non_Header/h77/NonHeader_h77_f000210_t3.500.txt,14,1,0,many_players_zero_heads
Non_Header/h77/NonHeader_h77_f000240_t4.000.txt,14,1,0,many_players_zero_heads
Non_Header/h77/NonHeader_h77_f000270_t4.500.txt,12,1,0,many_players_zero_heads
Non_Header/h77/NonHeader_h77_f000300_t5.000.txt,14,1,0,many_players_zero_heads
Non_Header/h77/NonHeader_h77_f000330_t5.500.txt,15,1,0,many_players_zero_heads
Non_Header/h77/NonHeader_h77_f000360_t6.000.txt,14,0,0,many_players_zero_heads
Non_Header/h77/NonHeader_h77_f000390_t6.500.txt,15,0,0,many_players_zero_heads
Non_Header/h77/NonHeader_h77_f000420_t7.000.txt,14,0,0,many_players_zero_heads
Non_Header/h77/NonHeader_h77_f000450_t7.500.txt,13,0,0,many_players_zero_heads
Non_Header/h77/NonHeader_h77_f000480_t8.000.txt,13,0,0,many_players_zero_heads
Non_Header/h77/NonHeader_h77_f000510_t8.500.txt,14,0,0,many_players_zero_heads
Non_Header/h78/NonHeader_h78_f000030_t0.500.txt,16,1,0,many_players_zero_heads
Non_Header/h78/NonHeader_h78_f000060_t1.000.txt,14,0,0,many_players_zero_heads
Non_Header/h78/NonHeader_h78_f000090_t1.500.txt,15,1,0,many_players_zero_heads
Non_Header/h78/NonHeader_h78_f000120_t2.000.txt,14,0,0,many_players_zero_heads
Non_Header/h78/NonHeader_h78_f000150_t2.500.txt,14,0,0,many_players_zero_heads
Non_Header/h78/NonHeader_h78_f000180_t3.000.txt,13,0,0,many_players_zero_heads
Non_Header/h78/NonHeader_h78_f000210_t3.500.txt,15,0,0,many_players_zero_heads
Non_Header/h78/NonHeader_h78_f000240_t4.000.txt,16,0,0,many_players_zero_heads
Non_Header/h78/NonHeader_h78_f000270_t4.500.txt,17,0,0,many_players_zero_heads
Non_Header/h78/NonHeader_h78_f000300_t5.000.txt,15,0,0,many_players_zero_heads
Non_Header/h78/NonHeader_h78_f000330_t5.500.txt,15,0,0,many_players_zero_heads
Non_Header/h78/NonHeader_h78_f000360_t6.000.txt,14,0,0,many_players_zero_heads
Non_Header/h78/NonHeader_h78_f000390_t6.500.txt,14,0,0,many_players_zero_heads
Non_Header/h78/NonHeader_h78_f000420_t7.000.txt,15,0,0,many_players_zero_heads
Non_Header/h78/NonHeader_h78_f000450_t7.500.txt,13,1,0,many_players_zero_heads
Non_Header/h78/NonHeader_h78_f000480_t8.000.txt,13,0,0,many_players_zero_heads
Non_Header/h78/NonHeader_h78_f000510_t8.500.txt,12,0,0,many_players_zero_heads
Non_Header/h79/NonHeader_h79_f000000_t0.000.txt,0,0,0,zero_players
Non_Header/h79/NonHeader_h79_f000060_t1.000.txt,11,0,0,many_players_zero_heads
Non_Header/h79/NonHeader_h79_f000090_t1.500.txt,10,0,0,many_players_zero_heads
Non_Header/h79/NonHeader_h79_f000120_t2.000.txt,9,1,0,many_players_zero_heads
Non_Header/h79/NonHeader_h79_f000150_t2.500.txt,9,1,0,many_players_zero_heads
Non_Header/h79/NonHeader_h79_f000180_t3.000.txt,8,1,0,many_players_zero_heads
Non_Header/h79/NonHeader_h79_f000210_t3.500.txt,9,1,0,many_players_zero_heads
Non_Header/h79/NonHeader_h79_f000270_t4.500.txt,10,1,0,many_players_zero_heads
Non_Header/h79/NonHeader_h79_f000300_t5.000.txt,11,0,0,many_players_zero_heads
Non_Header/h79/NonHeader_h79_f000360_t6.000.txt,12,0,0,many_players_zero_heads
Non_Header/h79/NonHeader_h79_f000420_t7.000.txt,13,0,0,many_players_zero_heads
Non_Header/h79/NonHeader_h79_f000450_t7.500.txt,14,0,0,many_players_zero_heads
Non_Header/h8/NonHeader_h8_f000030_t0.500.txt,4,0,0,many_players_zero_heads
Non_Header/h8/NonHeader_h8_f000060_t1.000.txt,3,1,0,many_players_zero_heads
Non_Header/h8/NonHeader_h8_f000090_t1.500.txt,3,1,0,many_players_zero_heads
Non_Header/h8/NonHeader_h8_f000120_t2.000.txt,4,1,0,many_players_zero_heads
Non_Header/h8/NonHeader_h8_f000150_t2.500.txt,5,1,1,ball_larger_than_head
Non_Header/h8/NonHeader_h8_f000300_t5.000.txt,9,0,0,many_players_zero_heads
Non_Header/h8/NonHeader_h8_f000330_t5.500.txt,9,0,0,many_players_zero_heads
Non_Header/h8/NonHeader_h8_f000390_t6.500.txt,11,1,0,many_players_zero_heads
Non_Header/h8/NonHeader_h8_f000420_t7.000.txt,14,0,0,many_players_zero_heads
Non_Header/h8/NonHeader_h8_f000450_t7.500.txt,13,1,0,many_players_zero_heads
Non_Header/h8/NonHeader_h8_f000480_t8.000.txt,14,1,0,many_players_zero_heads
Non_Header/h80/NonHeader_h80_f000000_t0.000.txt,17,1,0,many_players_zero_heads
Non_Header/h80/NonHeader_h80_f000030_t0.500.txt,16,1,0,many_players_zero_heads
Non_Header/h80/NonHeader_h80_f000060_t1.000.txt,12,1,0,many_players_zero_heads
Non_Header/h80/NonHeader_h80_f000090_t1.500.txt,10,0,0,many_players_zero_heads
Non_Header/h80/NonHeader_h80_f000120_t2.000.txt,9,1,0,many_players_zero_heads
Non_Header/h80/NonHeader_h80_f000150_t2.500.txt,8,1,0,many_players_zero_heads
Non_Header/h80/NonHeader_h80_f000210_t3.500.txt,3,1,2,ball_larger_than_head
Non_Header/h80/NonHeader_h80_f000240_t4.000.txt,4,1,2,ball_larger_than_head
Non_Header/h80/NonHeader_h80_f000300_t5.000.txt,3,1,2,ball_larger_than_head
Non_Header/h80/NonHeader_h80_f000330_t5.500.txt,2,1,2,ball_larger_than_head
Non_Header/h80/NonHeader_h80_f000420_t7.000.txt,8,1,4,ball_larger_than_head
Non_Header/h80/NonHeader_h80_f000450_t7.500.txt,13,0,0,many_players_zero_heads
Non_Header/h80/NonHeader_h80_f000480_t8.000.txt,13,0,0,many_players_zero_heads
Non_Header/h80/NonHeader_h80_f000510_t8.500.txt,14,0,0,many_players_zero_heads
Non_Header/h80/NonHeader_h80_f000540_t9.000.txt,14,0,0,many_players_zero_heads
Non_Header/h80/NonHeader_h80_f000570_t9.500.txt,15,1,0,many_players_zero_heads
Non_Header/h81/NonHeader_h81_f000060_t1.000.txt,16,0,0,many_players_zero_heads
Non_Header/h81/NonHeader_h81_f000090_t1.500.txt,16,0,0,many_players_zero_heads
Non_Header/h81/NonHeader_h81_f000120_t2.000.txt,18,0,0,many_players_zero_heads
Non_Header/h81/NonHeader_h81_f000150_t2.500.txt,17,0,0,many_players_zero_heads
Non_Header/h81/NonHeader_h81_f000180_t3.000.txt,10,1,0,many_players_zero_heads
Non_Header/h81/NonHeader_h81_f000210_t3.500.txt,11,1,0,many_players_zero_heads
Non_Header/h81/NonHeader_h81_f000240_t4.000.txt,10,0,0,many_players_zero_heads
Non_Header/h81/NonHeader_h81_f000270_t4.500.txt,9,0,0,many_players_zero_heads
Non_Header/h81/NonHeader_h81_f000300_t5.000.txt,10,0,0,many_players_zero_heads
Non_Header/h81/NonHeader_h81_f000330_t5.500.txt,10,0,0,many_players_zero_heads
Non_Header/h81/NonHeader_h81_f000360_t6.000.txt,10,0,0,many_players_zero_heads
Non_Header/h81/NonHeader_h81_f000390_t6.500.txt,10,0,0,many_players_zero_heads
Non_Header/h81/NonHeader_h81_f000420_t7.000.txt,14,0,0,many_players_zero_heads
Non_Header/h81/NonHeader_h81_f000450_t7.500.txt,15,0,0,many_players_zero_heads
Non_Header/h81/NonHeader_h81_f000480_t8.000.txt,13,0,0,many_players_zero_heads
Non_Header/h82/NonHeader_h82_f000000_t0.000.txt,0,0,0,zero_players
Non_Header/h82/NonHeader_h82_f000030_t0.500.txt,19,0,0,many_players_zero_heads
Non_Header/h82/NonHeader_h82_f000060_t1.000.txt,16,0,0,many_players_zero_heads
Non_Header/h82/NonHeader_h82_f000090_t1.500.txt,16,0,0,many_players_zero_heads
Non_Header/h82/NonHeader_h82_f000120_t2.000.txt,16,0,0,many_players_zero_heads
Non_Header/h82/NonHeader_h82_f000150_t2.500.txt,18,0,0,many_players_zero_heads
Non_Header/h82/NonHeader_h82_f000180_t3.000.txt,18,0,0,many_players_zero_heads
Non_Header/h82/NonHeader_h82_f000210_t3.500.txt,17,0,0,many_players_zero_heads
Non_Header/h82/NonHeader_h82_f000240_t4.000.txt,19,0,0,many_players_zero_heads
Non_Header/h82/NonHeader_h82_f000270_t4.500.txt,19,0,0,many_players_zero_heads
Non_Header/h82/NonHeader_h82_f000300_t5.000.txt,19,1,0,many_players_zero_heads
Non_Header/h82/NonHeader_h82_f000330_t5.500.txt,20,0,0,many_players_zero_heads
Non_Header/h82/NonHeader_h82_f000360_t6.000.txt,21,0,0,many_players_zero_heads
Non_Header/h82/NonHeader_h82_f000390_t6.500.txt,21,0,0,many_players_zero_heads
Non_Header/h82/NonHeader_h82_f000420_t7.000.txt,21,0,0,many_players_zero_heads
Non_Header/h82/NonHeader_h82_f000450_t7.500.txt,21,0,0,many_players_zero_heads
Non_Header/h82/NonHeader_h82_f000480_t8.000.txt,17,0,0,many_players_zero_heads
Non_Header/h82/NonHeader_h82_f000510_t8.500.txt,13,0,0,many_players_zero_heads
Non_Header/h83/NonHeader_h83_f000000_t0.000.txt,17,0,0,many_players_zero_heads
Non_Header/h83/NonHeader_h83_f000030_t0.500.txt,16,0,0,many_players_zero_heads
Non_Header/h83/NonHeader_h83_f000060_t1.000.txt,18,1,0,many_players_zero_heads
Non_Header/h83/NonHeader_h83_f000090_t1.500.txt,19,1,0,many_players_zero_heads
Non_Header/h83/NonHeader_h83_f000120_t2.000.txt,19,1,0,many_players_zero_heads
Non_Header/h83/NonHeader_h83_f000150_t2.500.txt,19,1,0,many_players_zero_heads
Non_Header/h83/NonHeader_h83_f000180_t3.000.txt,19,0,0,many_players_zero_heads
Non_Header/h83/NonHeader_h83_f000210_t3.500.txt,18,0,0,many_players_zero_heads
Non_Header/h83/NonHeader_h83_f000240_t4.000.txt,18,0,0,many_players_zero_heads
Non_Header/h83/NonHeader_h83_f000270_t4.500.txt,19,0,0,many_players_zero_heads
Non_Header/h83/NonHeader_h83_f000300_t5.000.txt,19,0,0,many_players_zero_heads
Non_Header/h83/NonHeader_h83_f000330_t5.500.txt,18,1,0,many_players_zero_heads
Non_Header/h83/NonHeader_h83_f000360_t6.000.txt,15,0,0,many_players_zero_heads
Non_Header/h83/NonHeader_h83_f000390_t6.500.txt,14,1,0,many_players_zero_heads
Non_Header/h84/NonHeader_h84_f000000_t0.000.txt,14,1,0,many_players_zero_heads
Non_Header/h84/NonHeader_h84_f000030_t0.500.txt,13,0,0,many_players_zero_heads
Non_Header/h84/NonHeader_h84_f000060_t1.000.txt,12,0,0,many_players_zero_heads
Non_Header/h84/NonHeader_h84_f000090_t1.500.txt,11,1,0,many_players_zero_heads
Non_Header/h84/NonHeader_h84_f000120_t2.000.txt,9,1,0,many_players_zero_heads
Non_Header/h84/NonHeader_h84_f000150_t2.500.txt,9,1,0,many_players_zero_heads
Non_Header/h84/NonHeader_h84_f000180_t3.000.txt,8,1,0,many_players_zero_heads
Non_Header/h84/NonHeader_h84_f000210_t3.500.txt,8,1,0,many_players_zero_heads
Non_Header/h84/NonHeader_h84_f000240_t4.000.txt,8,0,0,many_players_zero_heads
Non_Header/h84/NonHeader_h84_f000270_t4.500.txt,8,1,0,many_players_zero_heads
Non_Header/h84/NonHeader_h84_f000300_t5.000.txt,8,1,0,many_players_zero_heads
Non_Header/h84/NonHeader_h84_f000330_t5.500.txt,9,0,0,many_players_zero_heads
Non_Header/h84/NonHeader_h84_f000360_t6.000.txt,9,1,0,many_players_zero_heads
Non_Header/h84/NonHeader_h84_f000390_t6.500.txt,10,1,0,many_players_zero_heads
Non_Header/h84/NonHeader_h84_f000420_t7.000.txt,11,0,0,many_players_zero_heads
Non_Header/h84/NonHeader_h84_f000450_t7.500.txt,12,1,0,many_players_zero_heads
Non_Header/h84/NonHeader_h84_f000480_t8.000.txt,13,1,0,many_players_zero_heads
Non_Header/h85/NonHeader_h85_f000000_t0.000.txt,12,1,0,many_players_zero_heads
Non_Header/h85/NonHeader_h85_f000030_t0.500.txt,14,1,0,many_players_zero_heads
Non_Header/h85/NonHeader_h85_f000060_t1.000.txt,14,0,0,many_players_zero_heads
Non_Header/h85/NonHeader_h85_f000120_t2.000.txt,12,0,0,many_players_zero_heads
Non_Header/h85/NonHeader_h85_f000150_t2.500.txt,13,0,0,many_players_zero_heads
Non_Header/h85/NonHeader_h85_f000180_t3.000.txt,13,1,0,many_players_zero_heads
Non_Header/h85/NonHeader_h85_f000210_t3.500.txt,12,0,0,many_players_zero_heads
Non_Header/h85/NonHeader_h85_f000240_t4.000.txt,11,0,0,many_players_zero_heads
Non_Header/h85/NonHeader_h85_f000270_t4.500.txt,12,1,0,many_players_zero_heads
Non_Header/h85/NonHeader_h85_f000300_t5.000.txt,13,0,0,many_players_zero_heads
Non_Header/h85/NonHeader_h85_f000330_t5.500.txt,12,0,0,many_players_zero_heads
Non_Header/h85/NonHeader_h85_f000360_t6.000.txt,9,0,0,many_players_zero_heads
Non_Header/h85/NonHeader_h85_f000390_t6.500.txt,13,1,0,many_players_zero_heads
Non_Header/h86/NonHeader_h86_f000000_t0.000.txt,13,1,0,many_players_zero_heads
Non_Header/h86/NonHeader_h86_f000030_t0.500.txt,12,0,0,many_players_zero_heads
Non_Header/h86/NonHeader_h86_f000090_t1.500.txt,11,0,0,many_players_zero_heads
Non_Header/h86/NonHeader_h86_f000330_t5.500.txt,9,1,0,many_players_zero_heads
Non_Header/h86/NonHeader_h86_f000360_t6.000.txt,5,0,0,many_players_zero_heads
Non_Header/h86/NonHeader_h86_f000390_t6.500.txt,4,1,0,many_players_zero_heads
Non_Header/h86/NonHeader_h86_f000420_t7.000.txt,3,1,0,many_players_zero_heads
Non_Header/h86/NonHeader_h86_f000450_t7.500.txt,4,1,0,many_players_zero_heads
Non_Header/h86/NonHeader_h86_f000480_t8.000.txt,4,1,0,many_players_zero_heads
Non_Header/h86/NonHeader_h86_f000510_t8.500.txt,4,0,0,many_players_zero_heads
Non_Header/h87/NonHeader_h87_f000090_t1.500.txt,10,1,0,many_players_zero_heads
Non_Header/h87/NonHeader_h87_f000120_t2.000.txt,10,0,0,many_players_zero_heads
Non_Header/h87/NonHeader_h87_f000150_t2.500.txt,9,1,0,many_players_zero_heads
Non_Header/h87/NonHeader_h87_f000360_t6.000.txt,2,1,2,ball_larger_than_head
Non_Header/h87/NonHeader_h87_f000420_t7.000.txt,8,1,0,many_players_zero_heads
Non_Header/h87/NonHeader_h87_f000450_t7.500.txt,12,1,0,many_players_zero_heads
Non_Header/h87/NonHeader_h87_f000480_t8.000.txt,10,1,0,many_players_zero_heads
Non_Header/h88/NonHeader_h88_f000120_t2.000.txt,13,1,0,many_players_zero_heads
Non_Header/h88/NonHeader_h88_f000150_t2.500.txt,14,0,0,many_players_zero_heads
Non_Header/h89/NonHeader_h89_f000180_t3.000.txt,12,1,0,many_players_zero_heads
Non_Header/h89/NonHeader_h89_f000240_t4.000.txt,10,0,0,many_players_zero_heads
Non_Header/h89/NonHeader_h89_f000270_t4.500.txt,10,0,0,many_players_zero_heads
Non_Header/h89/NonHeader_h89_f000300_t5.000.txt,9,0,0,many_players_zero_heads
Non_Header/h89/NonHeader_h89_f000330_t5.500.txt,10,0,0,many_players_zero_heads
Non_Header/h89/NonHeader_h89_f000360_t6.000.txt,11,0,0,many_players_zero_heads
Non_Header/h89/NonHeader_h89_f000390_t6.500.txt,8,0,0,many_players_zero_heads
Non_Header/h89/NonHeader_h89_f000420_t7.000.txt,8,0,0,many_players_zero_heads
Non_Header/h89/NonHeader_h89_f000450_t7.500.txt,8,1,0,many_players_zero_heads
Non_Header/h89/NonHeader_h89_f000480_t8.000.txt,10,0,0,many_players_zero_heads
Non_Header/h89/NonHeader_h89_f000510_t8.500.txt,9,1,0,many_players_zero_heads
Non_Header/h9/NonHeader_h9_f000000_t0.000.txt,15,1,0,many_players_zero_heads
Non_Header/h9/NonHeader_h9_f000030_t0.500.txt,16,0,0,many_players_zero_heads
Non_Header/h9/NonHeader_h9_f000060_t1.000.txt,15,1,0,many_players_zero_heads
Non_Header/h9/NonHeader_h9_f000090_t1.500.txt,15,0,0,many_players_zero_heads
Non_Header/h9/NonHeader_h9_f000120_t2.000.txt,15,0,0,many_players_zero_heads
Non_Header/h9/NonHeader_h9_f000150_t2.500.txt,14,0,0,many_players_zero_heads
Non_Header/h9/NonHeader_h9_f000180_t3.000.txt,15,1,0,many_players_zero_heads
Non_Header/h9/NonHeader_h9_f000210_t3.500.txt,16,1,0,many_players_zero_heads
Non_Header/h9/NonHeader_h9_f000240_t4.000.txt,16,0,0,many_players_zero_heads
Non_Header/h9/NonHeader_h9_f000270_t4.500.txt,15,0,0,many_players_zero_heads
Non_Header/h9/NonHeader_h9_f000300_t5.000.txt,16,0,0,many_players_zero_heads
Non_Header/h9/NonHeader_h9_f000330_t5.500.txt,16,0,0,many_players_zero_heads
Non_Header/h9/NonHeader_h9_f000360_t6.000.txt,14,0,0,many_players_zero_heads
Non_Header/h90/NonHeader_h90_f000000_t0.000.txt,9,1,0,many_players_zero_heads
Non_Header/h90/NonHeader_h90_f000030_t0.500.txt,12,1,1,ball_larger_than_head
Non_Header/h90/NonHeader_h90_f000060_t1.000.txt,15,1,0,many_players_zero_heads
Non_Header/h90/NonHeader_h90_f000330_t5.500.txt,12,0,0,many_players_zero_heads
Non_Header/h90/NonHeader_h90_f000420_t7.000.txt,9,0,0,many_players_zero_heads
Non_Header/h90/NonHeader_h90_f000480_t8.000.txt,10,1,0,many_players_zero_heads
Non_Header/h90/NonHeader_h90_f000510_t8.500.txt,12,0,0,many_players_zero_heads
Non_Header/h90/NonHeader_h90_f000540_t9.000.txt,13,0,0,many_players_zero_heads
Non_Header/h91/NonHeader_h91_f000000_t0.000.txt,11,0,0,many_players_zero_heads
Non_Header/h91/NonHeader_h91_f000030_t0.500.txt,10,1,0,many_players_zero_heads
Non_Header/h91/NonHeader_h91_f000060_t1.000.txt,9,1,0,many_players_zero_heads
Non_Header/h91/NonHeader_h91_f000090_t1.500.txt,8,1,0,many_players_zero_heads
Non_Header/h91/NonHeader_h91_f000120_t2.000.txt,8,0,0,many_players_zero_heads
Non_Header/h91/NonHeader_h91_f000150_t2.500.txt,4,1,2,ball_larger_than_head
Non_Header/h91/NonHeader_h91_f000180_t3.000.txt,6,1,2,ball_larger_than_head
Non_Header/h91/NonHeader_h91_f000210_t3.500.txt,5,1,3,ball_larger_than_head
Non_Header/h91/NonHeader_h91_f000390_t6.500.txt,11,1,1,ball_larger_than_head
Non_Header/h91/NonHeader_h91_f000420_t7.000.txt,9,1,0,many_players_zero_heads
Non_Header/h91/NonHeader_h91_f000450_t7.500.txt,9,0,0,many_players_zero_heads
Non_Header/h91/NonHeader_h91_f000480_t8.000.txt,9,0,0,many_players_zero_heads
Non_Header/h91/NonHeader_h91_f000510_t8.500.txt,10,1,0,many_players_zero_heads
Non_Header/h92/NonHeader_h92_f000000_t0.000.txt,19,0,0,many_players_zero_heads
Non_Header/h92/NonHeader_h92_f000030_t0.500.txt,19,0,0,many_players_zero_heads
Non_Header/h92/NonHeader_h92_f000060_t1.000.txt,19,1,0,many_players_zero_heads
Non_Header/h92/NonHeader_h92_f000090_t1.500.txt,16,1,0,many_players_zero_heads
Non_Header/h92/NonHeader_h92_f000120_t2.000.txt,17,0,0,many_players_zero_heads
Non_Header/h92/NonHeader_h92_f000150_t2.500.txt,16,0,0,many_players_zero_heads
Non_Header/h92/NonHeader_h92_f000180_t3.000.txt,15,1,0,many_players_zero_heads
Non_Header/h92/NonHeader_h92_f000330_t5.500.txt,13,0,0,many_players_zero_heads
Non_Header/h92/NonHeader_h92_f000360_t6.000.txt,12,0,0,many_players_zero_heads
Non_Header/h92/NonHeader_h92_f000390_t6.500.txt,13,0,0,many_players_zero_heads
Non_Header/h92/NonHeader_h92_f000420_t7.000.txt,12,0,0,many_players_zero_heads
Non_Header/h92/NonHeader_h92_f000450_t7.500.txt,16,0,0,many_players_zero_heads
Non_Header/h92/NonHeader_h92_f000480_t8.000.txt,17,0,0,many_players_zero_heads
Non_Header/h92/NonHeader_h92_f000510_t8.500.txt,17,1,0,many_players_zero_heads
Non_Header/h93/NonHeader_h93_f000000_t0.000.txt,17,1,0,many_players_zero_heads
Non_Header/h93/NonHeader_h93_f000030_t0.500.txt,15,1,0,many_players_zero_heads
Non_Header/h93/NonHeader_h93_f000060_t1.000.txt,14,0,0,many_players_zero_heads
Non_Header/h93/NonHeader_h93_f000090_t1.500.txt,16,0,0,many_players_zero_heads
Non_Header/h93/NonHeader_h93_f000120_t2.000.txt,16,0,0,many_players_zero_heads
Non_Header/h93/NonHeader_h93_f000150_t2.500.txt,16,0,0,many_players_zero_heads
Non_Header/h93/NonHeader_h93_f000180_t3.000.txt,16,1,0,many_players_zero_heads
Non_Header/h93/NonHeader_h93_f000210_t3.500.txt,16,0,0,many_players_zero_heads
Non_Header/h93/NonHeader_h93_f000240_t4.000.txt,17,0,0,many_players_zero_heads
Non_Header/h93/NonHeader_h93_f000270_t4.500.txt,15,0,0,many_players_zero_heads
Non_Header/h93/NonHeader_h93_f000300_t5.000.txt,16,0,0,many_players_zero_heads
Non_Header/h93/NonHeader_h93_f000330_t5.500.txt,16,1,0,many_players_zero_heads
Non_Header/h93/NonHeader_h93_f000390_t6.500.txt,13,0,0,many_players_zero_heads
Non_Header/h93/NonHeader_h93_f000450_t7.500.txt,16,0,0,many_players_zero_heads
Non_Header/h93/NonHeader_h93_f000480_t8.000.txt,17,1,0,many_players_zero_heads
Non_Header/h93/NonHeader_h93_f000510_t8.500.txt,19,1,0,many_players_zero_heads
Non_Header/h93/NonHeader_h93_f000540_t9.000.txt,17,0,0,many_players_zero_heads
Non_Header/h93/NonHeader_h93_f000570_t9.500.txt,14,1,0,many_players_zero_heads
Non_Header/h93/NonHeader_h93_f000600_t10.000.txt,17,0,0,many_players_zero_heads
Non_Header/h93/NonHeader_h93_f000630_t10.500.txt,15,1,0,many_players_zero_heads
Non_Header/h94/NonHeader_h94_f000000_t0.000.txt,19,0,0,many_players_zero_heads
Non_Header/h94/NonHeader_h94_f000030_t0.500.txt,17,0,0,many_players_zero_heads
Non_Header/h94/NonHeader_h94_f000060_t1.000.txt,17,0,0,many_players_zero_heads
Non_Header/h94/NonHeader_h94_f000090_t1.500.txt,18,0,0,many_players_zero_heads
Non_Header/h94/NonHeader_h94_f000120_t2.000.txt,16,0,0,many_players_zero_heads
Non_Header/h94/NonHeader_h94_f000150_t2.500.txt,16,0,0,many_players_zero_heads
Non_Header/h94/NonHeader_h94_f000180_t3.000.txt,16,0,0,many_players_zero_heads
Non_Header/h94/NonHeader_h94_f000210_t3.500.txt,16,0,0,many_players_zero_heads
Non_Header/h94/NonHeader_h94_f000240_t4.000.txt,16,0,0,many_players_zero_heads
Non_Header/h94/NonHeader_h94_f000270_t4.500.txt,16,0,0,many_players_zero_heads
Non_Header/h94/NonHeader_h94_f000300_t5.000.txt,16,1,0,many_players_zero_heads
Non_Header/h94/NonHeader_h94_f000330_t5.500.txt,17,1,0,many_players_zero_heads
Non_Header/h94/NonHeader_h94_f000360_t6.000.txt,21,0,0,many_players_zero_heads
Non_Header/h94/NonHeader_h94_f000390_t6.500.txt,19,0,0,many_players_zero_heads
Non_Header/h94/NonHeader_h94_f000420_t7.000.txt,20,0,0,many_players_zero_heads
Non_Header/h94/NonHeader_h94_f000450_t7.500.txt,19,0,0,many_players_zero_heads
Non_Header/h95/NonHeader_h95_f000000_t0.000.txt,17,1,0,many_players_zero_heads
Non_Header/h95/NonHeader_h95_f000030_t0.500.txt,17,0,0,many_players_zero_heads
Non_Header/h95/NonHeader_h95_f000060_t1.000.txt,15,0,0,many_players_zero_heads
Non_Header/h95/NonHeader_h95_f000090_t1.500.txt,17,0,0,many_players_zero_heads
Non_Header/h95/NonHeader_h95_f000120_t2.000.txt,18,0,0,many_players_zero_heads
Non_Header/h95/NonHeader_h95_f000150_t2.500.txt,15,0,0,many_players_zero_heads
Non_Header/h95/NonHeader_h95_f000180_t3.000.txt,16,1,0,many_players_zero_heads
Non_Header/h95/NonHeader_h95_f000240_t4.000.txt,13,1,0,many_players_zero_heads
Non_Header/h95/NonHeader_h95_f000270_t4.500.txt,12,1,0,many_players_zero_heads
Non_Header/h95/NonHeader_h95_f000330_t5.500.txt,15,1,0,many_players_zero_heads
Non_Header/h95/NonHeader_h95_f000360_t6.000.txt,13,1,0,many_players_zero_heads
Non_Header/h95/NonHeader_h95_f000390_t6.500.txt,14,1,0,many_players_zero_heads
Non_Header/h95/NonHeader_h95_f000450_t7.500.txt,14,0,0,many_players_zero_heads
Non_Header/h96/NonHeader_h96_f000000_t0.000.txt,17,1,0,many_players_zero_heads
Non_Header/h96/NonHeader_h96_f000030_t0.500.txt,17,0,0,many_players_zero_heads
Non_Header/h96/NonHeader_h96_f000060_t1.000.txt,15,0,0,many_players_zero_heads
Non_Header/h96/NonHeader_h96_f000090_t1.500.txt,17,0,0,many_players_zero_heads
Non_Header/h96/NonHeader_h96_f000120_t2.000.txt,18,0,0,many_players_zero_heads
Non_Header/h96/NonHeader_h96_f000150_t2.500.txt,15,0,0,many_players_zero_heads
Non_Header/h96/NonHeader_h96_f000180_t3.000.txt,16,1,0,many_players_zero_heads
Non_Header/h96/NonHeader_h96_f000240_t4.000.txt,13,1,0,many_players_zero_heads
Non_Header/h96/NonHeader_h96_f000270_t4.500.txt,12,1,0,many_players_zero_heads
Non_Header/h96/NonHeader_h96_f000330_t5.500.txt,15,1,0,many_players_zero_heads
Non_Header/h96/NonHeader_h96_f000360_t6.000.txt,13,1,0,many_players_zero_heads
Non_Header/h96/NonHeader_h96_f000390_t6.500.txt,14,1,0,many_players_zero_heads
Non_Header/h96/NonHeader_h96_f000450_t7.500.txt,14,0,0,many_players_zero_heads
Non_Header/h97/NonHeader_h97_f000000_t0.000.txt,13,1,0,many_players_zero_heads
Non_Header/h97/NonHeader_h97_f000030_t0.500.txt,13,0,0,many_players_zero_heads
Non_Header/h97/NonHeader_h97_f000180_t3.000.txt,10,0,0,many_players_zero_heads
Non_Header/h97/NonHeader_h97_f000210_t3.500.txt,12,0,0,many_players_zero_heads
Non_Header/h97/NonHeader_h97_f000240_t4.000.txt,10,0,0,many_players_zero_heads
Non_Header/h97/NonHeader_h97_f000270_t4.500.txt,12,1,0,many_players_zero_heads
Non_Header/h97/NonHeader_h97_f000300_t5.000.txt,12,0,0,many_players_zero_heads
Non_Header/h97/NonHeader_h97_f000330_t5.500.txt,12,0,0,many_players_zero_heads
Non_Header/h97/NonHeader_h97_f000360_t6.000.txt,12,1,0,many_players_zero_heads
Non_Header/h97/NonHeader_h97_f000390_t6.500.txt,11,0,0,many_players_zero_heads
Non_Header/h98/NonHeader_h98_f000000_t0.000.txt,9,0,0,many_players_zero_heads
Non_Header/h98/NonHeader_h98_f000030_t0.500.txt,8,0,0,many_players_zero_heads
Non_Header/h98/NonHeader_h98_f000060_t1.000.txt,8,0,0,many_players_zero_heads
Non_Header/h98/NonHeader_h98_f000090_t1.500.txt,8,0,0,many_players_zero_heads
Non_Header/h98/NonHeader_h98_f000120_t2.000.txt,8,0,0,many_players_zero_heads
Non_Header/h98/NonHeader_h98_f000150_t2.500.txt,8,0,0,many_players_zero_heads
Non_Header/h98/NonHeader_h98_f000180_t3.000.txt,8,0,0,many_players_zero_heads
Non_Header/h98/NonHeader_h98_f000210_t3.500.txt,8,0,0,many_players_zero_heads
Non_Header/h98/NonHeader_h98_f000240_t4.000.txt,8,0,0,many_players_zero_heads
Non_Header/h98/NonHeader_h98_f000270_t4.500.txt,8,0,0,many_players_zero_heads
Non_Header/h98/NonHeader_h98_f000300_t5.000.txt,8,1,0,many_players_zero_heads
Non_Header/h98/NonHeader_h98_f000330_t5.500.txt,8,1,0,many_players_zero_heads
Non_Header/h98/NonHeader_h98_f000360_t6.000.txt,7,0,0,many_players_zero_heads
Non_Header/h98/NonHeader_h98_f000390_t6.500.txt,7,1,0,many_players_zero_heads
Non_Header/h98/NonHeader_h98_f000420_t7.000.txt,7,1,0,many_players_zero_heads
Non_Header/h99/NonHeader_h99_f000000_t0.000.txt,22,0,0,many_players_zero_heads
Non_Header/h99/NonHeader_h99_f000030_t0.500.txt,21,0,0,many_players_zero_heads
Non_Header/h99/NonHeader_h99_f000060_t1.000.txt,20,0,0,many_players_zero_heads
Non_Header/h99/NonHeader_h99_f000090_t1.500.txt,19,0,0,many_players_zero_heads
Non_Header/h99/NonHeader_h99_f000120_t2.000.txt,18,0,0,many_players_zero_heads
Non_Header/h99/NonHeader_h99_f000150_t2.500.txt,19,0,0,many_players_zero_heads
Non_Header/h99/NonHeader_h99_f000180_t3.000.txt,19,0,0,many_players_zero_heads
Non_Header/h99/NonHeader_h99_f000210_t3.500.txt,18,0,0,many_players_zero_heads
Non_Header/h99/NonHeader_h99_f000240_t4.000.txt,17,0,0,many_players_zero_heads
Non_Header/h99/NonHeader_h99_f000270_t4.500.txt,17,0,0,many_players_zero_heads
Non_Header/h99/NonHeader_h99_f000300_t5.000.txt,15,0,0,many_players_zero_heads
Non_Header/h99/NonHeader_h99_f000330_t5.500.txt,15,0,0,many_players_zero_heads
Non_Header/h99/NonHeader_h99_f000360_t6.000.txt,15,1,0,many_players_zero_heads
Non_Header/h99/NonHeader_h99_f000390_t6.500.txt,14,0,0,many_players_zero_heads
Non_Header/h99/NonHeader_h99_f000420_t7.000.txt,16,1,0,many_players_zero_heads
Non_Header/h99/NonHeader_h99_f000450_t7.500.txt,17,0,0,many_players_zero_heads
